<?xml version="1.0" encoding="UTF-8"?>
<beans xmlns="http://www.springframework.org/schema/beans"
	xmlns:xsi="http://www.w3.org/2001/XMLSchema-instance"
	xsi:schemaLocation="
	http://www.springframework.org/schema/beans http://www.springframework.org/schema/beans/spring-beans-2.5.xsd">
	<bean id="dataSource" class="org.springframework.jdbc.datasource.DriverManagerDataSource">
		<property name="driverClassName" value="com.mysql.jdbc.Driver" />
		<property name="url"	value="jdbc:mysql://localhost:3306/cms?characterEncoding=utf8" />
		<property name="username" value="root" />
		<property name="password" value="0254891276" />
	</bean>

	
	<bean id="actionTableMetaDAO" class="com.lanecrawford.cms.actiontablemeta.ActionTableMetaJDBCTemplateDAO">
		<property name="dataSource" ref="dataSource" />
		<property name="columnMetaDAO" ref="columnMetaDAO" />
	</bean>	
	
	<bean id="service" class="com.lanecrawford.cms.actiontablemeta.ActionTableServiceImpl">
		<property name="actionTableMetaDAO" ref="actionTableMetaDAO" />
		
	</bean>	
	
	<bean id="columnMetaDAO" class="com.lanecrawford.cms.columnmeta.ColumnMetaJDBCTemplateDAO">
		<property name="dataSource" ref="dataSource" />
 		<property name="actionTableMetaDAO" ref="actionTableMetaDAO" />
	</bean>	
	



</beans>




