<?xml version="1.0" encoding="UTF-8"?>
<beans xmlns="http://www.springframework.org/schema/beans"
	xmlns:xsi="http://www.w3.org/2001/XMLSchema-instance"
	xsi:schemaLocation="
	http://www.springframework.org/schema/beans http://www.springframework.org/schema/beans/spring-beans-2.5.xsd">

	<bean id="navi" class="com.terapico.caf.NavigationService"></bean>
	
	<!-- 
	
	<bean id="organization" class="organization.OrganizationSerivce"></bean>
	
	<bean id="tool" class="test.ServiceBeanTest"></bean>
	<bean id="finance" class="test.FinacialService"></bean>
	
	<bean id="auth" class="com.terapico.caf.AuthencationService"></bean>
	
	<bean id="privilege" class="privilege.PrivilegeService">
		<property name="userDAO" ref="userDAO" />
	</bean>
	<bean id="userDAO" class="privilege.UserDAOJDBCTemplateImpl">
		<property name="dataSource" ref="dataSource" />
	</bean>
	
	 -->
	


	


</beans>

