drop database  if exists b2b;
create database b2b;
use b2b;

drop table  if exists buyer_company_data;
create table buyer_company_data (
	id	  	varchar(48) not null,
	name	  	varchar(24),
	price_list	  	varchar(24),
	version	  	int,
	primary key(id)
) ENGINE=InnoDB DEFAULT CHARSET=utf8;
insert into buyer_company_data values
('BC000001','Aaxis - 2300','price99002301','1'),
('BC000002','Aaxis - 2302','price99002303','1'),
('BC000003','Aaxis - 2304','price99002305','1'),
('BC000004','Aaxis - 2306','price99002307','1'),
('BC000005','Aaxis - 2308','price99002309','1'),
('BC000006','Aaxis - 2310','price99002311','1'),
('BC000007','Aaxis - 2312','price99002313','1'),
('BC000008','Aaxis - 2314','price99002315','1'),
('BC000009','Aaxis - 2316','price99002317','1'),
('BC000010','Aaxis - 2318','price99002319','1'),
('BC000011','Aaxis - 2320','price99002321','1'),
('BC000012','Aaxis - 2322','price99002323','1'),
('BC000013','Aaxis - 2324','price99002325','1'),
('BC000014','Aaxis - 2326','price99002327','1'),
('BC000015','Aaxis - 2328','price99002329','1'),
('BC000016','Aaxis - 2330','price99002331','1'),
('BC000017','Aaxis - 2332','price99002333','1'),
('BC000018','Aaxis - 2334','price99002335','1'),
('BC000019','Aaxis - 2336','price99002337','1'),
('BC000020','Aaxis - 2338','price99002339','1'),
('BC000021','Aaxis - 2340','price99002341','1'),
('BC000022','Aaxis - 2342','price99002343','1'),
('BC000023','Aaxis - 2344','price99002345','1'),
('BC000024','Aaxis - 2346','price99002347','1'),
('BC000025','Aaxis - 2348','price99002349','1'),
('BC000026','Aaxis - 2350','price99002351','1'),
('BC000027','Aaxis - 2352','price99002353','1'),
('BC000028','Aaxis - 2354','price99002355','1'),
('BC000029','Aaxis - 2356','price99002357','1'),
('BC000030','Aaxis - 2358','price99002359','1'),
('BC000031','Aaxis - 2360','price99002361','1'),
('BC000032','Aaxis - 2362','price99002363','1'),
('BC000033','Aaxis - 2364','price99002365','1'),
('BC000034','Aaxis - 2366','price99002367','1'),
('BC000035','Aaxis - 2368','price99002369','1'),
('BC000036','Aaxis - 2370','price99002371','1'),
('BC000037','Aaxis - 2372','price99002373','1'),
('BC000038','Aaxis - 2374','price99002375','1'),
('BC000039','Aaxis - 2376','price99002377','1'),
('BC000040','Aaxis - 2378','price99002379','1'),
('BC000041','Aaxis - 2380','price99002381','1'),
('BC000042','Aaxis - 2382','price99002383','1'),
('BC000043','Aaxis - 2384','price99002385','1'),
('BC000044','Aaxis - 2386','price99002387','1'),
('BC000045','Aaxis - 2388','price99002389','1'),
('BC000046','Aaxis - 2390','price99002391','1'),
('BC000047','Aaxis - 2392','price99002393','1'),
('BC000048','Aaxis - 2394','price99002395','1'),
('BC000049','Aaxis - 2396','price99002397','1'),
('BC000050','Aaxis - 2398','price99002399','1'),
('BC000051','Aaxis - 2400','price99002401','1'),
('BC000052','Aaxis - 2402','price99002403','1'),
('BC000053','Aaxis - 2404','price99002405','1'),
('BC000054','Aaxis - 2406','price99002407','1'),
('BC000055','Aaxis - 2408','price99002409','1'),
('BC000056','Aaxis - 2410','price99002411','1'),
('BC000057','Aaxis - 2412','price99002413','1'),
('BC000058','Aaxis - 2414','price99002415','1'),
('BC000059','Aaxis - 2416','price99002417','1'),
('BC000060','Aaxis - 2418','price99002419','1'),
('BC000061','Aaxis - 2420','price99002421','1'),
('BC000062','Aaxis - 2422','price99002423','1'),
('BC000063','Aaxis - 2424','price99002425','1'),
('BC000064','Aaxis - 2426','price99002427','1'),
('BC000065','Aaxis - 2428','price99002429','1'),
('BC000066','Aaxis - 2430','price99002431','1'),
('BC000067','Aaxis - 2432','price99002433','1'),
('BC000068','Aaxis - 2434','price99002435','1'),
('BC000069','Aaxis - 2436','price99002437','1'),
('BC000070','Aaxis - 2438','price99002439','1'),
('BC000071','Aaxis - 2440','price99002441','1'),
('BC000072','Aaxis - 2442','price99002443','1'),
('BC000073','Aaxis - 2444','price99002445','1'),
('BC000074','Aaxis - 2446','price99002447','1'),
('BC000075','Aaxis - 2448','price99002449','1'),
('BC000076','Aaxis - 2450','price99002451','1'),
('BC000077','Aaxis - 2452','price99002453','1'),
('BC000078','Aaxis - 2454','price99002455','1'),
('BC000079','Aaxis - 2456','price99002457','1'),
('BC000080','Aaxis - 2458','price99002459','1'),
('BC000081','Aaxis - 2460','price99002461','1'),
('BC000082','Aaxis - 2462','price99002463','1'),
('BC000083','Aaxis - 2464','price99002465','1'),
('BC000084','Aaxis - 2466','price99002467','1'),
('BC000085','Aaxis - 2468','price99002469','1'),
('BC000086','Aaxis - 2470','price99002471','1'),
('BC000087','Aaxis - 2472','price99002473','1'),
('BC000088','Aaxis - 2474','price99002475','1'),
('BC000089','Aaxis - 2476','price99002477','1'),
('BC000090','Aaxis - 2478','price99002479','1'),
('BC000091','Aaxis - 2480','price99002481','1'),
('BC000092','Aaxis - 2482','price99002483','1'),
('BC000093','Aaxis - 2484','price99002485','1'),
('BC000094','Aaxis - 2486','price99002487','1'),
('BC000095','Aaxis - 2488','price99002489','1'),
('BC000096','Aaxis - 2490','price99002491','1'),
('BC000097','Aaxis - 2492','price99002493','1'),
('BC000098','Aaxis - 2494','price99002495','1'),
('BC000099','Aaxis - 2496','price99002497','1'),
('BC000100','Aaxis - 2498','price99002499','1');
drop table  if exists seller_company_data;
create table seller_company_data (
	id	  	varchar(48) not null,
	name	  	varchar(24),
	version	  	int,
	primary key(id)
) ENGINE=InnoDB DEFAULT CHARSET=utf8;
insert into seller_company_data values
('SC000001','Snake Co. 2500','1'),
('SC000002','Snake Co. 2501','1'),
('SC000003','Snake Co. 2502','1'),
('SC000004','Snake Co. 2503','1'),
('SC000005','Snake Co. 2504','1'),
('SC000006','Snake Co. 2505','1'),
('SC000007','Snake Co. 2506','1'),
('SC000008','Snake Co. 2507','1'),
('SC000009','Snake Co. 2508','1'),
('SC000010','Snake Co. 2509','1'),
('SC000011','Snake Co. 2510','1'),
('SC000012','Snake Co. 2511','1'),
('SC000013','Snake Co. 2512','1'),
('SC000014','Snake Co. 2513','1'),
('SC000015','Snake Co. 2514','1'),
('SC000016','Snake Co. 2515','1'),
('SC000017','Snake Co. 2516','1'),
('SC000018','Snake Co. 2517','1'),
('SC000019','Snake Co. 2518','1'),
('SC000020','Snake Co. 2519','1'),
('SC000021','Snake Co. 2520','1'),
('SC000022','Snake Co. 2521','1'),
('SC000023','Snake Co. 2522','1'),
('SC000024','Snake Co. 2523','1'),
('SC000025','Snake Co. 2524','1'),
('SC000026','Snake Co. 2525','1'),
('SC000027','Snake Co. 2526','1'),
('SC000028','Snake Co. 2527','1'),
('SC000029','Snake Co. 2528','1'),
('SC000030','Snake Co. 2529','1'),
('SC000031','Snake Co. 2530','1'),
('SC000032','Snake Co. 2531','1'),
('SC000033','Snake Co. 2532','1'),
('SC000034','Snake Co. 2533','1'),
('SC000035','Snake Co. 2534','1'),
('SC000036','Snake Co. 2535','1'),
('SC000037','Snake Co. 2536','1'),
('SC000038','Snake Co. 2537','1'),
('SC000039','Snake Co. 2538','1'),
('SC000040','Snake Co. 2539','1'),
('SC000041','Snake Co. 2540','1'),
('SC000042','Snake Co. 2541','1'),
('SC000043','Snake Co. 2542','1'),
('SC000044','Snake Co. 2543','1'),
('SC000045','Snake Co. 2544','1'),
('SC000046','Snake Co. 2545','1'),
('SC000047','Snake Co. 2546','1'),
('SC000048','Snake Co. 2547','1'),
('SC000049','Snake Co. 2548','1'),
('SC000050','Snake Co. 2549','1'),
('SC000051','Snake Co. 2550','1'),
('SC000052','Snake Co. 2551','1'),
('SC000053','Snake Co. 2552','1'),
('SC000054','Snake Co. 2553','1'),
('SC000055','Snake Co. 2554','1'),
('SC000056','Snake Co. 2555','1'),
('SC000057','Snake Co. 2556','1'),
('SC000058','Snake Co. 2557','1'),
('SC000059','Snake Co. 2558','1'),
('SC000060','Snake Co. 2559','1'),
('SC000061','Snake Co. 2560','1'),
('SC000062','Snake Co. 2561','1'),
('SC000063','Snake Co. 2562','1'),
('SC000064','Snake Co. 2563','1'),
('SC000065','Snake Co. 2564','1'),
('SC000066','Snake Co. 2565','1'),
('SC000067','Snake Co. 2566','1'),
('SC000068','Snake Co. 2567','1'),
('SC000069','Snake Co. 2568','1'),
('SC000070','Snake Co. 2569','1'),
('SC000071','Snake Co. 2570','1'),
('SC000072','Snake Co. 2571','1'),
('SC000073','Snake Co. 2572','1'),
('SC000074','Snake Co. 2573','1'),
('SC000075','Snake Co. 2574','1'),
('SC000076','Snake Co. 2575','1'),
('SC000077','Snake Co. 2576','1'),
('SC000078','Snake Co. 2577','1'),
('SC000079','Snake Co. 2578','1'),
('SC000080','Snake Co. 2579','1'),
('SC000081','Snake Co. 2580','1'),
('SC000082','Snake Co. 2581','1'),
('SC000083','Snake Co. 2582','1'),
('SC000084','Snake Co. 2583','1'),
('SC000085','Snake Co. 2584','1'),
('SC000086','Snake Co. 2585','1'),
('SC000087','Snake Co. 2586','1'),
('SC000088','Snake Co. 2587','1'),
('SC000089','Snake Co. 2588','1'),
('SC000090','Snake Co. 2589','1'),
('SC000091','Snake Co. 2590','1'),
('SC000092','Snake Co. 2591','1'),
('SC000093','Snake Co. 2592','1'),
('SC000094','Snake Co. 2593','1'),
('SC000095','Snake Co. 2594','1'),
('SC000096','Snake Co. 2595','1'),
('SC000097','Snake Co. 2596','1'),
('SC000098','Snake Co. 2597','1'),
('SC000099','Snake Co. 2598','1'),
('SC000100','Snake Co. 2599','1');
drop table  if exists shipping_address_data;
create table shipping_address_data (
	id	  	varchar(48) not null,
	line1	  	varchar(56),
	line2	  	varchar(32),
	city	  	varchar(32),
	state	  	varchar(8),
	country	  	varchar(8),
	version	  	int,
	primary key(id)
) ENGINE=InnoDB DEFAULT CHARSET=utf8;
insert into shipping_address_data values
('SA000001','1900 AVE OF THE STARTS - 2600','Suite 555 - 2601','Century City - 2602','CA2603','US2604','1'),
('SA000002','1900 AVE OF THE STARTS - 2605','Suite 555 - 2606','Century City - 2607','CA2608','US2609','1'),
('SA000003','1900 AVE OF THE STARTS - 2610','Suite 555 - 2611','Century City - 2612','CA2613','US2614','1'),
('SA000004','1900 AVE OF THE STARTS - 2615','Suite 555 - 2616','Century City - 2617','CA2618','US2619','1'),
('SA000005','1900 AVE OF THE STARTS - 2620','Suite 555 - 2621','Century City - 2622','CA2623','US2624','1'),
('SA000006','1900 AVE OF THE STARTS - 2625','Suite 555 - 2626','Century City - 2627','CA2628','US2629','1'),
('SA000007','1900 AVE OF THE STARTS - 2630','Suite 555 - 2631','Century City - 2632','CA2633','US2634','1'),
('SA000008','1900 AVE OF THE STARTS - 2635','Suite 555 - 2636','Century City - 2637','CA2638','US2639','1'),
('SA000009','1900 AVE OF THE STARTS - 2640','Suite 555 - 2641','Century City - 2642','CA2643','US2644','1'),
('SA000010','1900 AVE OF THE STARTS - 2645','Suite 555 - 2646','Century City - 2647','CA2648','US2649','1'),
('SA000011','1900 AVE OF THE STARTS - 2650','Suite 555 - 2651','Century City - 2652','CA2653','US2654','1'),
('SA000012','1900 AVE OF THE STARTS - 2655','Suite 555 - 2656','Century City - 2657','CA2658','US2659','1'),
('SA000013','1900 AVE OF THE STARTS - 2660','Suite 555 - 2661','Century City - 2662','CA2663','US2664','1'),
('SA000014','1900 AVE OF THE STARTS - 2665','Suite 555 - 2666','Century City - 2667','CA2668','US2669','1'),
('SA000015','1900 AVE OF THE STARTS - 2670','Suite 555 - 2671','Century City - 2672','CA2673','US2674','1'),
('SA000016','1900 AVE OF THE STARTS - 2675','Suite 555 - 2676','Century City - 2677','CA2678','US2679','1'),
('SA000017','1900 AVE OF THE STARTS - 2680','Suite 555 - 2681','Century City - 2682','CA2683','US2684','1'),
('SA000018','1900 AVE OF THE STARTS - 2685','Suite 555 - 2686','Century City - 2687','CA2688','US2689','1'),
('SA000019','1900 AVE OF THE STARTS - 2690','Suite 555 - 2691','Century City - 2692','CA2693','US2694','1'),
('SA000020','1900 AVE OF THE STARTS - 2695','Suite 555 - 2696','Century City - 2697','CA2698','US2699','1'),
('SA000021','1900 AVE OF THE STARTS - 2700','Suite 555 - 2701','Century City - 2702','CA2703','US2704','1'),
('SA000022','1900 AVE OF THE STARTS - 2705','Suite 555 - 2706','Century City - 2707','CA2708','US2709','1'),
('SA000023','1900 AVE OF THE STARTS - 2710','Suite 555 - 2711','Century City - 2712','CA2713','US2714','1'),
('SA000024','1900 AVE OF THE STARTS - 2715','Suite 555 - 2716','Century City - 2717','CA2718','US2719','1'),
('SA000025','1900 AVE OF THE STARTS - 2720','Suite 555 - 2721','Century City - 2722','CA2723','US2724','1'),
('SA000026','1900 AVE OF THE STARTS - 2725','Suite 555 - 2726','Century City - 2727','CA2728','US2729','1'),
('SA000027','1900 AVE OF THE STARTS - 2730','Suite 555 - 2731','Century City - 2732','CA2733','US2734','1'),
('SA000028','1900 AVE OF THE STARTS - 2735','Suite 555 - 2736','Century City - 2737','CA2738','US2739','1'),
('SA000029','1900 AVE OF THE STARTS - 2740','Suite 555 - 2741','Century City - 2742','CA2743','US2744','1'),
('SA000030','1900 AVE OF THE STARTS - 2745','Suite 555 - 2746','Century City - 2747','CA2748','US2749','1'),
('SA000031','1900 AVE OF THE STARTS - 2750','Suite 555 - 2751','Century City - 2752','CA2753','US2754','1'),
('SA000032','1900 AVE OF THE STARTS - 2755','Suite 555 - 2756','Century City - 2757','CA2758','US2759','1'),
('SA000033','1900 AVE OF THE STARTS - 2760','Suite 555 - 2761','Century City - 2762','CA2763','US2764','1'),
('SA000034','1900 AVE OF THE STARTS - 2765','Suite 555 - 2766','Century City - 2767','CA2768','US2769','1'),
('SA000035','1900 AVE OF THE STARTS - 2770','Suite 555 - 2771','Century City - 2772','CA2773','US2774','1'),
('SA000036','1900 AVE OF THE STARTS - 2775','Suite 555 - 2776','Century City - 2777','CA2778','US2779','1'),
('SA000037','1900 AVE OF THE STARTS - 2780','Suite 555 - 2781','Century City - 2782','CA2783','US2784','1'),
('SA000038','1900 AVE OF THE STARTS - 2785','Suite 555 - 2786','Century City - 2787','CA2788','US2789','1'),
('SA000039','1900 AVE OF THE STARTS - 2790','Suite 555 - 2791','Century City - 2792','CA2793','US2794','1'),
('SA000040','1900 AVE OF THE STARTS - 2795','Suite 555 - 2796','Century City - 2797','CA2798','US2799','1'),
('SA000041','1900 AVE OF THE STARTS - 2800','Suite 555 - 2801','Century City - 2802','CA2803','US2804','1'),
('SA000042','1900 AVE OF THE STARTS - 2805','Suite 555 - 2806','Century City - 2807','CA2808','US2809','1'),
('SA000043','1900 AVE OF THE STARTS - 2810','Suite 555 - 2811','Century City - 2812','CA2813','US2814','1'),
('SA000044','1900 AVE OF THE STARTS - 2815','Suite 555 - 2816','Century City - 2817','CA2818','US2819','1'),
('SA000045','1900 AVE OF THE STARTS - 2820','Suite 555 - 2821','Century City - 2822','CA2823','US2824','1'),
('SA000046','1900 AVE OF THE STARTS - 2825','Suite 555 - 2826','Century City - 2827','CA2828','US2829','1'),
('SA000047','1900 AVE OF THE STARTS - 2830','Suite 555 - 2831','Century City - 2832','CA2833','US2834','1'),
('SA000048','1900 AVE OF THE STARTS - 2835','Suite 555 - 2836','Century City - 2837','CA2838','US2839','1'),
('SA000049','1900 AVE OF THE STARTS - 2840','Suite 555 - 2841','Century City - 2842','CA2843','US2844','1'),
('SA000050','1900 AVE OF THE STARTS - 2845','Suite 555 - 2846','Century City - 2847','CA2848','US2849','1'),
('SA000051','1900 AVE OF THE STARTS - 2850','Suite 555 - 2851','Century City - 2852','CA2853','US2854','1'),
('SA000052','1900 AVE OF THE STARTS - 2855','Suite 555 - 2856','Century City - 2857','CA2858','US2859','1'),
('SA000053','1900 AVE OF THE STARTS - 2860','Suite 555 - 2861','Century City - 2862','CA2863','US2864','1'),
('SA000054','1900 AVE OF THE STARTS - 2865','Suite 555 - 2866','Century City - 2867','CA2868','US2869','1'),
('SA000055','1900 AVE OF THE STARTS - 2870','Suite 555 - 2871','Century City - 2872','CA2873','US2874','1'),
('SA000056','1900 AVE OF THE STARTS - 2875','Suite 555 - 2876','Century City - 2877','CA2878','US2879','1'),
('SA000057','1900 AVE OF THE STARTS - 2880','Suite 555 - 2881','Century City - 2882','CA2883','US2884','1'),
('SA000058','1900 AVE OF THE STARTS - 2885','Suite 555 - 2886','Century City - 2887','CA2888','US2889','1'),
('SA000059','1900 AVE OF THE STARTS - 2890','Suite 555 - 2891','Century City - 2892','CA2893','US2894','1'),
('SA000060','1900 AVE OF THE STARTS - 2895','Suite 555 - 2896','Century City - 2897','CA2898','US2899','1'),
('SA000061','1900 AVE OF THE STARTS - 2900','Suite 555 - 2901','Century City - 2902','CA2903','US2904','1'),
('SA000062','1900 AVE OF THE STARTS - 2905','Suite 555 - 2906','Century City - 2907','CA2908','US2909','1'),
('SA000063','1900 AVE OF THE STARTS - 2910','Suite 555 - 2911','Century City - 2912','CA2913','US2914','1'),
('SA000064','1900 AVE OF THE STARTS - 2915','Suite 555 - 2916','Century City - 2917','CA2918','US2919','1'),
('SA000065','1900 AVE OF THE STARTS - 2920','Suite 555 - 2921','Century City - 2922','CA2923','US2924','1'),
('SA000066','1900 AVE OF THE STARTS - 2925','Suite 555 - 2926','Century City - 2927','CA2928','US2929','1'),
('SA000067','1900 AVE OF THE STARTS - 2930','Suite 555 - 2931','Century City - 2932','CA2933','US2934','1'),
('SA000068','1900 AVE OF THE STARTS - 2935','Suite 555 - 2936','Century City - 2937','CA2938','US2939','1'),
('SA000069','1900 AVE OF THE STARTS - 2940','Suite 555 - 2941','Century City - 2942','CA2943','US2944','1'),
('SA000070','1900 AVE OF THE STARTS - 2945','Suite 555 - 2946','Century City - 2947','CA2948','US2949','1'),
('SA000071','1900 AVE OF THE STARTS - 2950','Suite 555 - 2951','Century City - 2952','CA2953','US2954','1'),
('SA000072','1900 AVE OF THE STARTS - 2955','Suite 555 - 2956','Century City - 2957','CA2958','US2959','1'),
('SA000073','1900 AVE OF THE STARTS - 2960','Suite 555 - 2961','Century City - 2962','CA2963','US2964','1'),
('SA000074','1900 AVE OF THE STARTS - 2965','Suite 555 - 2966','Century City - 2967','CA2968','US2969','1'),
('SA000075','1900 AVE OF THE STARTS - 2970','Suite 555 - 2971','Century City - 2972','CA2973','US2974','1'),
('SA000076','1900 AVE OF THE STARTS - 2975','Suite 555 - 2976','Century City - 2977','CA2978','US2979','1'),
('SA000077','1900 AVE OF THE STARTS - 2980','Suite 555 - 2981','Century City - 2982','CA2983','US2984','1'),
('SA000078','1900 AVE OF THE STARTS - 2985','Suite 555 - 2986','Century City - 2987','CA2988','US2989','1'),
('SA000079','1900 AVE OF THE STARTS - 2990','Suite 555 - 2991','Century City - 2992','CA2993','US2994','1'),
('SA000080','1900 AVE OF THE STARTS - 2995','Suite 555 - 2996','Century City - 2997','CA2998','US2999','1'),
('SA000081','1900 AVE OF THE STARTS - 3000','Suite 555 - 3001','Century City - 3002','CA3003','US3004','1'),
('SA000082','1900 AVE OF THE STARTS - 3005','Suite 555 - 3006','Century City - 3007','CA3008','US3009','1'),
('SA000083','1900 AVE OF THE STARTS - 3010','Suite 555 - 3011','Century City - 3012','CA3013','US3014','1'),
('SA000084','1900 AVE OF THE STARTS - 3015','Suite 555 - 3016','Century City - 3017','CA3018','US3019','1'),
('SA000085','1900 AVE OF THE STARTS - 3020','Suite 555 - 3021','Century City - 3022','CA3023','US3024','1'),
('SA000086','1900 AVE OF THE STARTS - 3025','Suite 555 - 3026','Century City - 3027','CA3028','US3029','1'),
('SA000087','1900 AVE OF THE STARTS - 3030','Suite 555 - 3031','Century City - 3032','CA3033','US3034','1'),
('SA000088','1900 AVE OF THE STARTS - 3035','Suite 555 - 3036','Century City - 3037','CA3038','US3039','1'),
('SA000089','1900 AVE OF THE STARTS - 3040','Suite 555 - 3041','Century City - 3042','CA3043','US3044','1'),
('SA000090','1900 AVE OF THE STARTS - 3045','Suite 555 - 3046','Century City - 3047','CA3048','US3049','1'),
('SA000091','1900 AVE OF THE STARTS - 3050','Suite 555 - 3051','Century City - 3052','CA3053','US3054','1'),
('SA000092','1900 AVE OF THE STARTS - 3055','Suite 555 - 3056','Century City - 3057','CA3058','US3059','1'),
('SA000093','1900 AVE OF THE STARTS - 3060','Suite 555 - 3061','Century City - 3062','CA3063','US3064','1'),
('SA000094','1900 AVE OF THE STARTS - 3065','Suite 555 - 3066','Century City - 3067','CA3068','US3069','1'),
('SA000095','1900 AVE OF THE STARTS - 3070','Suite 555 - 3071','Century City - 3072','CA3073','US3074','1'),
('SA000096','1900 AVE OF THE STARTS - 3075','Suite 555 - 3076','Century City - 3077','CA3078','US3079','1'),
('SA000097','1900 AVE OF THE STARTS - 3080','Suite 555 - 3081','Century City - 3082','CA3083','US3084','1'),
('SA000098','1900 AVE OF THE STARTS - 3085','Suite 555 - 3086','Century City - 3087','CA3088','US3089','1'),
('SA000099','1900 AVE OF THE STARTS - 3090','Suite 555 - 3091','Century City - 3092','CA3093','US3094','1'),
('SA000100','1900 AVE OF THE STARTS - 3095','Suite 555 - 3096','Century City - 3097','CA3098','US3099','1');
drop table  if exists billing_address_data;
create table billing_address_data (
	id	  	varchar(48) not null,
	company	  	varchar(64),
	line1	  	varchar(56),
	line2	  	varchar(32),
	city	  	varchar(32),
	state	  	varchar(8),
	country	  	varchar(8),
	version	  	int,
	primary key(id)
) ENGINE=InnoDB DEFAULT CHARSET=utf8;
insert into billing_address_data values
('BA000001','BC000001','1900 AVE OF THE STARTS - 3100','Suite 555 - 3101','Century City - 3102','CA3103','US3104','1'),
('BA000002','BC000002','1900 AVE OF THE STARTS - 3105','Suite 555 - 3106','Century City - 3107','CA3108','US3109','1'),
('BA000003','BC000005','1900 AVE OF THE STARTS - 3110','Suite 555 - 3111','Century City - 3112','CA3113','US3114','1'),
('BA000004','BC000001','1900 AVE OF THE STARTS - 3115','Suite 555 - 3116','Century City - 3117','CA3118','US3119','1'),
('BA000005','BC000002','1900 AVE OF THE STARTS - 3120','Suite 555 - 3121','Century City - 3122','CA3123','US3124','1'),
('BA000006','BC000005','1900 AVE OF THE STARTS - 3125','Suite 555 - 3126','Century City - 3127','CA3128','US3129','1'),
('BA000007','BC000002','1900 AVE OF THE STARTS - 3130','Suite 555 - 3131','Century City - 3132','CA3133','US3134','1'),
('BA000008','BC000003','1900 AVE OF THE STARTS - 3135','Suite 555 - 3136','Century City - 3137','CA3138','US3139','1'),
('BA000009','BC000002','1900 AVE OF THE STARTS - 3140','Suite 555 - 3141','Century City - 3142','CA3143','US3144','1'),
('BA000010','BC000004','1900 AVE OF THE STARTS - 3145','Suite 555 - 3146','Century City - 3147','CA3148','US3149','1'),
('BA000011','BC000004','1900 AVE OF THE STARTS - 3150','Suite 555 - 3151','Century City - 3152','CA3153','US3154','1'),
('BA000012','BC000005','1900 AVE OF THE STARTS - 3155','Suite 555 - 3156','Century City - 3157','CA3158','US3159','1'),
('BA000013','BC000005','1900 AVE OF THE STARTS - 3160','Suite 555 - 3161','Century City - 3162','CA3163','US3164','1'),
('BA000014','BC000003','1900 AVE OF THE STARTS - 3165','Suite 555 - 3166','Century City - 3167','CA3168','US3169','1'),
('BA000015','BC000005','1900 AVE OF THE STARTS - 3170','Suite 555 - 3171','Century City - 3172','CA3173','US3174','1'),
('BA000016','BC000002','1900 AVE OF THE STARTS - 3175','Suite 555 - 3176','Century City - 3177','CA3178','US3179','1'),
('BA000017','BC000003','1900 AVE OF THE STARTS - 3180','Suite 555 - 3181','Century City - 3182','CA3183','US3184','1'),
('BA000018','BC000002','1900 AVE OF THE STARTS - 3185','Suite 555 - 3186','Century City - 3187','CA3188','US3189','1'),
('BA000019','BC000003','1900 AVE OF THE STARTS - 3190','Suite 555 - 3191','Century City - 3192','CA3193','US3194','1'),
('BA000020','BC000001','1900 AVE OF THE STARTS - 3195','Suite 555 - 3196','Century City - 3197','CA3198','US3199','1'),
('BA000021','BC000004','1900 AVE OF THE STARTS - 3200','Suite 555 - 3201','Century City - 3202','CA3203','US3204','1'),
('BA000022','BC000004','1900 AVE OF THE STARTS - 3205','Suite 555 - 3206','Century City - 3207','CA3208','US3209','1'),
('BA000023','BC000004','1900 AVE OF THE STARTS - 3210','Suite 555 - 3211','Century City - 3212','CA3213','US3214','1'),
('BA000024','BC000005','1900 AVE OF THE STARTS - 3215','Suite 555 - 3216','Century City - 3217','CA3218','US3219','1'),
('BA000025','BC000004','1900 AVE OF THE STARTS - 3220','Suite 555 - 3221','Century City - 3222','CA3223','US3224','1'),
('BA000026','BC000001','1900 AVE OF THE STARTS - 3225','Suite 555 - 3226','Century City - 3227','CA3228','US3229','1'),
('BA000027','BC000002','1900 AVE OF THE STARTS - 3230','Suite 555 - 3231','Century City - 3232','CA3233','US3234','1'),
('BA000028','BC000005','1900 AVE OF THE STARTS - 3235','Suite 555 - 3236','Century City - 3237','CA3238','US3239','1'),
('BA000029','BC000005','1900 AVE OF THE STARTS - 3240','Suite 555 - 3241','Century City - 3242','CA3243','US3244','1'),
('BA000030','BC000005','1900 AVE OF THE STARTS - 3245','Suite 555 - 3246','Century City - 3247','CA3248','US3249','1'),
('BA000031','BC000001','1900 AVE OF THE STARTS - 3250','Suite 555 - 3251','Century City - 3252','CA3253','US3254','1'),
('BA000032','BC000002','1900 AVE OF THE STARTS - 3255','Suite 555 - 3256','Century City - 3257','CA3258','US3259','1'),
('BA000033','BC000004','1900 AVE OF THE STARTS - 3260','Suite 555 - 3261','Century City - 3262','CA3263','US3264','1'),
('BA000034','BC000005','1900 AVE OF THE STARTS - 3265','Suite 555 - 3266','Century City - 3267','CA3268','US3269','1'),
('BA000035','BC000003','1900 AVE OF THE STARTS - 3270','Suite 555 - 3271','Century City - 3272','CA3273','US3274','1'),
('BA000036','BC000005','1900 AVE OF THE STARTS - 3275','Suite 555 - 3276','Century City - 3277','CA3278','US3279','1'),
('BA000037','BC000005','1900 AVE OF THE STARTS - 3280','Suite 555 - 3281','Century City - 3282','CA3283','US3284','1'),
('BA000038','BC000003','1900 AVE OF THE STARTS - 3285','Suite 555 - 3286','Century City - 3287','CA3288','US3289','1'),
('BA000039','BC000002','1900 AVE OF THE STARTS - 3290','Suite 555 - 3291','Century City - 3292','CA3293','US3294','1'),
('BA000040','BC000001','1900 AVE OF THE STARTS - 3295','Suite 555 - 3296','Century City - 3297','CA3298','US3299','1'),
('BA000041','BC000004','1900 AVE OF THE STARTS - 3300','Suite 555 - 3301','Century City - 3302','CA3303','US3304','1'),
('BA000042','BC000004','1900 AVE OF THE STARTS - 3305','Suite 555 - 3306','Century City - 3307','CA3308','US3309','1'),
('BA000043','BC000005','1900 AVE OF THE STARTS - 3310','Suite 555 - 3311','Century City - 3312','CA3313','US3314','1'),
('BA000044','BC000005','1900 AVE OF THE STARTS - 3315','Suite 555 - 3316','Century City - 3317','CA3318','US3319','1'),
('BA000045','BC000003','1900 AVE OF THE STARTS - 3320','Suite 555 - 3321','Century City - 3322','CA3323','US3324','1'),
('BA000046','BC000003','1900 AVE OF THE STARTS - 3325','Suite 555 - 3326','Century City - 3327','CA3328','US3329','1'),
('BA000047','BC000003','1900 AVE OF THE STARTS - 3330','Suite 555 - 3331','Century City - 3332','CA3333','US3334','1'),
('BA000048','BC000001','1900 AVE OF THE STARTS - 3335','Suite 555 - 3336','Century City - 3337','CA3338','US3339','1'),
('BA000049','BC000003','1900 AVE OF THE STARTS - 3340','Suite 555 - 3341','Century City - 3342','CA3343','US3344','1'),
('BA000050','BC000004','1900 AVE OF THE STARTS - 3345','Suite 555 - 3346','Century City - 3347','CA3348','US3349','1'),
('BA000051','BC000004','1900 AVE OF THE STARTS - 3350','Suite 555 - 3351','Century City - 3352','CA3353','US3354','1'),
('BA000052','BC000005','1900 AVE OF THE STARTS - 3355','Suite 555 - 3356','Century City - 3357','CA3358','US3359','1'),
('BA000053','BC000003','1900 AVE OF THE STARTS - 3360','Suite 555 - 3361','Century City - 3362','CA3363','US3364','1'),
('BA000054','BC000005','1900 AVE OF THE STARTS - 3365','Suite 555 - 3366','Century City - 3367','CA3368','US3369','1'),
('BA000055','BC000001','1900 AVE OF THE STARTS - 3370','Suite 555 - 3371','Century City - 3372','CA3373','US3374','1'),
('BA000056','BC000001','1900 AVE OF THE STARTS - 3375','Suite 555 - 3376','Century City - 3377','CA3378','US3379','1'),
('BA000057','BC000005','1900 AVE OF THE STARTS - 3380','Suite 555 - 3381','Century City - 3382','CA3383','US3384','1'),
('BA000058','BC000003','1900 AVE OF THE STARTS - 3385','Suite 555 - 3386','Century City - 3387','CA3388','US3389','1'),
('BA000059','BC000005','1900 AVE OF THE STARTS - 3390','Suite 555 - 3391','Century City - 3392','CA3393','US3394','1'),
('BA000060','BC000001','1900 AVE OF THE STARTS - 3395','Suite 555 - 3396','Century City - 3397','CA3398','US3399','1'),
('BA000061','BC000003','1900 AVE OF THE STARTS - 3400','Suite 555 - 3401','Century City - 3402','CA3403','US3404','1'),
('BA000062','BC000001','1900 AVE OF THE STARTS - 3405','Suite 555 - 3406','Century City - 3407','CA3408','US3409','1'),
('BA000063','BC000004','1900 AVE OF THE STARTS - 3410','Suite 555 - 3411','Century City - 3412','CA3413','US3414','1'),
('BA000064','BC000005','1900 AVE OF THE STARTS - 3415','Suite 555 - 3416','Century City - 3417','CA3418','US3419','1'),
('BA000065','BC000002','1900 AVE OF THE STARTS - 3420','Suite 555 - 3421','Century City - 3422','CA3423','US3424','1'),
('BA000066','BC000001','1900 AVE OF THE STARTS - 3425','Suite 555 - 3426','Century City - 3427','CA3428','US3429','1'),
('BA000067','BC000003','1900 AVE OF THE STARTS - 3430','Suite 555 - 3431','Century City - 3432','CA3433','US3434','1'),
('BA000068','BC000005','1900 AVE OF THE STARTS - 3435','Suite 555 - 3436','Century City - 3437','CA3438','US3439','1'),
('BA000069','BC000004','1900 AVE OF THE STARTS - 3440','Suite 555 - 3441','Century City - 3442','CA3443','US3444','1'),
('BA000070','BC000003','1900 AVE OF THE STARTS - 3445','Suite 555 - 3446','Century City - 3447','CA3448','US3449','1'),
('BA000071','BC000002','1900 AVE OF THE STARTS - 3450','Suite 555 - 3451','Century City - 3452','CA3453','US3454','1'),
('BA000072','BC000001','1900 AVE OF THE STARTS - 3455','Suite 555 - 3456','Century City - 3457','CA3458','US3459','1'),
('BA000073','BC000001','1900 AVE OF THE STARTS - 3460','Suite 555 - 3461','Century City - 3462','CA3463','US3464','1'),
('BA000074','BC000003','1900 AVE OF THE STARTS - 3465','Suite 555 - 3466','Century City - 3467','CA3468','US3469','1'),
('BA000075','BC000002','1900 AVE OF THE STARTS - 3470','Suite 555 - 3471','Century City - 3472','CA3473','US3474','1'),
('BA000076','BC000001','1900 AVE OF THE STARTS - 3475','Suite 555 - 3476','Century City - 3477','CA3478','US3479','1'),
('BA000077','BC000003','1900 AVE OF THE STARTS - 3480','Suite 555 - 3481','Century City - 3482','CA3483','US3484','1'),
('BA000078','BC000001','1900 AVE OF THE STARTS - 3485','Suite 555 - 3486','Century City - 3487','CA3488','US3489','1'),
('BA000079','BC000003','1900 AVE OF THE STARTS - 3490','Suite 555 - 3491','Century City - 3492','CA3493','US3494','1'),
('BA000080','BC000003','1900 AVE OF THE STARTS - 3495','Suite 555 - 3496','Century City - 3497','CA3498','US3499','1'),
('BA000081','BC000005','1900 AVE OF THE STARTS - 3500','Suite 555 - 3501','Century City - 3502','CA3503','US3504','1'),
('BA000082','BC000004','1900 AVE OF THE STARTS - 3505','Suite 555 - 3506','Century City - 3507','CA3508','US3509','1'),
('BA000083','BC000004','1900 AVE OF THE STARTS - 3510','Suite 555 - 3511','Century City - 3512','CA3513','US3514','1'),
('BA000084','BC000001','1900 AVE OF THE STARTS - 3515','Suite 555 - 3516','Century City - 3517','CA3518','US3519','1'),
('BA000085','BC000002','1900 AVE OF THE STARTS - 3520','Suite 555 - 3521','Century City - 3522','CA3523','US3524','1'),
('BA000086','BC000005','1900 AVE OF THE STARTS - 3525','Suite 555 - 3526','Century City - 3527','CA3528','US3529','1'),
('BA000087','BC000003','1900 AVE OF THE STARTS - 3530','Suite 555 - 3531','Century City - 3532','CA3533','US3534','1'),
('BA000088','BC000005','1900 AVE OF THE STARTS - 3535','Suite 555 - 3536','Century City - 3537','CA3538','US3539','1'),
('BA000089','BC000003','1900 AVE OF THE STARTS - 3540','Suite 555 - 3541','Century City - 3542','CA3543','US3544','1'),
('BA000090','BC000004','1900 AVE OF THE STARTS - 3545','Suite 555 - 3546','Century City - 3547','CA3548','US3549','1'),
('BA000091','BC000002','1900 AVE OF THE STARTS - 3550','Suite 555 - 3551','Century City - 3552','CA3553','US3554','1'),
('BA000092','BC000003','1900 AVE OF THE STARTS - 3555','Suite 555 - 3556','Century City - 3557','CA3558','US3559','1'),
('BA000093','BC000001','1900 AVE OF THE STARTS - 3560','Suite 555 - 3561','Century City - 3562','CA3563','US3564','1'),
('BA000094','BC000002','1900 AVE OF THE STARTS - 3565','Suite 555 - 3566','Century City - 3567','CA3568','US3569','1'),
('BA000095','BC000002','1900 AVE OF THE STARTS - 3570','Suite 555 - 3571','Century City - 3572','CA3573','US3574','1'),
('BA000096','BC000003','1900 AVE OF THE STARTS - 3575','Suite 555 - 3576','Century City - 3577','CA3578','US3579','1'),
('BA000097','BC000001','1900 AVE OF THE STARTS - 3580','Suite 555 - 3581','Century City - 3582','CA3583','US3584','1'),
('BA000098','BC000003','1900 AVE OF THE STARTS - 3585','Suite 555 - 3586','Century City - 3587','CA3588','US3589','1'),
('BA000099','BC000005','1900 AVE OF THE STARTS - 3590','Suite 555 - 3591','Century City - 3592','CA3593','US3594','1'),
('BA000100','BC000005','1900 AVE OF THE STARTS - 3595','Suite 555 - 3596','Century City - 3597','CA3598','US3599','1');
drop table  if exists employee_data;
create table employee_data (
	id	  	varchar(32) not null,
	name	  	varchar(16),
	company	  	varchar(64),
	version	  	int,
	primary key(id)
) ENGINE=InnoDB DEFAULT CHARSET=utf8;
insert into employee_data values
('E000001','Philip3600','BC000003','1'),
('E000002','Philip3601','BC000002','1'),
('E000003','Philip3602','BC000003','1'),
('E000004','Philip3603','BC000001','1'),
('E000005','Philip3604','BC000002','1'),
('E000006','Philip3605','BC000003','1'),
('E000007','Philip3606','BC000003','1'),
('E000008','Philip3607','BC000005','1'),
('E000009','Philip3608','BC000003','1'),
('E000010','Philip3609','BC000001','1'),
('E000011','Philip3610','BC000001','1'),
('E000012','Philip3611','BC000004','1'),
('E000013','Philip3612','BC000001','1'),
('E000014','Philip3613','BC000002','1'),
('E000015','Philip3614','BC000001','1'),
('E000016','Philip3615','BC000005','1'),
('E000017','Philip3616','BC000001','1'),
('E000018','Philip3617','BC000002','1'),
('E000019','Philip3618','BC000001','1'),
('E000020','Philip3619','BC000002','1'),
('E000021','Philip3620','BC000003','1'),
('E000022','Philip3621','BC000004','1'),
('E000023','Philip3622','BC000005','1'),
('E000024','Philip3623','BC000005','1'),
('E000025','Philip3624','BC000002','1'),
('E000026','Philip3625','BC000003','1'),
('E000027','Philip3626','BC000003','1'),
('E000028','Philip3627','BC000002','1'),
('E000029','Philip3628','BC000002','1'),
('E000030','Philip3629','BC000004','1'),
('E000031','Philip3630','BC000005','1'),
('E000032','Philip3631','BC000004','1'),
('E000033','Philip3632','BC000005','1'),
('E000034','Philip3633','BC000002','1'),
('E000035','Philip3634','BC000003','1'),
('E000036','Philip3635','BC000004','1'),
('E000037','Philip3636','BC000003','1'),
('E000038','Philip3637','BC000004','1'),
('E000039','Philip3638','BC000001','1'),
('E000040','Philip3639','BC000001','1'),
('E000041','Philip3640','BC000005','1'),
('E000042','Philip3641','BC000004','1'),
('E000043','Philip3642','BC000004','1'),
('E000044','Philip3643','BC000003','1'),
('E000045','Philip3644','BC000001','1'),
('E000046','Philip3645','BC000005','1'),
('E000047','Philip3646','BC000001','1'),
('E000048','Philip3647','BC000001','1'),
('E000049','Philip3648','BC000001','1'),
('E000050','Philip3649','BC000005','1'),
('E000051','Philip3650','BC000003','1'),
('E000052','Philip3651','BC000005','1'),
('E000053','Philip3652','BC000003','1'),
('E000054','Philip3653','BC000004','1'),
('E000055','Philip3654','BC000004','1'),
('E000056','Philip3655','BC000003','1'),
('E000057','Philip3656','BC000004','1'),
('E000058','Philip3657','BC000002','1'),
('E000059','Philip3658','BC000002','1'),
('E000060','Philip3659','BC000005','1'),
('E000061','Philip3660','BC000004','1'),
('E000062','Philip3661','BC000001','1'),
('E000063','Philip3662','BC000003','1'),
('E000064','Philip3663','BC000003','1'),
('E000065','Philip3664','BC000002','1'),
('E000066','Philip3665','BC000004','1'),
('E000067','Philip3666','BC000001','1'),
('E000068','Philip3667','BC000001','1'),
('E000069','Philip3668','BC000001','1'),
('E000070','Philip3669','BC000001','1'),
('E000071','Philip3670','BC000003','1'),
('E000072','Philip3671','BC000003','1'),
('E000073','Philip3672','BC000001','1'),
('E000074','Philip3673','BC000005','1'),
('E000075','Philip3674','BC000004','1'),
('E000076','Philip3675','BC000003','1'),
('E000077','Philip3676','BC000002','1'),
('E000078','Philip3677','BC000004','1'),
('E000079','Philip3678','BC000005','1'),
('E000080','Philip3679','BC000002','1'),
('E000081','Philip3680','BC000004','1'),
('E000082','Philip3681','BC000001','1'),
('E000083','Philip3682','BC000001','1'),
('E000084','Philip3683','BC000003','1'),
('E000085','Philip3684','BC000002','1'),
('E000086','Philip3685','BC000005','1'),
('E000087','Philip3686','BC000004','1'),
('E000088','Philip3687','BC000004','1'),
('E000089','Philip3688','BC000002','1'),
('E000090','Philip3689','BC000002','1'),
('E000091','Philip3690','BC000003','1'),
('E000092','Philip3691','BC000001','1'),
('E000093','Philip3692','BC000002','1'),
('E000094','Philip3693','BC000001','1'),
('E000095','Philip3694','BC000005','1'),
('E000096','Philip3695','BC000001','1'),
('E000097','Philip3696','BC000004','1'),
('E000098','Philip3697','BC000003','1'),
('E000099','Philip3698','BC000002','1'),
('E000100','Philip3699','BC000005','1');
drop table  if exists role_data;
create table role_data (
	id	  	varchar(24) not null,
	role_name	  	varchar(16),
	version	  	int,
	primary key(id)
) ENGINE=InnoDB DEFAULT CHARSET=utf8;
insert into role_data values
('R000001','manager3700','1'),
('R000002','manager3701','1'),
('R000003','manager3702','1'),
('R000004','manager3703','1'),
('R000005','manager3704','1'),
('R000006','manager3705','1'),
('R000007','manager3706','1'),
('R000008','manager3707','1'),
('R000009','manager3708','1'),
('R000010','manager3709','1'),
('R000011','manager3710','1'),
('R000012','manager3711','1'),
('R000013','manager3712','1'),
('R000014','manager3713','1'),
('R000015','manager3714','1'),
('R000016','manager3715','1'),
('R000017','manager3716','1'),
('R000018','manager3717','1'),
('R000019','manager3718','1'),
('R000020','manager3719','1'),
('R000021','manager3720','1'),
('R000022','manager3721','1'),
('R000023','manager3722','1'),
('R000024','manager3723','1'),
('R000025','manager3724','1'),
('R000026','manager3725','1'),
('R000027','manager3726','1'),
('R000028','manager3727','1'),
('R000029','manager3728','1'),
('R000030','manager3729','1'),
('R000031','manager3730','1'),
('R000032','manager3731','1'),
('R000033','manager3732','1'),
('R000034','manager3733','1'),
('R000035','manager3734','1'),
('R000036','manager3735','1'),
('R000037','manager3736','1'),
('R000038','manager3737','1'),
('R000039','manager3738','1'),
('R000040','manager3739','1'),
('R000041','manager3740','1'),
('R000042','manager3741','1'),
('R000043','manager3742','1'),
('R000044','manager3743','1'),
('R000045','manager3744','1'),
('R000046','manager3745','1'),
('R000047','manager3746','1'),
('R000048','manager3747','1'),
('R000049','manager3748','1'),
('R000050','manager3749','1'),
('R000051','manager3750','1'),
('R000052','manager3751','1'),
('R000053','manager3752','1'),
('R000054','manager3753','1'),
('R000055','manager3754','1'),
('R000056','manager3755','1'),
('R000057','manager3756','1'),
('R000058','manager3757','1'),
('R000059','manager3758','1'),
('R000060','manager3759','1'),
('R000061','manager3760','1'),
('R000062','manager3761','1'),
('R000063','manager3762','1'),
('R000064','manager3763','1'),
('R000065','manager3764','1'),
('R000066','manager3765','1'),
('R000067','manager3766','1'),
('R000068','manager3767','1'),
('R000069','manager3768','1'),
('R000070','manager3769','1'),
('R000071','manager3770','1'),
('R000072','manager3771','1'),
('R000073','manager3772','1'),
('R000074','manager3773','1'),
('R000075','manager3774','1'),
('R000076','manager3775','1'),
('R000077','manager3776','1'),
('R000078','manager3777','1'),
('R000079','manager3778','1'),
('R000080','manager3779','1'),
('R000081','manager3780','1'),
('R000082','manager3781','1'),
('R000083','manager3782','1'),
('R000084','manager3783','1'),
('R000085','manager3784','1'),
('R000086','manager3785','1'),
('R000087','manager3786','1'),
('R000088','manager3787','1'),
('R000089','manager3788','1'),
('R000090','manager3789','1'),
('R000091','manager3790','1'),
('R000092','manager3791','1'),
('R000093','manager3792','1'),
('R000094','manager3793','1'),
('R000095','manager3794','1'),
('R000096','manager3795','1'),
('R000097','manager3796','1'),
('R000098','manager3797','1'),
('R000099','manager3798','1'),
('R000100','manager3799','1');
drop table  if exists assignment_data;
create table assignment_data (
	id	  	varchar(40) not null,
	user	  	varchar(64),
	access	  	varchar(64),
	assigned_date	  	Date,
	version	  	int,
	primary key(id)
) ENGINE=InnoDB DEFAULT CHARSET=utf8;
insert into assignment_data values
('A000001','E000003','A000002','2017-05-22','1'),
('A000002','E000005','A000003','2014-03-18','1'),
('A000003','E000002','A000001','2014-05-08','1'),
('A000004','E000001','A000002','2017-10-17','1'),
('A000005','E000001','A000004','2015-03-25','1'),
('A000006','E000004','A000005','2016-03-29','1'),
('A000007','E000004','A000003','2016-06-26','1'),
('A000008','E000005','A000002','2015-09-09','1'),
('A000009','E000004','A000001','2014-02-21','1'),
('A000010','E000005','A000002','2016-10-06','1'),
('A000011','E000005','A000003','2017-02-15','1'),
('A000012','E000002','A000002','2017-03-06','1'),
('A000013','E000005','A000004','2017-10-08','1'),
('A000014','E000001','A000003','2015-03-11','1'),
('A000015','E000005','A000002','2016-04-07','1'),
('A000016','E000004','A000001','2017-03-14','1'),
('A000017','E000003','A000005','2016-10-13','1'),
('A000018','E000005','A000005','2016-12-06','1'),
('A000019','E000002','A000001','2016-12-23','1'),
('A000020','E000005','A000002','2018-08-31','1'),
('A000021','E000004','A000004','2014-03-19','1'),
('A000022','E000003','A000001','2014-06-06','1'),
('A000023','E000001','A000001','2017-01-31','1'),
('A000024','E000005','A000003','2016-02-17','1'),
('A000025','E000005','A000002','2014-04-05','1'),
('A000026','E000004','A000005','2016-05-28','1'),
('A000027','E000004','A000004','2018-06-28','1'),
('A000028','E000004','A000003','2017-03-06','1'),
('A000029','E000001','A000001','2017-03-12','1'),
('A000030','E000003','A000004','2017-04-01','1'),
('A000031','E000004','A000005','2018-09-12','1'),
('A000032','E000005','A000002','2014-08-09','1'),
('A000033','E000005','A000003','2016-08-13','1'),
('A000034','E000003','A000003','2016-12-12','1'),
('A000035','E000005','A000002','2018-01-15','1'),
('A000036','E000002','A000004','2014-05-01','1'),
('A000037','E000004','A000002','2015-11-01','1'),
('A000038','E000002','A000001','2018-11-10','1'),
('A000039','E000001','A000003','2014-05-05','1'),
('A000040','E000001','A000003','2016-10-11','1'),
('A000041','E000004','A000003','2017-05-24','1'),
('A000042','E000004','A000003','2017-02-22','1'),
('A000043','E000001','A000001','2014-03-03','1'),
('A000044','E000003','A000004','2017-03-27','1'),
('A000045','E000002','A000001','2018-08-16','1'),
('A000046','E000002','A000002','2018-05-01','1'),
('A000047','E000004','A000002','2016-06-19','1'),
('A000048','E000004','A000002','2014-04-23','1'),
('A000049','E000005','A000005','2016-09-04','1'),
('A000050','E000001','A000001','2017-02-22','1'),
('A000051','E000005','A000005','2015-03-29','1'),
('A000052','E000001','A000001','2014-07-29','1'),
('A000053','E000003','A000004','2018-12-26','1'),
('A000054','E000002','A000003','2015-03-01','1'),
('A000055','E000002','A000004','2018-01-16','1'),
('A000056','E000001','A000005','2015-10-27','1'),
('A000057','E000005','A000003','2014-01-16','1'),
('A000058','E000005','A000003','2017-07-06','1'),
('A000059','E000001','A000004','2016-04-18','1'),
('A000060','E000002','A000004','2016-04-13','1'),
('A000061','E000004','A000004','2018-03-11','1'),
('A000062','E000002','A000003','2017-04-09','1'),
('A000063','E000001','A000005','2017-01-08','1'),
('A000064','E000004','A000001','2017-07-16','1'),
('A000065','E000001','A000004','2016-09-24','1'),
('A000066','E000004','A000001','2014-08-18','1'),
('A000067','E000005','A000005','2018-04-23','1'),
('A000068','E000003','A000005','2014-09-01','1'),
('A000069','E000004','A000003','2016-09-06','1'),
('A000070','E000001','A000003','2018-06-21','1'),
('A000071','E000004','A000003','2017-09-25','1'),
('A000072','E000003','A000001','2018-05-17','1'),
('A000073','E000002','A000004','2014-09-03','1'),
('A000074','E000001','A000004','2016-04-08','1'),
('A000075','E000003','A000002','2014-04-02','1'),
('A000076','E000005','A000005','2015-11-13','1'),
('A000077','E000002','A000001','2015-12-29','1'),
('A000078','E000005','A000003','2014-08-24','1'),
('A000079','E000004','A000003','2014-04-19','1'),
('A000080','E000001','A000003','2014-01-23','1'),
('A000081','E000001','A000004','2015-03-14','1'),
('A000082','E000004','A000002','2017-04-13','1'),
('A000083','E000005','A000005','2017-09-01','1'),
('A000084','E000003','A000001','2016-11-20','1'),
('A000085','E000005','A000003','2014-11-01','1'),
('A000086','E000001','A000002','2014-03-07','1'),
('A000087','E000001','A000001','2017-05-10','1'),
('A000088','E000003','A000002','2016-03-11','1'),
('A000089','E000001','A000004','2016-08-18','1'),
('A000090','E000003','A000002','2016-06-26','1'),
('A000091','E000004','A000003','2015-09-24','1'),
('A000092','E000003','A000002','2014-09-04','1'),
('A000093','E000004','A000004','2014-01-04','1'),
('A000094','E000002','A000005','2014-06-17','1'),
('A000095','E000003','A000003','2016-09-08','1'),
('A000096','E000005','A000001','2018-04-07','1'),
('A000097','E000005','A000002','2016-01-30','1'),
('A000098','E000004','A000003','2017-03-28','1'),
('A000099','E000002','A000002','2014-11-01','1'),
('A000100','E000002','A000003','2014-12-08','1');
drop table  if exists access_data;
create table access_data (
	id	  	varchar(32) not null,
	role	  	varchar(64),
	version	  	int,
	primary key(id)
) ENGINE=InnoDB DEFAULT CHARSET=utf8;
insert into access_data values
('A000001','R000002','1'),
('A000002','R000003','1'),
('A000003','R000003','1'),
('A000004','R000003','1'),
('A000005','R000005','1'),
('A000006','R000002','1'),
('A000007','R000005','1'),
('A000008','R000002','1'),
('A000009','R000001','1'),
('A000010','R000001','1'),
('A000011','R000004','1'),
('A000012','R000002','1'),
('A000013','R000002','1'),
('A000014','R000005','1'),
('A000015','R000001','1'),
('A000016','R000004','1'),
('A000017','R000005','1'),
('A000018','R000004','1'),
('A000019','R000001','1'),
('A000020','R000001','1'),
('A000021','R000001','1'),
('A000022','R000001','1'),
('A000023','R000001','1'),
('A000024','R000005','1'),
('A000025','R000004','1'),
('A000026','R000004','1'),
('A000027','R000002','1'),
('A000028','R000001','1'),
('A000029','R000005','1'),
('A000030','R000001','1'),
('A000031','R000005','1'),
('A000032','R000001','1'),
('A000033','R000002','1'),
('A000034','R000002','1'),
('A000035','R000001','1'),
('A000036','R000001','1'),
('A000037','R000004','1'),
('A000038','R000005','1'),
('A000039','R000003','1'),
('A000040','R000001','1'),
('A000041','R000005','1'),
('A000042','R000001','1'),
('A000043','R000003','1'),
('A000044','R000005','1'),
('A000045','R000002','1'),
('A000046','R000005','1'),
('A000047','R000003','1'),
('A000048','R000001','1'),
('A000049','R000001','1'),
('A000050','R000001','1'),
('A000051','R000002','1'),
('A000052','R000005','1'),
('A000053','R000005','1'),
('A000054','R000001','1'),
('A000055','R000001','1'),
('A000056','R000002','1'),
('A000057','R000005','1'),
('A000058','R000002','1'),
('A000059','R000002','1'),
('A000060','R000003','1'),
('A000061','R000002','1'),
('A000062','R000005','1'),
('A000063','R000003','1'),
('A000064','R000005','1'),
('A000065','R000005','1'),
('A000066','R000003','1'),
('A000067','R000001','1'),
('A000068','R000001','1'),
('A000069','R000005','1'),
('A000070','R000002','1'),
('A000071','R000004','1'),
('A000072','R000003','1'),
('A000073','R000002','1'),
('A000074','R000004','1'),
('A000075','R000004','1'),
('A000076','R000002','1'),
('A000077','R000004','1'),
('A000078','R000005','1'),
('A000079','R000002','1'),
('A000080','R000002','1'),
('A000081','R000005','1'),
('A000082','R000002','1'),
('A000083','R000001','1'),
('A000084','R000001','1'),
('A000085','R000001','1'),
('A000086','R000004','1'),
('A000087','R000005','1'),
('A000088','R000005','1'),
('A000089','R000005','1'),
('A000090','R000002','1'),
('A000091','R000003','1'),
('A000092','R000004','1'),
('A000093','R000001','1'),
('A000094','R000002','1'),
('A000095','R000001','1'),
('A000096','R000003','1'),
('A000097','R000001','1'),
('A000098','R000005','1'),
('A000099','R000005','1'),
('A000100','R000003','1');
drop table  if exists order_data;
create table order_data (
	id	  	varchar(32) not null,
	buyer	  	varchar(64),
	seller	  	varchar(64),
	title	  	varchar(32),
	total_amount	  	numeric(6,2),
	type	  	varchar(16),
	version	  	int,
	primary key(id)
) ENGINE=InnoDB DEFAULT CHARSET=utf8;
insert into order_data values
('O000001','BC000001','SC000001','order title - 3800','10.02879657900117','order3801','1'),
('O000002','BC000005','SC000005','order title - 3802','147.2024689312608','order3803','1'),
('O000003','BC000005','SC000001','order title - 3804','284.76908749695104','order3805','1'),
('O000004','BC000003','SC000001','order title - 3806','216.74296333491398','order3807','1'),
('O000005','BC000003','SC000004','order title - 3808','92.02913946818482','order3809','1'),
('O000006','BC000002','SC000005','order title - 3810','172.6384463006553','order3811','1'),
('O000007','BC000004','SC000004','order title - 3812','145.68218612426304','order3813','1'),
('O000008','BC000001','SC000005','order title - 3814','266.2189480599007','order3815','1'),
('O000009','BC000002','SC000004','order title - 3816','230.0252378264878','order3817','1'),
('O000010','BC000003','SC000004','order title - 3818','42.21695780900991','order3819','1'),
('O000011','BC000001','SC000004','order title - 3820','173.11475128254202','order3821','1'),
('O000012','BC000005','SC000004','order title - 3822','60.21658259148155','order3823','1'),
('O000013','BC000004','SC000003','order title - 3824','44.44876774186392','order3825','1'),
('O000014','BC000005','SC000003','order title - 3826','260.0964299735335','order3827','1'),
('O000015','BC000004','SC000001','order title - 3828','175.91082929834488','order3829','1'),
('O000016','BC000005','SC000001','order title - 3830','194.63606155964777','order3831','1'),
('O000017','BC000005','SC000005','order title - 3832','232.19769966780828','order3833','1'),
('O000018','BC000005','SC000003','order title - 3834','40.52195706128346','order3835','1'),
('O000019','BC000004','SC000005','order title - 3836','241.57547976313356','order3837','1'),
('O000020','BC000005','SC000003','order title - 3838','242.26206587933342','order3839','1'),
('O000021','BC000001','SC000002','order title - 3840','211.90518408857494','order3841','1'),
('O000022','BC000003','SC000005','order title - 3842','224.47599323504818','order3843','1'),
('O000023','BC000001','SC000001','order title - 3844','253.03815511189504','order3845','1'),
('O000024','BC000005','SC000002','order title - 3846','292.4014356138937','order3847','1'),
('O000025','BC000002','SC000001','order title - 3848','134.7756359462556','order3849','1'),
('O000026','BC000005','SC000005','order title - 3850','66.81699010155079','order3851','1'),
('O000027','BC000003','SC000005','order title - 3852','82.43484463298685','order3853','1'),
('O000028','BC000001','SC000002','order title - 3854','0.35017457647325895','order3855','1'),
('O000029','BC000005','SC000004','order title - 3856','70.69235407074162','order3857','1'),
('O000030','BC000003','SC000001','order title - 3858','33.02013195341241','order3859','1'),
('O000031','BC000001','SC000002','order title - 3860','204.63486446868708','order3861','1'),
('O000032','BC000004','SC000003','order title - 3862','276.0932248511275','order3863','1'),
('O000033','BC000004','SC000003','order title - 3864','48.29724658024176','order3865','1'),
('O000034','BC000005','SC000001','order title - 3866','218.30103658668352','order3867','1'),
('O000035','BC000003','SC000001','order title - 3868','89.41068630296478','order3869','1'),
('O000036','BC000004','SC000004','order title - 3870','243.07362019434123','order3871','1'),
('O000037','BC000003','SC000001','order title - 3872','48.4319972292825','order3873','1'),
('O000038','BC000002','SC000001','order title - 3874','110.44282475285458','order3875','1'),
('O000039','BC000004','SC000004','order title - 3876','226.01404730552406','order3877','1'),
('O000040','BC000001','SC000002','order title - 3878','260.85298771678157','order3879','1'),
('O000041','BC000004','SC000005','order title - 3880','84.31098713068396','order3881','1'),
('O000042','BC000004','SC000001','order title - 3882','285.9384148923523','order3883','1'),
('O000043','BC000005','SC000001','order title - 3884','211.55904151689384','order3885','1'),
('O000044','BC000004','SC000005','order title - 3886','224.103657115846','order3887','1'),
('O000045','BC000001','SC000005','order title - 3888','228.83013126978278','order3889','1'),
('O000046','BC000003','SC000002','order title - 3890','115.18453613172827','order3891','1'),
('O000047','BC000003','SC000001','order title - 3892','241.98284613169878','order3893','1'),
('O000048','BC000003','SC000005','order title - 3894','156.0629772733981','order3895','1'),
('O000049','BC000003','SC000001','order title - 3896','73.02192139664075','order3897','1'),
('O000050','BC000004','SC000002','order title - 3898','222.4205252067861','order3899','1'),
('O000051','BC000004','SC000003','order title - 3900','16.017046078956195','order3901','1'),
('O000052','BC000004','SC000003','order title - 3902','211.10353963691594','order3903','1'),
('O000053','BC000003','SC000004','order title - 3904','230.40551176206026','order3905','1'),
('O000054','BC000002','SC000004','order title - 3906','141.4943383398934','order3907','1'),
('O000055','BC000001','SC000002','order title - 3908','152.557644222358','order3909','1'),
('O000056','BC000001','SC000001','order title - 3910','207.22866919381445','order3911','1'),
('O000057','BC000004','SC000005','order title - 3912','95.85207216821145','order3913','1'),
('O000058','BC000005','SC000005','order title - 3914','133.52003985901288','order3915','1'),
('O000059','BC000003','SC000003','order title - 3916','93.66895745312014','order3917','1'),
('O000060','BC000001','SC000003','order title - 3918','282.85039938410756','order3919','1'),
('O000061','BC000003','SC000004','order title - 3920','124.02910174612971','order3921','1'),
('O000062','BC000001','SC000002','order title - 3922','178.5052672135535','order3923','1'),
('O000063','BC000005','SC000004','order title - 3924','56.47690697422933','order3925','1'),
('O000064','BC000004','SC000004','order title - 3926','0.8278963958238399','order3927','1'),
('O000065','BC000004','SC000004','order title - 3928','155.74371790562208','order3929','1'),
('O000066','BC000001','SC000004','order title - 3930','99.59402325722144','order3931','1'),
('O000067','BC000005','SC000003','order title - 3932','253.39927498668132','order3933','1'),
('O000068','BC000004','SC000004','order title - 3934','55.71713392763498','order3935','1'),
('O000069','BC000004','SC000004','order title - 3936','72.73352517824881','order3937','1'),
('O000070','BC000004','SC000003','order title - 3938','201.60939602448872','order3939','1'),
('O000071','BC000002','SC000002','order title - 3940','72.88565137362134','order3941','1'),
('O000072','BC000001','SC000003','order title - 3942','93.9083666408907','order3943','1'),
('O000073','BC000005','SC000004','order title - 3944','241.61480616562554','order3945','1'),
('O000074','BC000002','SC000001','order title - 3946','58.77262858009348','order3947','1'),
('O000075','BC000005','SC000003','order title - 3948','105.29711821103704','order3949','1'),
('O000076','BC000005','SC000001','order title - 3950','154.00585593716542','order3951','1'),
('O000077','BC000004','SC000002','order title - 3952','213.47164981870262','order3953','1'),
('O000078','BC000002','SC000005','order title - 3954','187.41926720090652','order3955','1'),
('O000079','BC000003','SC000003','order title - 3956','208.98568777727073','order3957','1'),
('O000080','BC000001','SC000004','order title - 3958','125.07493030364705','order3959','1'),
('O000081','BC000003','SC000003','order title - 3960','162.87545171971604','order3961','1'),
('O000082','BC000003','SC000002','order title - 3962','209.02988722270618','order3963','1'),
('O000083','BC000005','SC000001','order title - 3964','35.95584321349679','order3965','1'),
('O000084','BC000005','SC000002','order title - 3966','145.80444213993917','order3967','1'),
('O000085','BC000004','SC000001','order title - 3968','119.12330953827733','order3969','1'),
('O000086','BC000005','SC000004','order title - 3970','171.02219960281002','order3971','1'),
('O000087','BC000002','SC000004','order title - 3972','44.465633614983766','order3973','1'),
('O000088','BC000002','SC000003','order title - 3974','126.1283051410968','order3975','1'),
('O000089','BC000001','SC000004','order title - 3976','259.97463862547943','order3977','1'),
('O000090','BC000002','SC000003','order title - 3978','204.953173129663','order3979','1'),
('O000091','BC000005','SC000005','order title - 3980','202.9119656222931','order3981','1'),
('O000092','BC000003','SC000004','order title - 3982','227.77778298836503','order3983','1'),
('O000093','BC000002','SC000001','order title - 3984','112.6292600852744','order3985','1'),
('O000094','BC000004','SC000001','order title - 3986','88.13402378160951','order3987','1'),
('O000095','BC000001','SC000004','order title - 3988','34.46482752253186','order3989','1'),
('O000096','BC000005','SC000004','order title - 3990','244.9567530469046','order3991','1'),
('O000097','BC000001','SC000001','order title - 3992','110.28621749076729','order3993','1'),
('O000098','BC000003','SC000002','order title - 3994','163.8878602587848','order3995','1'),
('O000099','BC000002','SC000001','order title - 3996','215.00754729532068','order3997','1'),
('O000100','BC000003','SC000004','order title - 3998','26.605274538379597','order3999','1');
drop table  if exists line_item_data;
create table line_item_data (
	id	  	varchar(40) not null,
	biz_order	  	varchar(64),
	sku_id	  	varchar(8),
	sku_name	  	varchar(24),
	amount	  	numeric(5,2),
	quantity	  	int,
	version	  	int,
	primary key(id)
) ENGINE=InnoDB DEFAULT CHARSET=utf8;
insert into line_item_data values
('LI000001','O000005','SKU4000','iPhone - 4001','5.664201702168518','1','1'),
('LI000002','O000001','SKU4002','iPhone - 4003','0.03557335882191931','10','1'),
('LI000003','O000004','SKU4004','iPhone - 4005','21.793142991054786','5','1'),
('LI000004','O000004','SKU4006','iPhone - 4007','15.916760531027892','2','1'),
('LI000005','O000004','SKU4008','iPhone - 4009','19.89777730065423','4','1'),
('LI000006','O000003','SKU4010','iPhone - 4011','19.61359572472189','4','1'),
('LI000007','O000001','SKU4012','iPhone - 4013','9.889938315189934','10','1'),
('LI000008','O000005','SKU4014','iPhone - 4015','3.217684757766932','5','1'),
('LI000009','O000001','SKU4016','iPhone - 4017','19.588194871512883','5','1'),
('LI000010','O000005','SKU4018','iPhone - 4019','16.47042138921857','4','1'),
('LI000011','O000003','SKU4020','iPhone - 4021','13.436777364631746','5','1'),
('LI000012','O000004','SKU4022','iPhone - 4023','18.93076539015394','6','1'),
('LI000013','O000001','SKU4024','iPhone - 4025','9.077087298089651','4','1'),
('LI000014','O000001','SKU4026','iPhone - 4027','13.577848774810729','3','1'),
('LI000015','O000005','SKU4028','iPhone - 4029','16.71192302476067','2','1'),
('LI000016','O000004','SKU4030','iPhone - 4031','15.56116168214447','10','1'),
('LI000017','O000001','SKU4032','iPhone - 4033','1.7874908808262069','9','1'),
('LI000018','O000002','SKU4034','iPhone - 4035','4.492005641369586','10','1'),
('LI000019','O000005','SKU4036','iPhone - 4037','0.6930092750535236','8','1'),
('LI000020','O000001','SKU4038','iPhone - 4039','1.6385562296617182','6','1'),
('LI000021','O000002','SKU4040','iPhone - 4041','13.154453850713107','1','1'),
('LI000022','O000001','SKU4042','iPhone - 4043','4.057797331809031','5','1'),
('LI000023','O000002','SKU4044','iPhone - 4045','2.0663397216103854','8','1'),
('LI000024','O000003','SKU4046','iPhone - 4047','5.970339744630183','9','1'),
('LI000025','O000002','SKU4048','iPhone - 4049','9.695962543495572','5','1'),
('LI000026','O000004','SKU4050','iPhone - 4051','11.141095731587557','9','1'),
('LI000027','O000001','SKU4052','iPhone - 4053','5.412122531202595','10','1'),
('LI000028','O000005','SKU4054','iPhone - 4055','0.4423208653345946','2','1'),
('LI000029','O000005','SKU4056','iPhone - 4057','7.56789591870103','7','1'),
('LI000030','O000003','SKU4058','iPhone - 4059','5.635819622362834','10','1'),
('LI000031','O000001','SKU4060','iPhone - 4061','12.833731939750683','3','1'),
('LI000032','O000005','SKU4062','iPhone - 4063','21.673380253567974','5','1'),
('LI000033','O000001','SKU4064','iPhone - 4065','6.246209318694771','8','1'),
('LI000034','O000001','SKU4066','iPhone - 4067','12.456672780024734','8','1'),
('LI000035','O000004','SKU4068','iPhone - 4069','15.613744315351125','10','1'),
('LI000036','O000004','SKU4070','iPhone - 4071','11.958011449299079','3','1'),
('LI000037','O000002','SKU4072','iPhone - 4073','23.666826171906656','6','1'),
('LI000038','O000001','SKU4074','iPhone - 4075','11.6472472069093','3','1'),
('LI000039','O000001','SKU4076','iPhone - 4077','1.2569376962196361','1','1'),
('LI000040','O000005','SKU4078','iPhone - 4079','17.50854793727719','3','1'),
('LI000041','O000002','SKU4080','iPhone - 4081','10.928842114668052','7','1'),
('LI000042','O000003','SKU4082','iPhone - 4083','14.907444223575643','7','1'),
('LI000043','O000002','SKU4084','iPhone - 4085','8.470704944012287','6','1'),
('LI000044','O000002','SKU4086','iPhone - 4087','22.43700947816823','2','1'),
('LI000045','O000004','SKU4088','iPhone - 4089','0.859552587757472','4','1'),
('LI000046','O000002','SKU4090','iPhone - 4091','23.2037232779075','5','1'),
('LI000047','O000004','SKU4092','iPhone - 4093','23.696417510636962','1','1'),
('LI000048','O000005','SKU4094','iPhone - 4095','13.744989192082748','2','1'),
('LI000049','O000005','SKU4096','iPhone - 4097','16.440554862357974','2','1'),
('LI000050','O000003','SKU4098','iPhone - 4099','8.940572974437718','2','1'),
('LI000051','O000001','SKU4100','iPhone - 4101','10.721153236612269','7','1'),
('LI000052','O000001','SKU4102','iPhone - 4103','23.878763288760236','4','1'),
('LI000053','O000001','SKU4104','iPhone - 4105','4.582716519404479','9','1'),
('LI000054','O000003','SKU4106','iPhone - 4107','19.331765265540874','2','1'),
('LI000055','O000002','SKU4108','iPhone - 4109','21.617914371957987','8','1'),
('LI000056','O000001','SKU4110','iPhone - 4111','23.225911652647984','4','1'),
('LI000057','O000002','SKU4112','iPhone - 4113','18.954158576297242','1','1'),
('LI000058','O000001','SKU4114','iPhone - 4115','23.0554744862054','6','1'),
('LI000059','O000002','SKU4116','iPhone - 4117','15.703963274279282','8','1'),
('LI000060','O000004','SKU4118','iPhone - 4119','12.059130063457044','7','1'),
('LI000061','O000002','SKU4120','iPhone - 4121','4.569580940837797','4','1'),
('LI000062','O000001','SKU4122','iPhone - 4123','17.758131160539758','5','1'),
('LI000063','O000001','SKU4124','iPhone - 4125','7.75124299845214','4','1'),
('LI000064','O000005','SKU4126','iPhone - 4127','3.732641168543756','2','1'),
('LI000065','O000004','SKU4128','iPhone - 4129','0.6812263846459833','9','1'),
('LI000066','O000002','SKU4130','iPhone - 4131','17.44802555619561','7','1'),
('LI000067','O000005','SKU4132','iPhone - 4133','1.6799750281865187','4','1'),
('LI000068','O000003','SKU4134','iPhone - 4135','3.6466374904734877','3','1'),
('LI000069','O000002','SKU4136','iPhone - 4137','7.8915817720260675','8','1'),
('LI000070','O000003','SKU4138','iPhone - 4139','10.331089231657892','3','1'),
('LI000071','O000005','SKU4140','iPhone - 4141','12.196489931679967','3','1'),
('LI000072','O000004','SKU4142','iPhone - 4143','13.565526109617874','6','1'),
('LI000073','O000005','SKU4144','iPhone - 4145','9.015527924150522','5','1'),
('LI000074','O000005','SKU4146','iPhone - 4147','21.438048605533773','8','1'),
('LI000075','O000001','SKU4148','iPhone - 4149','2.4691023180699867','9','1'),
('LI000076','O000001','SKU4150','iPhone - 4151','7.7064054948513645','4','1'),
('LI000077','O000005','SKU4152','iPhone - 4153','16.905055097841995','10','1'),
('LI000078','O000004','SKU4154','iPhone - 4155','6.504197512477568','7','1'),
('LI000079','O000004','SKU4156','iPhone - 4157','0.18141806009574063','6','1'),
('LI000080','O000005','SKU4158','iPhone - 4159','23.24517597811384','9','1'),
('LI000081','O000003','SKU4160','iPhone - 4161','15.122907832569743','8','1'),
('LI000082','O000003','SKU4162','iPhone - 4163','2.0404079434911973','10','1'),
('LI000083','O000002','SKU4164','iPhone - 4165','7.6508564738419285','7','1'),
('LI000084','O000005','SKU4166','iPhone - 4167','0.7489440784010226','10','1'),
('LI000085','O000005','SKU4168','iPhone - 4169','19.312559434496134','7','1'),
('LI000086','O000001','SKU4170','iPhone - 4171','4.826686841593534','5','1'),
('LI000087','O000001','SKU4172','iPhone - 4173','15.12136372089493','4','1'),
('LI000088','O000004','SKU4174','iPhone - 4175','4.7750044286933555','6','1'),
('LI000089','O000005','SKU4176','iPhone - 4177','19.860775483148892','8','1'),
('LI000090','O000003','SKU4178','iPhone - 4179','23.697584079278485','1','1'),
('LI000091','O000001','SKU4180','iPhone - 4181','14.893313267436996','10','1'),
('LI000092','O000002','SKU4182','iPhone - 4183','20.398556076027763','4','1'),
('LI000093','O000001','SKU4184','iPhone - 4185','19.795699606576672','7','1'),
('LI000094','O000005','SKU4186','iPhone - 4187','18.002060795876584','9','1'),
('LI000095','O000001','SKU4188','iPhone - 4189','3.6304126535266255','7','1'),
('LI000096','O000003','SKU4190','iPhone - 4191','3.0535509943919683','2','1'),
('LI000097','O000003','SKU4192','iPhone - 4193','5.997870516159715','8','1'),
('LI000098','O000004','SKU4194','iPhone - 4195','6.75906812408858','7','1'),
('LI000099','O000004','SKU4196','iPhone - 4197','23.643072023583102','4','1'),
('LI000100','O000001','SKU4198','iPhone - 4199','7.36357926147859','1','1');
drop table  if exists shipping_group_data;
create table shipping_group_data (
	id	  	varchar(48) not null,
	name	  	varchar(56),
	biz_order	  	varchar(64),
	address	  	varchar(64),
	amount	  	numeric(4,2),
	version	  	int,
	primary key(id)
) ENGINE=InnoDB DEFAULT CHARSET=utf8;
insert into shipping_group_data values
('SG000001','shipping to this address4200','O000005','SA000005','2.094726615717236','1'),
('SG000002','shipping to this address4201','O000002','SA000002','1.492072244749015','1'),
('SG000003','shipping to this address4202','O000002','SA000005','2.4341434421007015','1'),
('SG000004','shipping to this address4203','O000002','SA000002','4.028885499600191','1'),
('SG000005','shipping to this address4204','O000004','SA000001','1.7887949965572443','1'),
('SG000006','shipping to this address4205','O000001','SA000004','2.437275656423245','1'),
('SG000007','shipping to this address4206','O000001','SA000004','3.3560769691439774','1'),
('SG000008','shipping to this address4207','O000004','SA000001','2.5337219634110535','1'),
('SG000009','shipping to this address4208','O000002','SA000005','4.002638805260922','1'),
('SG000010','shipping to this address4209','O000001','SA000002','5.426521115484202','1'),
('SG000011','shipping to this address4210','O000005','SA000003','2.0941245776784796','1'),
('SG000012','shipping to this address4211','O000001','SA000003','2.039010420954414','1'),
('SG000013','shipping to this address4212','O000005','SA000001','2.1097147373248046','1'),
('SG000014','shipping to this address4213','O000004','SA000004','2.3390962151215224','1'),
('SG000015','shipping to this address4214','O000005','SA000005','2.0187968045763287','1'),
('SG000016','shipping to this address4215','O000004','SA000001','3.5806607778472856','1'),
('SG000017','shipping to this address4216','O000002','SA000002','1.5726606281911322','1'),
('SG000018','shipping to this address4217','O000002','SA000001','3.203209561653976','1'),
('SG000019','shipping to this address4218','O000001','SA000001','1.4302262209686873','1'),
('SG000020','shipping to this address4219','O000003','SA000002','3.0018579224679605','1'),
('SG000021','shipping to this address4220','O000003','SA000003','4.207071236654619','1'),
('SG000022','shipping to this address4221','O000003','SA000004','3.4352012948747155','1'),
('SG000023','shipping to this address4222','O000002','SA000003','5.068003632064632','1'),
('SG000024','shipping to this address4223','O000003','SA000002','1.237784979834013','1'),
('SG000025','shipping to this address4224','O000002','SA000003','4.787165423324828','1'),
('SG000026','shipping to this address4225','O000005','SA000001','4.362473887212716','1'),
('SG000027','shipping to this address4226','O000004','SA000003','2.6961611512195915','1'),
('SG000028','shipping to this address4227','O000001','SA000005','3.075971582507579','1'),
('SG000029','shipping to this address4228','O000003','SA000002','1.250465283076238','1'),
('SG000030','shipping to this address4229','O000005','SA000003','0.7346961606491592','1'),
('SG000031','shipping to this address4230','O000005','SA000003','1.0708173145298465','1'),
('SG000032','shipping to this address4231','O000005','SA000001','5.604048116938527','1'),
('SG000033','shipping to this address4232','O000001','SA000001','1.4083784129772057','1'),
('SG000034','shipping to this address4233','O000002','SA000003','1.3394028636834834','1'),
('SG000035','shipping to this address4234','O000003','SA000001','3.256990550185269','1'),
('SG000036','shipping to this address4235','O000001','SA000005','0.1537331585662786','1'),
('SG000037','shipping to this address4236','O000004','SA000002','0.6402902540927315','1'),
('SG000038','shipping to this address4237','O000005','SA000001','4.183123452743422','1'),
('SG000039','shipping to this address4238','O000005','SA000005','3.2460193593597517','1'),
('SG000040','shipping to this address4239','O000002','SA000004','3.635352726788014','1'),
('SG000041','shipping to this address4240','O000003','SA000005','2.3804223762380357','1'),
('SG000042','shipping to this address4241','O000003','SA000001','4.977622906668557','1'),
('SG000043','shipping to this address4242','O000005','SA000005','5.135898628140664','1'),
('SG000044','shipping to this address4243','O000002','SA000004','0.8911139737574204','1'),
('SG000045','shipping to this address4244','O000002','SA000001','2.889300213213807','1'),
('SG000046','shipping to this address4245','O000001','SA000004','1.8427186675006546','1'),
('SG000047','shipping to this address4246','O000004','SA000002','0.413644967806351','1'),
('SG000048','shipping to this address4247','O000002','SA000002','0.10770292452047595','1'),
('SG000049','shipping to this address4248','O000003','SA000002','2.9352020659545683','1'),
('SG000050','shipping to this address4249','O000004','SA000003','1.4824617674829714','1'),
('SG000051','shipping to this address4250','O000005','SA000005','1.6915524590259565','1'),
('SG000052','shipping to this address4251','O000003','SA000002','4.379570188387116','1'),
('SG000053','shipping to this address4252','O000004','SA000004','2.4954182118028525','1'),
('SG000054','shipping to this address4253','O000002','SA000004','4.990231336911684','1'),
('SG000055','shipping to this address4254','O000001','SA000003','1.6578758026876317','1'),
('SG000056','shipping to this address4255','O000002','SA000003','3.833496952502408','1'),
('SG000057','shipping to this address4256','O000003','SA000005','5.712556915014784','1'),
('SG000058','shipping to this address4257','O000005','SA000005','4.640485795171543','1'),
('SG000059','shipping to this address4258','O000005','SA000004','0.5071040416437026','1'),
('SG000060','shipping to this address4259','O000004','SA000002','4.132698547541013','1'),
('SG000061','shipping to this address4260','O000002','SA000004','0.6274652673829819','1'),
('SG000062','shipping to this address4261','O000005','SA000003','0.7905519081375771','1'),
('SG000063','shipping to this address4262','O000002','SA000002','5.415538739629742','1'),
('SG000064','shipping to this address4263','O000001','SA000005','0.054826495236980084','1'),
('SG000065','shipping to this address4264','O000005','SA000001','5.117611733726218','1'),
('SG000066','shipping to this address4265','O000004','SA000004','4.254902410053056','1'),
('SG000067','shipping to this address4266','O000005','SA000004','2.3043875649096854','1'),
('SG000068','shipping to this address4267','O000003','SA000003','0.6427721188196076','1'),
('SG000069','shipping to this address4268','O000001','SA000004','5.967990199958824','1'),
('SG000070','shipping to this address4269','O000003','SA000004','2.0968865331148487','1'),
('SG000071','shipping to this address4270','O000002','SA000003','3.7350161125450243','1'),
('SG000072','shipping to this address4271','O000001','SA000001','2.350151771520849','1'),
('SG000073','shipping to this address4272','O000004','SA000002','4.3507540959335795','1'),
('SG000074','shipping to this address4273','O000001','SA000004','5.588818693557186','1'),
('SG000075','shipping to this address4274','O000001','SA000003','3.9493678676144417','1'),
('SG000076','shipping to this address4275','O000004','SA000001','3.284770692112108','1'),
('SG000077','shipping to this address4276','O000002','SA000003','4.549878164889439','1'),
('SG000078','shipping to this address4277','O000001','SA000001','5.060723384219254','1'),
('SG000079','shipping to this address4278','O000003','SA000001','5.162870888793886','1'),
('SG000080','shipping to this address4279','O000003','SA000001','0.3532170199534174','1'),
('SG000081','shipping to this address4280','O000004','SA000003','3.268170570264155','1'),
('SG000082','shipping to this address4281','O000003','SA000004','5.690849654543866','1'),
('SG000083','shipping to this address4282','O000005','SA000003','2.267393472357203','1'),
('SG000084','shipping to this address4283','O000001','SA000003','4.83802432907651','1'),
('SG000085','shipping to this address4284','O000005','SA000002','3.7159203399469716','1'),
('SG000086','shipping to this address4285','O000002','SA000004','5.167331501168921','1'),
('SG000087','shipping to this address4286','O000005','SA000004','4.307991526033325','1'),
('SG000088','shipping to this address4287','O000003','SA000001','1.4455763270652073','1'),
('SG000089','shipping to this address4288','O000001','SA000001','1.5533679502924966','1'),
('SG000090','shipping to this address4289','O000003','SA000003','2.560068638884887','1'),
('SG000091','shipping to this address4290','O000004','SA000001','3.8393106750279684','1'),
('SG000092','shipping to this address4291','O000002','SA000002','0.24808701029377977','1'),
('SG000093','shipping to this address4292','O000005','SA000001','2.2530207753083515','1'),
('SG000094','shipping to this address4293','O000002','SA000001','5.175034044612655','1'),
('SG000095','shipping to this address4294','O000005','SA000002','4.3355629363415895','1'),
('SG000096','shipping to this address4295','O000002','SA000002','3.686595351377699','1'),
('SG000097','shipping to this address4296','O000004','SA000005','0.28261320202758994','1'),
('SG000098','shipping to this address4297','O000005','SA000001','5.819789827550259','1'),
('SG000099','shipping to this address4298','O000003','SA000001','2.521991132290934','1'),
('SG000100','shipping to this address4299','O000002','SA000004','5.9439580198132145','1');
drop table  if exists payment_group_data;
create table payment_group_data (
	id	  	varchar(48) not null,
	name	  	varchar(40),
	biz_order	  	varchar(64),
	card_number	  	varchar(40),
	billing_address	  	varchar(64),
	version	  	int,
	primary key(id)
) ENGINE=InnoDB DEFAULT CHARSET=utf8;
insert into payment_group_data values
('PG000001','visa card ending - 4300','O000002','4111 1111 1111 - 4301','BA000005','1'),
('PG000002','visa card ending - 4302','O000001','4111 1111 1111 - 4303','BA000002','1'),
('PG000003','visa card ending - 4304','O000004','4111 1111 1111 - 4305','BA000001','1'),
('PG000004','visa card ending - 4306','O000002','4111 1111 1111 - 4307','BA000002','1'),
('PG000005','visa card ending - 4308','O000005','4111 1111 1111 - 4309','BA000001','1'),
('PG000006','visa card ending - 4310','O000004','4111 1111 1111 - 4311','BA000005','1'),
('PG000007','visa card ending - 4312','O000002','4111 1111 1111 - 4313','BA000005','1'),
('PG000008','visa card ending - 4314','O000002','4111 1111 1111 - 4315','BA000002','1'),
('PG000009','visa card ending - 4316','O000003','4111 1111 1111 - 4317','BA000004','1'),
('PG000010','visa card ending - 4318','O000003','4111 1111 1111 - 4319','BA000002','1'),
('PG000011','visa card ending - 4320','O000004','4111 1111 1111 - 4321','BA000001','1'),
('PG000012','visa card ending - 4322','O000003','4111 1111 1111 - 4323','BA000004','1'),
('PG000013','visa card ending - 4324','O000002','4111 1111 1111 - 4325','BA000004','1'),
('PG000014','visa card ending - 4326','O000003','4111 1111 1111 - 4327','BA000005','1'),
('PG000015','visa card ending - 4328','O000002','4111 1111 1111 - 4329','BA000001','1'),
('PG000016','visa card ending - 4330','O000001','4111 1111 1111 - 4331','BA000001','1'),
('PG000017','visa card ending - 4332','O000003','4111 1111 1111 - 4333','BA000003','1'),
('PG000018','visa card ending - 4334','O000002','4111 1111 1111 - 4335','BA000004','1'),
('PG000019','visa card ending - 4336','O000002','4111 1111 1111 - 4337','BA000004','1'),
('PG000020','visa card ending - 4338','O000003','4111 1111 1111 - 4339','BA000001','1'),
('PG000021','visa card ending - 4340','O000003','4111 1111 1111 - 4341','BA000004','1'),
('PG000022','visa card ending - 4342','O000005','4111 1111 1111 - 4343','BA000005','1'),
('PG000023','visa card ending - 4344','O000002','4111 1111 1111 - 4345','BA000005','1'),
('PG000024','visa card ending - 4346','O000001','4111 1111 1111 - 4347','BA000002','1'),
('PG000025','visa card ending - 4348','O000002','4111 1111 1111 - 4349','BA000005','1'),
('PG000026','visa card ending - 4350','O000002','4111 1111 1111 - 4351','BA000005','1'),
('PG000027','visa card ending - 4352','O000004','4111 1111 1111 - 4353','BA000003','1'),
('PG000028','visa card ending - 4354','O000003','4111 1111 1111 - 4355','BA000005','1'),
('PG000029','visa card ending - 4356','O000005','4111 1111 1111 - 4357','BA000002','1'),
('PG000030','visa card ending - 4358','O000001','4111 1111 1111 - 4359','BA000004','1'),
('PG000031','visa card ending - 4360','O000003','4111 1111 1111 - 4361','BA000004','1'),
('PG000032','visa card ending - 4362','O000001','4111 1111 1111 - 4363','BA000002','1'),
('PG000033','visa card ending - 4364','O000003','4111 1111 1111 - 4365','BA000001','1'),
('PG000034','visa card ending - 4366','O000002','4111 1111 1111 - 4367','BA000001','1'),
('PG000035','visa card ending - 4368','O000005','4111 1111 1111 - 4369','BA000003','1'),
('PG000036','visa card ending - 4370','O000005','4111 1111 1111 - 4371','BA000005','1'),
('PG000037','visa card ending - 4372','O000003','4111 1111 1111 - 4373','BA000004','1'),
('PG000038','visa card ending - 4374','O000004','4111 1111 1111 - 4375','BA000001','1'),
('PG000039','visa card ending - 4376','O000005','4111 1111 1111 - 4377','BA000001','1'),
('PG000040','visa card ending - 4378','O000002','4111 1111 1111 - 4379','BA000003','1'),
('PG000041','visa card ending - 4380','O000004','4111 1111 1111 - 4381','BA000003','1'),
('PG000042','visa card ending - 4382','O000002','4111 1111 1111 - 4383','BA000002','1'),
('PG000043','visa card ending - 4384','O000001','4111 1111 1111 - 4385','BA000001','1'),
('PG000044','visa card ending - 4386','O000004','4111 1111 1111 - 4387','BA000001','1'),
('PG000045','visa card ending - 4388','O000003','4111 1111 1111 - 4389','BA000005','1'),
('PG000046','visa card ending - 4390','O000001','4111 1111 1111 - 4391','BA000002','1'),
('PG000047','visa card ending - 4392','O000003','4111 1111 1111 - 4393','BA000004','1'),
('PG000048','visa card ending - 4394','O000004','4111 1111 1111 - 4395','BA000002','1'),
('PG000049','visa card ending - 4396','O000005','4111 1111 1111 - 4397','BA000005','1'),
('PG000050','visa card ending - 4398','O000003','4111 1111 1111 - 4399','BA000005','1'),
('PG000051','visa card ending - 4400','O000005','4111 1111 1111 - 4401','BA000002','1'),
('PG000052','visa card ending - 4402','O000004','4111 1111 1111 - 4403','BA000005','1'),
('PG000053','visa card ending - 4404','O000001','4111 1111 1111 - 4405','BA000001','1'),
('PG000054','visa card ending - 4406','O000004','4111 1111 1111 - 4407','BA000004','1'),
('PG000055','visa card ending - 4408','O000001','4111 1111 1111 - 4409','BA000001','1'),
('PG000056','visa card ending - 4410','O000003','4111 1111 1111 - 4411','BA000001','1'),
('PG000057','visa card ending - 4412','O000004','4111 1111 1111 - 4413','BA000002','1'),
('PG000058','visa card ending - 4414','O000003','4111 1111 1111 - 4415','BA000004','1'),
('PG000059','visa card ending - 4416','O000004','4111 1111 1111 - 4417','BA000001','1'),
('PG000060','visa card ending - 4418','O000003','4111 1111 1111 - 4419','BA000005','1'),
('PG000061','visa card ending - 4420','O000005','4111 1111 1111 - 4421','BA000002','1'),
('PG000062','visa card ending - 4422','O000002','4111 1111 1111 - 4423','BA000002','1'),
('PG000063','visa card ending - 4424','O000005','4111 1111 1111 - 4425','BA000003','1'),
('PG000064','visa card ending - 4426','O000004','4111 1111 1111 - 4427','BA000003','1'),
('PG000065','visa card ending - 4428','O000001','4111 1111 1111 - 4429','BA000003','1'),
('PG000066','visa card ending - 4430','O000003','4111 1111 1111 - 4431','BA000003','1'),
('PG000067','visa card ending - 4432','O000004','4111 1111 1111 - 4433','BA000003','1'),
('PG000068','visa card ending - 4434','O000001','4111 1111 1111 - 4435','BA000001','1'),
('PG000069','visa card ending - 4436','O000005','4111 1111 1111 - 4437','BA000002','1'),
('PG000070','visa card ending - 4438','O000005','4111 1111 1111 - 4439','BA000004','1'),
('PG000071','visa card ending - 4440','O000004','4111 1111 1111 - 4441','BA000002','1'),
('PG000072','visa card ending - 4442','O000004','4111 1111 1111 - 4443','BA000005','1'),
('PG000073','visa card ending - 4444','O000002','4111 1111 1111 - 4445','BA000002','1'),
('PG000074','visa card ending - 4446','O000003','4111 1111 1111 - 4447','BA000003','1'),
('PG000075','visa card ending - 4448','O000005','4111 1111 1111 - 4449','BA000004','1'),
('PG000076','visa card ending - 4450','O000003','4111 1111 1111 - 4451','BA000001','1'),
('PG000077','visa card ending - 4452','O000001','4111 1111 1111 - 4453','BA000003','1'),
('PG000078','visa card ending - 4454','O000001','4111 1111 1111 - 4455','BA000004','1'),
('PG000079','visa card ending - 4456','O000002','4111 1111 1111 - 4457','BA000002','1'),
('PG000080','visa card ending - 4458','O000003','4111 1111 1111 - 4459','BA000003','1'),
('PG000081','visa card ending - 4460','O000002','4111 1111 1111 - 4461','BA000005','1'),
('PG000082','visa card ending - 4462','O000003','4111 1111 1111 - 4463','BA000002','1'),
('PG000083','visa card ending - 4464','O000002','4111 1111 1111 - 4465','BA000001','1'),
('PG000084','visa card ending - 4466','O000001','4111 1111 1111 - 4467','BA000002','1'),
('PG000085','visa card ending - 4468','O000004','4111 1111 1111 - 4469','BA000001','1'),
('PG000086','visa card ending - 4470','O000002','4111 1111 1111 - 4471','BA000001','1'),
('PG000087','visa card ending - 4472','O000002','4111 1111 1111 - 4473','BA000005','1'),
('PG000088','visa card ending - 4474','O000001','4111 1111 1111 - 4475','BA000004','1'),
('PG000089','visa card ending - 4476','O000002','4111 1111 1111 - 4477','BA000003','1'),
('PG000090','visa card ending - 4478','O000005','4111 1111 1111 - 4479','BA000004','1'),
('PG000091','visa card ending - 4480','O000002','4111 1111 1111 - 4481','BA000004','1'),
('PG000092','visa card ending - 4482','O000004','4111 1111 1111 - 4483','BA000004','1'),
('PG000093','visa card ending - 4484','O000004','4111 1111 1111 - 4485','BA000004','1'),
('PG000094','visa card ending - 4486','O000001','4111 1111 1111 - 4487','BA000002','1'),
('PG000095','visa card ending - 4488','O000005','4111 1111 1111 - 4489','BA000002','1'),
('PG000096','visa card ending - 4490','O000004','4111 1111 1111 - 4491','BA000001','1'),
('PG000097','visa card ending - 4492','O000003','4111 1111 1111 - 4493','BA000004','1'),
('PG000098','visa card ending - 4494','O000005','4111 1111 1111 - 4495','BA000004','1'),
('PG000099','visa card ending - 4496','O000002','4111 1111 1111 - 4497','BA000005','1'),
('PG000100','visa card ending - 4498','O000005','4111 1111 1111 - 4499','BA000005','1');
drop table  if exists cust_svc_rep_data;
create table cust_svc_rep_data (
	id	  	varchar(40) not null,
	email	  	varchar(48),
	role	  	varchar(64),
	company	  	varchar(64),
	version	  	int,
	primary key(id)
) ENGINE=InnoDB DEFAULT CHARSET=utf8;
insert into cust_svc_rep_data values
('CSR000001','philip_chang@174.com4500','R000004','SC000001','1'),
('CSR000002','philip_chang@174.com4501','R000002','SC000001','1'),
('CSR000003','philip_chang@174.com4502','R000005','SC000003','1'),
('CSR000004','philip_chang@174.com4503','R000001','SC000002','1'),
('CSR000005','philip_chang@174.com4504','R000003','SC000004','1'),
('CSR000006','philip_chang@174.com4505','R000003','SC000002','1'),
('CSR000007','philip_chang@174.com4506','R000002','SC000005','1'),
('CSR000008','philip_chang@174.com4507','R000004','SC000005','1'),
('CSR000009','philip_chang@174.com4508','R000004','SC000003','1'),
('CSR000010','philip_chang@174.com4509','R000003','SC000001','1'),
('CSR000011','philip_chang@174.com4510','R000003','SC000005','1'),
('CSR000012','philip_chang@174.com4511','R000005','SC000002','1'),
('CSR000013','philip_chang@174.com4512','R000005','SC000001','1'),
('CSR000014','philip_chang@174.com4513','R000005','SC000002','1'),
('CSR000015','philip_chang@174.com4514','R000005','SC000005','1'),
('CSR000016','philip_chang@174.com4515','R000003','SC000001','1'),
('CSR000017','philip_chang@174.com4516','R000003','SC000001','1'),
('CSR000018','philip_chang@174.com4517','R000005','SC000003','1'),
('CSR000019','philip_chang@174.com4518','R000002','SC000001','1'),
('CSR000020','philip_chang@174.com4519','R000005','SC000005','1'),
('CSR000021','philip_chang@174.com4520','R000001','SC000002','1'),
('CSR000022','philip_chang@174.com4521','R000004','SC000001','1'),
('CSR000023','philip_chang@174.com4522','R000005','SC000004','1'),
('CSR000024','philip_chang@174.com4523','R000005','SC000005','1'),
('CSR000025','philip_chang@174.com4524','R000004','SC000003','1'),
('CSR000026','philip_chang@174.com4525','R000002','SC000002','1'),
('CSR000027','philip_chang@174.com4526','R000005','SC000002','1'),
('CSR000028','philip_chang@174.com4527','R000003','SC000002','1'),
('CSR000029','philip_chang@174.com4528','R000005','SC000001','1'),
('CSR000030','philip_chang@174.com4529','R000001','SC000004','1'),
('CSR000031','philip_chang@174.com4530','R000002','SC000005','1'),
('CSR000032','philip_chang@174.com4531','R000003','SC000001','1'),
('CSR000033','philip_chang@174.com4532','R000003','SC000005','1'),
('CSR000034','philip_chang@174.com4533','R000003','SC000003','1'),
('CSR000035','philip_chang@174.com4534','R000004','SC000003','1'),
('CSR000036','philip_chang@174.com4535','R000005','SC000003','1'),
('CSR000037','philip_chang@174.com4536','R000004','SC000004','1'),
('CSR000038','philip_chang@174.com4537','R000005','SC000001','1'),
('CSR000039','philip_chang@174.com4538','R000003','SC000004','1'),
('CSR000040','philip_chang@174.com4539','R000005','SC000001','1'),
('CSR000041','philip_chang@174.com4540','R000005','SC000003','1'),
('CSR000042','philip_chang@174.com4541','R000005','SC000005','1'),
('CSR000043','philip_chang@174.com4542','R000003','SC000001','1'),
('CSR000044','philip_chang@174.com4543','R000002','SC000002','1'),
('CSR000045','philip_chang@174.com4544','R000005','SC000002','1'),
('CSR000046','philip_chang@174.com4545','R000001','SC000003','1'),
('CSR000047','philip_chang@174.com4546','R000002','SC000001','1'),
('CSR000048','philip_chang@174.com4547','R000001','SC000005','1'),
('CSR000049','philip_chang@174.com4548','R000001','SC000005','1'),
('CSR000050','philip_chang@174.com4549','R000004','SC000004','1'),
('CSR000051','philip_chang@174.com4550','R000004','SC000004','1'),
('CSR000052','philip_chang@174.com4551','R000002','SC000005','1'),
('CSR000053','philip_chang@174.com4552','R000002','SC000002','1'),
('CSR000054','philip_chang@174.com4553','R000003','SC000005','1'),
('CSR000055','philip_chang@174.com4554','R000003','SC000003','1'),
('CSR000056','philip_chang@174.com4555','R000003','SC000002','1'),
('CSR000057','philip_chang@174.com4556','R000003','SC000002','1'),
('CSR000058','philip_chang@174.com4557','R000005','SC000003','1'),
('CSR000059','philip_chang@174.com4558','R000005','SC000002','1'),
('CSR000060','philip_chang@174.com4559','R000002','SC000001','1'),
('CSR000061','philip_chang@174.com4560','R000001','SC000001','1'),
('CSR000062','philip_chang@174.com4561','R000003','SC000003','1'),
('CSR000063','philip_chang@174.com4562','R000005','SC000004','1'),
('CSR000064','philip_chang@174.com4563','R000002','SC000001','1'),
('CSR000065','philip_chang@174.com4564','R000002','SC000003','1'),
('CSR000066','philip_chang@174.com4565','R000001','SC000002','1'),
('CSR000067','philip_chang@174.com4566','R000004','SC000003','1'),
('CSR000068','philip_chang@174.com4567','R000001','SC000004','1'),
('CSR000069','philip_chang@174.com4568','R000005','SC000001','1'),
('CSR000070','philip_chang@174.com4569','R000003','SC000001','1'),
('CSR000071','philip_chang@174.com4570','R000004','SC000001','1'),
('CSR000072','philip_chang@174.com4571','R000005','SC000003','1'),
('CSR000073','philip_chang@174.com4572','R000002','SC000003','1'),
('CSR000074','philip_chang@174.com4573','R000004','SC000001','1'),
('CSR000075','philip_chang@174.com4574','R000005','SC000005','1'),
('CSR000076','philip_chang@174.com4575','R000001','SC000001','1'),
('CSR000077','philip_chang@174.com4576','R000001','SC000001','1'),
('CSR000078','philip_chang@174.com4577','R000002','SC000002','1'),
('CSR000079','philip_chang@174.com4578','R000002','SC000005','1'),
('CSR000080','philip_chang@174.com4579','R000004','SC000001','1'),
('CSR000081','philip_chang@174.com4580','R000003','SC000005','1'),
('CSR000082','philip_chang@174.com4581','R000002','SC000005','1'),
('CSR000083','philip_chang@174.com4582','R000001','SC000005','1'),
('CSR000084','philip_chang@174.com4583','R000004','SC000003','1'),
('CSR000085','philip_chang@174.com4584','R000003','SC000001','1'),
('CSR000086','philip_chang@174.com4585','R000003','SC000003','1'),
('CSR000087','philip_chang@174.com4586','R000001','SC000001','1'),
('CSR000088','philip_chang@174.com4587','R000004','SC000003','1'),
('CSR000089','philip_chang@174.com4588','R000005','SC000004','1'),
('CSR000090','philip_chang@174.com4589','R000003','SC000003','1'),
('CSR000091','philip_chang@174.com4590','R000002','SC000004','1'),
('CSR000092','philip_chang@174.com4591','R000005','SC000004','1'),
('CSR000093','philip_chang@174.com4592','R000005','SC000002','1'),
('CSR000094','philip_chang@174.com4593','R000003','SC000001','1'),
('CSR000095','philip_chang@174.com4594','R000002','SC000003','1'),
('CSR000096','philip_chang@174.com4595','R000002','SC000005','1'),
('CSR000097','philip_chang@174.com4596','R000003','SC000004','1'),
('CSR000098','philip_chang@174.com4597','R000001','SC000004','1'),
('CSR000099','philip_chang@174.com4598','R000001','SC000001','1'),
('CSR000100','philip_chang@174.com4599','R000005','SC000001','1');



create unique index idx_buyer_company_version on buyer_company_data(id, version);

create unique index idx_seller_company_version on seller_company_data(id, version);

create unique index idx_shipping_address_version on shipping_address_data(id, version);

create unique index idx_billing_address_version on billing_address_data(id, version);

create index idx_billing_address_company on billing_address_data(company);
alter table billing_address_data add constraint fk_billing_address_company foreign key(company) references buyer_company_data(id);
create unique index idx_employee_version on employee_data(id, version);

create index idx_employee_company on employee_data(company);
alter table employee_data add constraint fk_employee_company foreign key(company) references buyer_company_data(id);
create unique index idx_role_version on role_data(id, version);

create unique index idx_assignment_version on assignment_data(id, version);

create index idx_assignment_user on assignment_data(user);
alter table assignment_data add constraint fk_assignment_user foreign key(user) references employee_data(id);
create index idx_assignment_access on assignment_data(access);
alter table assignment_data add constraint fk_assignment_access foreign key(access) references access_data(id);
create unique index idx_access_version on access_data(id, version);

create index idx_access_role on access_data(role);
alter table access_data add constraint fk_access_role foreign key(role) references role_data(id);
create unique index idx_order_version on order_data(id, version);

create index idx_order_buyer on order_data(buyer);
alter table order_data add constraint fk_order_buyer foreign key(buyer) references buyer_company_data(id);
create index idx_order_seller on order_data(seller);
alter table order_data add constraint fk_order_seller foreign key(seller) references seller_company_data(id);
create unique index idx_line_item_version on line_item_data(id, version);

create index idx_line_item_biz_order on line_item_data(biz_order);
alter table line_item_data add constraint fk_line_item_biz_order foreign key(biz_order) references order_data(id);
create unique index idx_shipping_group_version on shipping_group_data(id, version);

create index idx_shipping_group_biz_order on shipping_group_data(biz_order);
alter table shipping_group_data add constraint fk_shipping_group_biz_order foreign key(biz_order) references order_data(id);
create index idx_shipping_group_address on shipping_group_data(address);
alter table shipping_group_data add constraint fk_shipping_group_address foreign key(address) references shipping_address_data(id);
create unique index idx_payment_group_version on payment_group_data(id, version);

create index idx_payment_group_biz_order on payment_group_data(biz_order);
alter table payment_group_data add constraint fk_payment_group_biz_order foreign key(biz_order) references order_data(id);
create index idx_payment_group_billing_address on payment_group_data(billing_address);
alter table payment_group_data add constraint fk_payment_group_billing_address foreign key(billing_address) references billing_address_data(id);
create unique index idx_cust_svc_rep_version on cust_svc_rep_data(id, version);

create index idx_cust_svc_rep_role on cust_svc_rep_data(role);
alter table cust_svc_rep_data add constraint fk_cust_svc_rep_role foreign key(role) references role_data(id);
create index idx_cust_svc_rep_company on cust_svc_rep_data(company);
alter table cust_svc_rep_data add constraint fk_cust_svc_rep_company foreign key(company) references seller_company_data(id);




#---------------------------end database---------------------------------








