drop database  if exists b2b;
create database b2b;
use b2b;

drop table  if exists buyer_company_data;
create table buyer_company_data (
	id	  	varchar(48) not null,
	name	  	varchar(24),
	price_list	  	varchar(24),
	version	  	int,
	primary key(id)
) ENGINE=InnoDB DEFAULT CHARSET=utf8;
insert into buyer_company_data values
('BC000001','Aaxis - 5200','price99005201','1'),
('BC000002','Aaxis - 5202','price99005203','1'),
('BC000003','Aaxis - 5204','price99005205','1'),
('BC000004','Aaxis - 5206','price99005207','1'),
('BC000005','Aaxis - 5208','price99005209','1'),
('BC000006','Aaxis - 5210','price99005211','1'),
('BC000007','Aaxis - 5212','price99005213','1'),
('BC000008','Aaxis - 5214','price99005215','1'),
('BC000009','Aaxis - 5216','price99005217','1'),
('BC000010','Aaxis - 5218','price99005219','1'),
('BC000011','Aaxis - 5220','price99005221','1'),
('BC000012','Aaxis - 5222','price99005223','1'),
('BC000013','Aaxis - 5224','price99005225','1'),
('BC000014','Aaxis - 5226','price99005227','1'),
('BC000015','Aaxis - 5228','price99005229','1'),
('BC000016','Aaxis - 5230','price99005231','1'),
('BC000017','Aaxis - 5232','price99005233','1'),
('BC000018','Aaxis - 5234','price99005235','1'),
('BC000019','Aaxis - 5236','price99005237','1'),
('BC000020','Aaxis - 5238','price99005239','1'),
('BC000021','Aaxis - 5240','price99005241','1'),
('BC000022','Aaxis - 5242','price99005243','1'),
('BC000023','Aaxis - 5244','price99005245','1'),
('BC000024','Aaxis - 5246','price99005247','1'),
('BC000025','Aaxis - 5248','price99005249','1'),
('BC000026','Aaxis - 5250','price99005251','1'),
('BC000027','Aaxis - 5252','price99005253','1'),
('BC000028','Aaxis - 5254','price99005255','1'),
('BC000029','Aaxis - 5256','price99005257','1'),
('BC000030','Aaxis - 5258','price99005259','1'),
('BC000031','Aaxis - 5260','price99005261','1'),
('BC000032','Aaxis - 5262','price99005263','1'),
('BC000033','Aaxis - 5264','price99005265','1'),
('BC000034','Aaxis - 5266','price99005267','1'),
('BC000035','Aaxis - 5268','price99005269','1'),
('BC000036','Aaxis - 5270','price99005271','1'),
('BC000037','Aaxis - 5272','price99005273','1'),
('BC000038','Aaxis - 5274','price99005275','1'),
('BC000039','Aaxis - 5276','price99005277','1'),
('BC000040','Aaxis - 5278','price99005279','1'),
('BC000041','Aaxis - 5280','price99005281','1'),
('BC000042','Aaxis - 5282','price99005283','1'),
('BC000043','Aaxis - 5284','price99005285','1'),
('BC000044','Aaxis - 5286','price99005287','1'),
('BC000045','Aaxis - 5288','price99005289','1'),
('BC000046','Aaxis - 5290','price99005291','1'),
('BC000047','Aaxis - 5292','price99005293','1'),
('BC000048','Aaxis - 5294','price99005295','1'),
('BC000049','Aaxis - 5296','price99005297','1'),
('BC000050','Aaxis - 5298','price99005299','1'),
('BC000051','Aaxis - 5300','price99005301','1'),
('BC000052','Aaxis - 5302','price99005303','1'),
('BC000053','Aaxis - 5304','price99005305','1'),
('BC000054','Aaxis - 5306','price99005307','1'),
('BC000055','Aaxis - 5308','price99005309','1'),
('BC000056','Aaxis - 5310','price99005311','1'),
('BC000057','Aaxis - 5312','price99005313','1'),
('BC000058','Aaxis - 5314','price99005315','1'),
('BC000059','Aaxis - 5316','price99005317','1'),
('BC000060','Aaxis - 5318','price99005319','1'),
('BC000061','Aaxis - 5320','price99005321','1'),
('BC000062','Aaxis - 5322','price99005323','1'),
('BC000063','Aaxis - 5324','price99005325','1'),
('BC000064','Aaxis - 5326','price99005327','1'),
('BC000065','Aaxis - 5328','price99005329','1'),
('BC000066','Aaxis - 5330','price99005331','1'),
('BC000067','Aaxis - 5332','price99005333','1'),
('BC000068','Aaxis - 5334','price99005335','1'),
('BC000069','Aaxis - 5336','price99005337','1'),
('BC000070','Aaxis - 5338','price99005339','1'),
('BC000071','Aaxis - 5340','price99005341','1'),
('BC000072','Aaxis - 5342','price99005343','1'),
('BC000073','Aaxis - 5344','price99005345','1'),
('BC000074','Aaxis - 5346','price99005347','1'),
('BC000075','Aaxis - 5348','price99005349','1'),
('BC000076','Aaxis - 5350','price99005351','1'),
('BC000077','Aaxis - 5352','price99005353','1'),
('BC000078','Aaxis - 5354','price99005355','1'),
('BC000079','Aaxis - 5356','price99005357','1'),
('BC000080','Aaxis - 5358','price99005359','1'),
('BC000081','Aaxis - 5360','price99005361','1'),
('BC000082','Aaxis - 5362','price99005363','1'),
('BC000083','Aaxis - 5364','price99005365','1'),
('BC000084','Aaxis - 5366','price99005367','1'),
('BC000085','Aaxis - 5368','price99005369','1'),
('BC000086','Aaxis - 5370','price99005371','1'),
('BC000087','Aaxis - 5372','price99005373','1'),
('BC000088','Aaxis - 5374','price99005375','1'),
('BC000089','Aaxis - 5376','price99005377','1'),
('BC000090','Aaxis - 5378','price99005379','1'),
('BC000091','Aaxis - 5380','price99005381','1'),
('BC000092','Aaxis - 5382','price99005383','1'),
('BC000093','Aaxis - 5384','price99005385','1'),
('BC000094','Aaxis - 5386','price99005387','1'),
('BC000095','Aaxis - 5388','price99005389','1'),
('BC000096','Aaxis - 5390','price99005391','1'),
('BC000097','Aaxis - 5392','price99005393','1'),
('BC000098','Aaxis - 5394','price99005395','1'),
('BC000099','Aaxis - 5396','price99005397','1'),
('BC000100','Aaxis - 5398','price99005399','1');
drop table  if exists seller_company_data;
create table seller_company_data (
	id	  	varchar(48) not null,
	name	  	varchar(24),
	version	  	int,
	primary key(id)
) ENGINE=InnoDB DEFAULT CHARSET=utf8;
insert into seller_company_data values
('SC000001','Snake Co. 5400','1'),
('SC000002','Snake Co. 5401','1'),
('SC000003','Snake Co. 5402','1'),
('SC000004','Snake Co. 5403','1'),
('SC000005','Snake Co. 5404','1'),
('SC000006','Snake Co. 5405','1'),
('SC000007','Snake Co. 5406','1'),
('SC000008','Snake Co. 5407','1'),
('SC000009','Snake Co. 5408','1'),
('SC000010','Snake Co. 5409','1'),
('SC000011','Snake Co. 5410','1'),
('SC000012','Snake Co. 5411','1'),
('SC000013','Snake Co. 5412','1'),
('SC000014','Snake Co. 5413','1'),
('SC000015','Snake Co. 5414','1'),
('SC000016','Snake Co. 5415','1'),
('SC000017','Snake Co. 5416','1'),
('SC000018','Snake Co. 5417','1'),
('SC000019','Snake Co. 5418','1'),
('SC000020','Snake Co. 5419','1'),
('SC000021','Snake Co. 5420','1'),
('SC000022','Snake Co. 5421','1'),
('SC000023','Snake Co. 5422','1'),
('SC000024','Snake Co. 5423','1'),
('SC000025','Snake Co. 5424','1'),
('SC000026','Snake Co. 5425','1'),
('SC000027','Snake Co. 5426','1'),
('SC000028','Snake Co. 5427','1'),
('SC000029','Snake Co. 5428','1'),
('SC000030','Snake Co. 5429','1'),
('SC000031','Snake Co. 5430','1'),
('SC000032','Snake Co. 5431','1'),
('SC000033','Snake Co. 5432','1'),
('SC000034','Snake Co. 5433','1'),
('SC000035','Snake Co. 5434','1'),
('SC000036','Snake Co. 5435','1'),
('SC000037','Snake Co. 5436','1'),
('SC000038','Snake Co. 5437','1'),
('SC000039','Snake Co. 5438','1'),
('SC000040','Snake Co. 5439','1'),
('SC000041','Snake Co. 5440','1'),
('SC000042','Snake Co. 5441','1'),
('SC000043','Snake Co. 5442','1'),
('SC000044','Snake Co. 5443','1'),
('SC000045','Snake Co. 5444','1'),
('SC000046','Snake Co. 5445','1'),
('SC000047','Snake Co. 5446','1'),
('SC000048','Snake Co. 5447','1'),
('SC000049','Snake Co. 5448','1'),
('SC000050','Snake Co. 5449','1'),
('SC000051','Snake Co. 5450','1'),
('SC000052','Snake Co. 5451','1'),
('SC000053','Snake Co. 5452','1'),
('SC000054','Snake Co. 5453','1'),
('SC000055','Snake Co. 5454','1'),
('SC000056','Snake Co. 5455','1'),
('SC000057','Snake Co. 5456','1'),
('SC000058','Snake Co. 5457','1'),
('SC000059','Snake Co. 5458','1'),
('SC000060','Snake Co. 5459','1'),
('SC000061','Snake Co. 5460','1'),
('SC000062','Snake Co. 5461','1'),
('SC000063','Snake Co. 5462','1'),
('SC000064','Snake Co. 5463','1'),
('SC000065','Snake Co. 5464','1'),
('SC000066','Snake Co. 5465','1'),
('SC000067','Snake Co. 5466','1'),
('SC000068','Snake Co. 5467','1'),
('SC000069','Snake Co. 5468','1'),
('SC000070','Snake Co. 5469','1'),
('SC000071','Snake Co. 5470','1'),
('SC000072','Snake Co. 5471','1'),
('SC000073','Snake Co. 5472','1'),
('SC000074','Snake Co. 5473','1'),
('SC000075','Snake Co. 5474','1'),
('SC000076','Snake Co. 5475','1'),
('SC000077','Snake Co. 5476','1'),
('SC000078','Snake Co. 5477','1'),
('SC000079','Snake Co. 5478','1'),
('SC000080','Snake Co. 5479','1'),
('SC000081','Snake Co. 5480','1'),
('SC000082','Snake Co. 5481','1'),
('SC000083','Snake Co. 5482','1'),
('SC000084','Snake Co. 5483','1'),
('SC000085','Snake Co. 5484','1'),
('SC000086','Snake Co. 5485','1'),
('SC000087','Snake Co. 5486','1'),
('SC000088','Snake Co. 5487','1'),
('SC000089','Snake Co. 5488','1'),
('SC000090','Snake Co. 5489','1'),
('SC000091','Snake Co. 5490','1'),
('SC000092','Snake Co. 5491','1'),
('SC000093','Snake Co. 5492','1'),
('SC000094','Snake Co. 5493','1'),
('SC000095','Snake Co. 5494','1'),
('SC000096','Snake Co. 5495','1'),
('SC000097','Snake Co. 5496','1'),
('SC000098','Snake Co. 5497','1'),
('SC000099','Snake Co. 5498','1'),
('SC000100','Snake Co. 5499','1');
drop table  if exists shipping_address_data;
create table shipping_address_data (
	id	  	varchar(48) not null,
	line1	  	varchar(56),
	line2	  	varchar(32),
	city	  	varchar(32),
	state	  	varchar(8),
	country	  	varchar(8),
	version	  	int,
	primary key(id)
) ENGINE=InnoDB DEFAULT CHARSET=utf8;
insert into shipping_address_data values
('SA000001','1900 AVE OF THE STARTS - 5500','Suite 555 - 5501','Century City - 5502','CA5503','US5504','1'),
('SA000002','1900 AVE OF THE STARTS - 5505','Suite 555 - 5506','Century City - 5507','CA5508','US5509','1'),
('SA000003','1900 AVE OF THE STARTS - 5510','Suite 555 - 5511','Century City - 5512','CA5513','US5514','1'),
('SA000004','1900 AVE OF THE STARTS - 5515','Suite 555 - 5516','Century City - 5517','CA5518','US5519','1'),
('SA000005','1900 AVE OF THE STARTS - 5520','Suite 555 - 5521','Century City - 5522','CA5523','US5524','1'),
('SA000006','1900 AVE OF THE STARTS - 5525','Suite 555 - 5526','Century City - 5527','CA5528','US5529','1'),
('SA000007','1900 AVE OF THE STARTS - 5530','Suite 555 - 5531','Century City - 5532','CA5533','US5534','1'),
('SA000008','1900 AVE OF THE STARTS - 5535','Suite 555 - 5536','Century City - 5537','CA5538','US5539','1'),
('SA000009','1900 AVE OF THE STARTS - 5540','Suite 555 - 5541','Century City - 5542','CA5543','US5544','1'),
('SA000010','1900 AVE OF THE STARTS - 5545','Suite 555 - 5546','Century City - 5547','CA5548','US5549','1'),
('SA000011','1900 AVE OF THE STARTS - 5550','Suite 555 - 5551','Century City - 5552','CA5553','US5554','1'),
('SA000012','1900 AVE OF THE STARTS - 5555','Suite 555 - 5556','Century City - 5557','CA5558','US5559','1'),
('SA000013','1900 AVE OF THE STARTS - 5560','Suite 555 - 5561','Century City - 5562','CA5563','US5564','1'),
('SA000014','1900 AVE OF THE STARTS - 5565','Suite 555 - 5566','Century City - 5567','CA5568','US5569','1'),
('SA000015','1900 AVE OF THE STARTS - 5570','Suite 555 - 5571','Century City - 5572','CA5573','US5574','1'),
('SA000016','1900 AVE OF THE STARTS - 5575','Suite 555 - 5576','Century City - 5577','CA5578','US5579','1'),
('SA000017','1900 AVE OF THE STARTS - 5580','Suite 555 - 5581','Century City - 5582','CA5583','US5584','1'),
('SA000018','1900 AVE OF THE STARTS - 5585','Suite 555 - 5586','Century City - 5587','CA5588','US5589','1'),
('SA000019','1900 AVE OF THE STARTS - 5590','Suite 555 - 5591','Century City - 5592','CA5593','US5594','1'),
('SA000020','1900 AVE OF THE STARTS - 5595','Suite 555 - 5596','Century City - 5597','CA5598','US5599','1'),
('SA000021','1900 AVE OF THE STARTS - 5600','Suite 555 - 5601','Century City - 5602','CA5603','US5604','1'),
('SA000022','1900 AVE OF THE STARTS - 5605','Suite 555 - 5606','Century City - 5607','CA5608','US5609','1'),
('SA000023','1900 AVE OF THE STARTS - 5610','Suite 555 - 5611','Century City - 5612','CA5613','US5614','1'),
('SA000024','1900 AVE OF THE STARTS - 5615','Suite 555 - 5616','Century City - 5617','CA5618','US5619','1'),
('SA000025','1900 AVE OF THE STARTS - 5620','Suite 555 - 5621','Century City - 5622','CA5623','US5624','1'),
('SA000026','1900 AVE OF THE STARTS - 5625','Suite 555 - 5626','Century City - 5627','CA5628','US5629','1'),
('SA000027','1900 AVE OF THE STARTS - 5630','Suite 555 - 5631','Century City - 5632','CA5633','US5634','1'),
('SA000028','1900 AVE OF THE STARTS - 5635','Suite 555 - 5636','Century City - 5637','CA5638','US5639','1'),
('SA000029','1900 AVE OF THE STARTS - 5640','Suite 555 - 5641','Century City - 5642','CA5643','US5644','1'),
('SA000030','1900 AVE OF THE STARTS - 5645','Suite 555 - 5646','Century City - 5647','CA5648','US5649','1'),
('SA000031','1900 AVE OF THE STARTS - 5650','Suite 555 - 5651','Century City - 5652','CA5653','US5654','1'),
('SA000032','1900 AVE OF THE STARTS - 5655','Suite 555 - 5656','Century City - 5657','CA5658','US5659','1'),
('SA000033','1900 AVE OF THE STARTS - 5660','Suite 555 - 5661','Century City - 5662','CA5663','US5664','1'),
('SA000034','1900 AVE OF THE STARTS - 5665','Suite 555 - 5666','Century City - 5667','CA5668','US5669','1'),
('SA000035','1900 AVE OF THE STARTS - 5670','Suite 555 - 5671','Century City - 5672','CA5673','US5674','1'),
('SA000036','1900 AVE OF THE STARTS - 5675','Suite 555 - 5676','Century City - 5677','CA5678','US5679','1'),
('SA000037','1900 AVE OF THE STARTS - 5680','Suite 555 - 5681','Century City - 5682','CA5683','US5684','1'),
('SA000038','1900 AVE OF THE STARTS - 5685','Suite 555 - 5686','Century City - 5687','CA5688','US5689','1'),
('SA000039','1900 AVE OF THE STARTS - 5690','Suite 555 - 5691','Century City - 5692','CA5693','US5694','1'),
('SA000040','1900 AVE OF THE STARTS - 5695','Suite 555 - 5696','Century City - 5697','CA5698','US5699','1'),
('SA000041','1900 AVE OF THE STARTS - 5700','Suite 555 - 5701','Century City - 5702','CA5703','US5704','1'),
('SA000042','1900 AVE OF THE STARTS - 5705','Suite 555 - 5706','Century City - 5707','CA5708','US5709','1'),
('SA000043','1900 AVE OF THE STARTS - 5710','Suite 555 - 5711','Century City - 5712','CA5713','US5714','1'),
('SA000044','1900 AVE OF THE STARTS - 5715','Suite 555 - 5716','Century City - 5717','CA5718','US5719','1'),
('SA000045','1900 AVE OF THE STARTS - 5720','Suite 555 - 5721','Century City - 5722','CA5723','US5724','1'),
('SA000046','1900 AVE OF THE STARTS - 5725','Suite 555 - 5726','Century City - 5727','CA5728','US5729','1'),
('SA000047','1900 AVE OF THE STARTS - 5730','Suite 555 - 5731','Century City - 5732','CA5733','US5734','1'),
('SA000048','1900 AVE OF THE STARTS - 5735','Suite 555 - 5736','Century City - 5737','CA5738','US5739','1'),
('SA000049','1900 AVE OF THE STARTS - 5740','Suite 555 - 5741','Century City - 5742','CA5743','US5744','1'),
('SA000050','1900 AVE OF THE STARTS - 5745','Suite 555 - 5746','Century City - 5747','CA5748','US5749','1'),
('SA000051','1900 AVE OF THE STARTS - 5750','Suite 555 - 5751','Century City - 5752','CA5753','US5754','1'),
('SA000052','1900 AVE OF THE STARTS - 5755','Suite 555 - 5756','Century City - 5757','CA5758','US5759','1'),
('SA000053','1900 AVE OF THE STARTS - 5760','Suite 555 - 5761','Century City - 5762','CA5763','US5764','1'),
('SA000054','1900 AVE OF THE STARTS - 5765','Suite 555 - 5766','Century City - 5767','CA5768','US5769','1'),
('SA000055','1900 AVE OF THE STARTS - 5770','Suite 555 - 5771','Century City - 5772','CA5773','US5774','1'),
('SA000056','1900 AVE OF THE STARTS - 5775','Suite 555 - 5776','Century City - 5777','CA5778','US5779','1'),
('SA000057','1900 AVE OF THE STARTS - 5780','Suite 555 - 5781','Century City - 5782','CA5783','US5784','1'),
('SA000058','1900 AVE OF THE STARTS - 5785','Suite 555 - 5786','Century City - 5787','CA5788','US5789','1'),
('SA000059','1900 AVE OF THE STARTS - 5790','Suite 555 - 5791','Century City - 5792','CA5793','US5794','1'),
('SA000060','1900 AVE OF THE STARTS - 5795','Suite 555 - 5796','Century City - 5797','CA5798','US5799','1'),
('SA000061','1900 AVE OF THE STARTS - 5800','Suite 555 - 5801','Century City - 5802','CA5803','US5804','1'),
('SA000062','1900 AVE OF THE STARTS - 5805','Suite 555 - 5806','Century City - 5807','CA5808','US5809','1'),
('SA000063','1900 AVE OF THE STARTS - 5810','Suite 555 - 5811','Century City - 5812','CA5813','US5814','1'),
('SA000064','1900 AVE OF THE STARTS - 5815','Suite 555 - 5816','Century City - 5817','CA5818','US5819','1'),
('SA000065','1900 AVE OF THE STARTS - 5820','Suite 555 - 5821','Century City - 5822','CA5823','US5824','1'),
('SA000066','1900 AVE OF THE STARTS - 5825','Suite 555 - 5826','Century City - 5827','CA5828','US5829','1'),
('SA000067','1900 AVE OF THE STARTS - 5830','Suite 555 - 5831','Century City - 5832','CA5833','US5834','1'),
('SA000068','1900 AVE OF THE STARTS - 5835','Suite 555 - 5836','Century City - 5837','CA5838','US5839','1'),
('SA000069','1900 AVE OF THE STARTS - 5840','Suite 555 - 5841','Century City - 5842','CA5843','US5844','1'),
('SA000070','1900 AVE OF THE STARTS - 5845','Suite 555 - 5846','Century City - 5847','CA5848','US5849','1'),
('SA000071','1900 AVE OF THE STARTS - 5850','Suite 555 - 5851','Century City - 5852','CA5853','US5854','1'),
('SA000072','1900 AVE OF THE STARTS - 5855','Suite 555 - 5856','Century City - 5857','CA5858','US5859','1'),
('SA000073','1900 AVE OF THE STARTS - 5860','Suite 555 - 5861','Century City - 5862','CA5863','US5864','1'),
('SA000074','1900 AVE OF THE STARTS - 5865','Suite 555 - 5866','Century City - 5867','CA5868','US5869','1'),
('SA000075','1900 AVE OF THE STARTS - 5870','Suite 555 - 5871','Century City - 5872','CA5873','US5874','1'),
('SA000076','1900 AVE OF THE STARTS - 5875','Suite 555 - 5876','Century City - 5877','CA5878','US5879','1'),
('SA000077','1900 AVE OF THE STARTS - 5880','Suite 555 - 5881','Century City - 5882','CA5883','US5884','1'),
('SA000078','1900 AVE OF THE STARTS - 5885','Suite 555 - 5886','Century City - 5887','CA5888','US5889','1'),
('SA000079','1900 AVE OF THE STARTS - 5890','Suite 555 - 5891','Century City - 5892','CA5893','US5894','1'),
('SA000080','1900 AVE OF THE STARTS - 5895','Suite 555 - 5896','Century City - 5897','CA5898','US5899','1'),
('SA000081','1900 AVE OF THE STARTS - 5900','Suite 555 - 5901','Century City - 5902','CA5903','US5904','1'),
('SA000082','1900 AVE OF THE STARTS - 5905','Suite 555 - 5906','Century City - 5907','CA5908','US5909','1'),
('SA000083','1900 AVE OF THE STARTS - 5910','Suite 555 - 5911','Century City - 5912','CA5913','US5914','1'),
('SA000084','1900 AVE OF THE STARTS - 5915','Suite 555 - 5916','Century City - 5917','CA5918','US5919','1'),
('SA000085','1900 AVE OF THE STARTS - 5920','Suite 555 - 5921','Century City - 5922','CA5923','US5924','1'),
('SA000086','1900 AVE OF THE STARTS - 5925','Suite 555 - 5926','Century City - 5927','CA5928','US5929','1'),
('SA000087','1900 AVE OF THE STARTS - 5930','Suite 555 - 5931','Century City - 5932','CA5933','US5934','1'),
('SA000088','1900 AVE OF THE STARTS - 5935','Suite 555 - 5936','Century City - 5937','CA5938','US5939','1'),
('SA000089','1900 AVE OF THE STARTS - 5940','Suite 555 - 5941','Century City - 5942','CA5943','US5944','1'),
('SA000090','1900 AVE OF THE STARTS - 5945','Suite 555 - 5946','Century City - 5947','CA5948','US5949','1'),
('SA000091','1900 AVE OF THE STARTS - 5950','Suite 555 - 5951','Century City - 5952','CA5953','US5954','1'),
('SA000092','1900 AVE OF THE STARTS - 5955','Suite 555 - 5956','Century City - 5957','CA5958','US5959','1'),
('SA000093','1900 AVE OF THE STARTS - 5960','Suite 555 - 5961','Century City - 5962','CA5963','US5964','1'),
('SA000094','1900 AVE OF THE STARTS - 5965','Suite 555 - 5966','Century City - 5967','CA5968','US5969','1'),
('SA000095','1900 AVE OF THE STARTS - 5970','Suite 555 - 5971','Century City - 5972','CA5973','US5974','1'),
('SA000096','1900 AVE OF THE STARTS - 5975','Suite 555 - 5976','Century City - 5977','CA5978','US5979','1'),
('SA000097','1900 AVE OF THE STARTS - 5980','Suite 555 - 5981','Century City - 5982','CA5983','US5984','1'),
('SA000098','1900 AVE OF THE STARTS - 5985','Suite 555 - 5986','Century City - 5987','CA5988','US5989','1'),
('SA000099','1900 AVE OF THE STARTS - 5990','Suite 555 - 5991','Century City - 5992','CA5993','US5994','1'),
('SA000100','1900 AVE OF THE STARTS - 5995','Suite 555 - 5996','Century City - 5997','CA5998','US5999','1');
drop table  if exists billing_address_data;
create table billing_address_data (
	id	  	varchar(48) not null,
	company	  	varchar(64),
	line1	  	varchar(56),
	line2	  	varchar(32),
	city	  	varchar(32),
	state	  	varchar(8),
	country	  	varchar(8),
	version	  	int,
	primary key(id)
) ENGINE=InnoDB DEFAULT CHARSET=utf8;
insert into billing_address_data values
('BA000001','BC000001','1900 AVE OF THE STARTS - 6000','Suite 555 - 6001','Century City - 6002','CA6003','US6004','1'),
('BA000002','BC000004','1900 AVE OF THE STARTS - 6005','Suite 555 - 6006','Century City - 6007','CA6008','US6009','1'),
('BA000003','BC000003','1900 AVE OF THE STARTS - 6010','Suite 555 - 6011','Century City - 6012','CA6013','US6014','1'),
('BA000004','BC000001','1900 AVE OF THE STARTS - 6015','Suite 555 - 6016','Century City - 6017','CA6018','US6019','1'),
('BA000005','BC000001','1900 AVE OF THE STARTS - 6020','Suite 555 - 6021','Century City - 6022','CA6023','US6024','1'),
('BA000006','BC000004','1900 AVE OF THE STARTS - 6025','Suite 555 - 6026','Century City - 6027','CA6028','US6029','1'),
('BA000007','BC000001','1900 AVE OF THE STARTS - 6030','Suite 555 - 6031','Century City - 6032','CA6033','US6034','1'),
('BA000008','BC000002','1900 AVE OF THE STARTS - 6035','Suite 555 - 6036','Century City - 6037','CA6038','US6039','1'),
('BA000009','BC000002','1900 AVE OF THE STARTS - 6040','Suite 555 - 6041','Century City - 6042','CA6043','US6044','1'),
('BA000010','BC000003','1900 AVE OF THE STARTS - 6045','Suite 555 - 6046','Century City - 6047','CA6048','US6049','1'),
('BA000011','BC000003','1900 AVE OF THE STARTS - 6050','Suite 555 - 6051','Century City - 6052','CA6053','US6054','1'),
('BA000012','BC000004','1900 AVE OF THE STARTS - 6055','Suite 555 - 6056','Century City - 6057','CA6058','US6059','1'),
('BA000013','BC000004','1900 AVE OF THE STARTS - 6060','Suite 555 - 6061','Century City - 6062','CA6063','US6064','1'),
('BA000014','BC000005','1900 AVE OF THE STARTS - 6065','Suite 555 - 6066','Century City - 6067','CA6068','US6069','1'),
('BA000015','BC000001','1900 AVE OF THE STARTS - 6070','Suite 555 - 6071','Century City - 6072','CA6073','US6074','1'),
('BA000016','BC000005','1900 AVE OF THE STARTS - 6075','Suite 555 - 6076','Century City - 6077','CA6078','US6079','1'),
('BA000017','BC000003','1900 AVE OF THE STARTS - 6080','Suite 555 - 6081','Century City - 6082','CA6083','US6084','1'),
('BA000018','BC000002','1900 AVE OF THE STARTS - 6085','Suite 555 - 6086','Century City - 6087','CA6088','US6089','1'),
('BA000019','BC000004','1900 AVE OF THE STARTS - 6090','Suite 555 - 6091','Century City - 6092','CA6093','US6094','1'),
('BA000020','BC000001','1900 AVE OF THE STARTS - 6095','Suite 555 - 6096','Century City - 6097','CA6098','US6099','1'),
('BA000021','BC000002','1900 AVE OF THE STARTS - 6100','Suite 555 - 6101','Century City - 6102','CA6103','US6104','1'),
('BA000022','BC000002','1900 AVE OF THE STARTS - 6105','Suite 555 - 6106','Century City - 6107','CA6108','US6109','1'),
('BA000023','BC000004','1900 AVE OF THE STARTS - 6110','Suite 555 - 6111','Century City - 6112','CA6113','US6114','1'),
('BA000024','BC000002','1900 AVE OF THE STARTS - 6115','Suite 555 - 6116','Century City - 6117','CA6118','US6119','1'),
('BA000025','BC000005','1900 AVE OF THE STARTS - 6120','Suite 555 - 6121','Century City - 6122','CA6123','US6124','1'),
('BA000026','BC000002','1900 AVE OF THE STARTS - 6125','Suite 555 - 6126','Century City - 6127','CA6128','US6129','1'),
('BA000027','BC000003','1900 AVE OF THE STARTS - 6130','Suite 555 - 6131','Century City - 6132','CA6133','US6134','1'),
('BA000028','BC000004','1900 AVE OF THE STARTS - 6135','Suite 555 - 6136','Century City - 6137','CA6138','US6139','1'),
('BA000029','BC000005','1900 AVE OF THE STARTS - 6140','Suite 555 - 6141','Century City - 6142','CA6143','US6144','1'),
('BA000030','BC000003','1900 AVE OF THE STARTS - 6145','Suite 555 - 6146','Century City - 6147','CA6148','US6149','1'),
('BA000031','BC000004','1900 AVE OF THE STARTS - 6150','Suite 555 - 6151','Century City - 6152','CA6153','US6154','1'),
('BA000032','BC000002','1900 AVE OF THE STARTS - 6155','Suite 555 - 6156','Century City - 6157','CA6158','US6159','1'),
('BA000033','BC000004','1900 AVE OF THE STARTS - 6160','Suite 555 - 6161','Century City - 6162','CA6163','US6164','1'),
('BA000034','BC000001','1900 AVE OF THE STARTS - 6165','Suite 555 - 6166','Century City - 6167','CA6168','US6169','1'),
('BA000035','BC000005','1900 AVE OF THE STARTS - 6170','Suite 555 - 6171','Century City - 6172','CA6173','US6174','1'),
('BA000036','BC000005','1900 AVE OF THE STARTS - 6175','Suite 555 - 6176','Century City - 6177','CA6178','US6179','1'),
('BA000037','BC000003','1900 AVE OF THE STARTS - 6180','Suite 555 - 6181','Century City - 6182','CA6183','US6184','1'),
('BA000038','BC000002','1900 AVE OF THE STARTS - 6185','Suite 555 - 6186','Century City - 6187','CA6188','US6189','1'),
('BA000039','BC000005','1900 AVE OF THE STARTS - 6190','Suite 555 - 6191','Century City - 6192','CA6193','US6194','1'),
('BA000040','BC000005','1900 AVE OF THE STARTS - 6195','Suite 555 - 6196','Century City - 6197','CA6198','US6199','1'),
('BA000041','BC000002','1900 AVE OF THE STARTS - 6200','Suite 555 - 6201','Century City - 6202','CA6203','US6204','1'),
('BA000042','BC000005','1900 AVE OF THE STARTS - 6205','Suite 555 - 6206','Century City - 6207','CA6208','US6209','1'),
('BA000043','BC000004','1900 AVE OF THE STARTS - 6210','Suite 555 - 6211','Century City - 6212','CA6213','US6214','1'),
('BA000044','BC000004','1900 AVE OF THE STARTS - 6215','Suite 555 - 6216','Century City - 6217','CA6218','US6219','1'),
('BA000045','BC000004','1900 AVE OF THE STARTS - 6220','Suite 555 - 6221','Century City - 6222','CA6223','US6224','1'),
('BA000046','BC000005','1900 AVE OF THE STARTS - 6225','Suite 555 - 6226','Century City - 6227','CA6228','US6229','1'),
('BA000047','BC000005','1900 AVE OF THE STARTS - 6230','Suite 555 - 6231','Century City - 6232','CA6233','US6234','1'),
('BA000048','BC000005','1900 AVE OF THE STARTS - 6235','Suite 555 - 6236','Century City - 6237','CA6238','US6239','1'),
('BA000049','BC000004','1900 AVE OF THE STARTS - 6240','Suite 555 - 6241','Century City - 6242','CA6243','US6244','1'),
('BA000050','BC000002','1900 AVE OF THE STARTS - 6245','Suite 555 - 6246','Century City - 6247','CA6248','US6249','1'),
('BA000051','BC000003','1900 AVE OF THE STARTS - 6250','Suite 555 - 6251','Century City - 6252','CA6253','US6254','1'),
('BA000052','BC000003','1900 AVE OF THE STARTS - 6255','Suite 555 - 6256','Century City - 6257','CA6258','US6259','1'),
('BA000053','BC000005','1900 AVE OF THE STARTS - 6260','Suite 555 - 6261','Century City - 6262','CA6263','US6264','1'),
('BA000054','BC000005','1900 AVE OF THE STARTS - 6265','Suite 555 - 6266','Century City - 6267','CA6268','US6269','1'),
('BA000055','BC000005','1900 AVE OF THE STARTS - 6270','Suite 555 - 6271','Century City - 6272','CA6273','US6274','1'),
('BA000056','BC000004','1900 AVE OF THE STARTS - 6275','Suite 555 - 6276','Century City - 6277','CA6278','US6279','1'),
('BA000057','BC000003','1900 AVE OF THE STARTS - 6280','Suite 555 - 6281','Century City - 6282','CA6283','US6284','1'),
('BA000058','BC000004','1900 AVE OF THE STARTS - 6285','Suite 555 - 6286','Century City - 6287','CA6288','US6289','1'),
('BA000059','BC000002','1900 AVE OF THE STARTS - 6290','Suite 555 - 6291','Century City - 6292','CA6293','US6294','1'),
('BA000060','BC000004','1900 AVE OF THE STARTS - 6295','Suite 555 - 6296','Century City - 6297','CA6298','US6299','1'),
('BA000061','BC000005','1900 AVE OF THE STARTS - 6300','Suite 555 - 6301','Century City - 6302','CA6303','US6304','1'),
('BA000062','BC000005','1900 AVE OF THE STARTS - 6305','Suite 555 - 6306','Century City - 6307','CA6308','US6309','1'),
('BA000063','BC000005','1900 AVE OF THE STARTS - 6310','Suite 555 - 6311','Century City - 6312','CA6313','US6314','1'),
('BA000064','BC000002','1900 AVE OF THE STARTS - 6315','Suite 555 - 6316','Century City - 6317','CA6318','US6319','1'),
('BA000065','BC000001','1900 AVE OF THE STARTS - 6320','Suite 555 - 6321','Century City - 6322','CA6323','US6324','1'),
('BA000066','BC000001','1900 AVE OF THE STARTS - 6325','Suite 555 - 6326','Century City - 6327','CA6328','US6329','1'),
('BA000067','BC000002','1900 AVE OF THE STARTS - 6330','Suite 555 - 6331','Century City - 6332','CA6333','US6334','1'),
('BA000068','BC000005','1900 AVE OF THE STARTS - 6335','Suite 555 - 6336','Century City - 6337','CA6338','US6339','1'),
('BA000069','BC000005','1900 AVE OF THE STARTS - 6340','Suite 555 - 6341','Century City - 6342','CA6343','US6344','1'),
('BA000070','BC000005','1900 AVE OF THE STARTS - 6345','Suite 555 - 6346','Century City - 6347','CA6348','US6349','1'),
('BA000071','BC000002','1900 AVE OF THE STARTS - 6350','Suite 555 - 6351','Century City - 6352','CA6353','US6354','1'),
('BA000072','BC000003','1900 AVE OF THE STARTS - 6355','Suite 555 - 6356','Century City - 6357','CA6358','US6359','1'),
('BA000073','BC000002','1900 AVE OF THE STARTS - 6360','Suite 555 - 6361','Century City - 6362','CA6363','US6364','1'),
('BA000074','BC000005','1900 AVE OF THE STARTS - 6365','Suite 555 - 6366','Century City - 6367','CA6368','US6369','1'),
('BA000075','BC000001','1900 AVE OF THE STARTS - 6370','Suite 555 - 6371','Century City - 6372','CA6373','US6374','1'),
('BA000076','BC000002','1900 AVE OF THE STARTS - 6375','Suite 555 - 6376','Century City - 6377','CA6378','US6379','1'),
('BA000077','BC000001','1900 AVE OF THE STARTS - 6380','Suite 555 - 6381','Century City - 6382','CA6383','US6384','1'),
('BA000078','BC000005','1900 AVE OF THE STARTS - 6385','Suite 555 - 6386','Century City - 6387','CA6388','US6389','1'),
('BA000079','BC000003','1900 AVE OF THE STARTS - 6390','Suite 555 - 6391','Century City - 6392','CA6393','US6394','1'),
('BA000080','BC000004','1900 AVE OF THE STARTS - 6395','Suite 555 - 6396','Century City - 6397','CA6398','US6399','1'),
('BA000081','BC000004','1900 AVE OF THE STARTS - 6400','Suite 555 - 6401','Century City - 6402','CA6403','US6404','1'),
('BA000082','BC000001','1900 AVE OF THE STARTS - 6405','Suite 555 - 6406','Century City - 6407','CA6408','US6409','1'),
('BA000083','BC000005','1900 AVE OF THE STARTS - 6410','Suite 555 - 6411','Century City - 6412','CA6413','US6414','1'),
('BA000084','BC000005','1900 AVE OF THE STARTS - 6415','Suite 555 - 6416','Century City - 6417','CA6418','US6419','1'),
('BA000085','BC000002','1900 AVE OF THE STARTS - 6420','Suite 555 - 6421','Century City - 6422','CA6423','US6424','1'),
('BA000086','BC000003','1900 AVE OF THE STARTS - 6425','Suite 555 - 6426','Century City - 6427','CA6428','US6429','1'),
('BA000087','BC000002','1900 AVE OF THE STARTS - 6430','Suite 555 - 6431','Century City - 6432','CA6433','US6434','1'),
('BA000088','BC000001','1900 AVE OF THE STARTS - 6435','Suite 555 - 6436','Century City - 6437','CA6438','US6439','1'),
('BA000089','BC000002','1900 AVE OF THE STARTS - 6440','Suite 555 - 6441','Century City - 6442','CA6443','US6444','1'),
('BA000090','BC000002','1900 AVE OF THE STARTS - 6445','Suite 555 - 6446','Century City - 6447','CA6448','US6449','1'),
('BA000091','BC000004','1900 AVE OF THE STARTS - 6450','Suite 555 - 6451','Century City - 6452','CA6453','US6454','1'),
('BA000092','BC000002','1900 AVE OF THE STARTS - 6455','Suite 555 - 6456','Century City - 6457','CA6458','US6459','1'),
('BA000093','BC000004','1900 AVE OF THE STARTS - 6460','Suite 555 - 6461','Century City - 6462','CA6463','US6464','1'),
('BA000094','BC000002','1900 AVE OF THE STARTS - 6465','Suite 555 - 6466','Century City - 6467','CA6468','US6469','1'),
('BA000095','BC000001','1900 AVE OF THE STARTS - 6470','Suite 555 - 6471','Century City - 6472','CA6473','US6474','1'),
('BA000096','BC000004','1900 AVE OF THE STARTS - 6475','Suite 555 - 6476','Century City - 6477','CA6478','US6479','1'),
('BA000097','BC000003','1900 AVE OF THE STARTS - 6480','Suite 555 - 6481','Century City - 6482','CA6483','US6484','1'),
('BA000098','BC000001','1900 AVE OF THE STARTS - 6485','Suite 555 - 6486','Century City - 6487','CA6488','US6489','1'),
('BA000099','BC000004','1900 AVE OF THE STARTS - 6490','Suite 555 - 6491','Century City - 6492','CA6493','US6494','1'),
('BA000100','BC000004','1900 AVE OF THE STARTS - 6495','Suite 555 - 6496','Century City - 6497','CA6498','US6499','1');
drop table  if exists employee_data;
create table employee_data (
	id	  	varchar(32) not null,
	name	  	varchar(16),
	company	  	varchar(64),
	version	  	int,
	primary key(id)
) ENGINE=InnoDB DEFAULT CHARSET=utf8;
insert into employee_data values
('E000001','Philip6500','BC000002','1'),
('E000002','Philip6501','BC000005','1'),
('E000003','Philip6502','BC000005','1'),
('E000004','Philip6503','BC000005','1'),
('E000005','Philip6504','BC000003','1'),
('E000006','Philip6505','BC000002','1'),
('E000007','Philip6506','BC000003','1'),
('E000008','Philip6507','BC000003','1'),
('E000009','Philip6508','BC000001','1'),
('E000010','Philip6509','BC000005','1'),
('E000011','Philip6510','BC000004','1'),
('E000012','Philip6511','BC000005','1'),
('E000013','Philip6512','BC000005','1'),
('E000014','Philip6513','BC000005','1'),
('E000015','Philip6514','BC000001','1'),
('E000016','Philip6515','BC000001','1'),
('E000017','Philip6516','BC000004','1'),
('E000018','Philip6517','BC000003','1'),
('E000019','Philip6518','BC000001','1'),
('E000020','Philip6519','BC000005','1'),
('E000021','Philip6520','BC000001','1'),
('E000022','Philip6521','BC000005','1'),
('E000023','Philip6522','BC000002','1'),
('E000024','Philip6523','BC000002','1'),
('E000025','Philip6524','BC000002','1'),
('E000026','Philip6525','BC000003','1'),
('E000027','Philip6526','BC000002','1'),
('E000028','Philip6527','BC000001','1'),
('E000029','Philip6528','BC000002','1'),
('E000030','Philip6529','BC000003','1'),
('E000031','Philip6530','BC000005','1'),
('E000032','Philip6531','BC000004','1'),
('E000033','Philip6532','BC000001','1'),
('E000034','Philip6533','BC000004','1'),
('E000035','Philip6534','BC000004','1'),
('E000036','Philip6535','BC000005','1'),
('E000037','Philip6536','BC000003','1'),
('E000038','Philip6537','BC000003','1'),
('E000039','Philip6538','BC000005','1'),
('E000040','Philip6539','BC000004','1'),
('E000041','Philip6540','BC000005','1'),
('E000042','Philip6541','BC000004','1'),
('E000043','Philip6542','BC000001','1'),
('E000044','Philip6543','BC000005','1'),
('E000045','Philip6544','BC000004','1'),
('E000046','Philip6545','BC000001','1'),
('E000047','Philip6546','BC000005','1'),
('E000048','Philip6547','BC000003','1'),
('E000049','Philip6548','BC000003','1'),
('E000050','Philip6549','BC000004','1'),
('E000051','Philip6550','BC000004','1'),
('E000052','Philip6551','BC000005','1'),
('E000053','Philip6552','BC000005','1'),
('E000054','Philip6553','BC000005','1'),
('E000055','Philip6554','BC000003','1'),
('E000056','Philip6555','BC000003','1'),
('E000057','Philip6556','BC000001','1'),
('E000058','Philip6557','BC000005','1'),
('E000059','Philip6558','BC000002','1'),
('E000060','Philip6559','BC000002','1'),
('E000061','Philip6560','BC000004','1'),
('E000062','Philip6561','BC000003','1'),
('E000063','Philip6562','BC000005','1'),
('E000064','Philip6563','BC000003','1'),
('E000065','Philip6564','BC000002','1'),
('E000066','Philip6565','BC000001','1'),
('E000067','Philip6566','BC000002','1'),
('E000068','Philip6567','BC000005','1'),
('E000069','Philip6568','BC000004','1'),
('E000070','Philip6569','BC000001','1'),
('E000071','Philip6570','BC000003','1'),
('E000072','Philip6571','BC000003','1'),
('E000073','Philip6572','BC000001','1'),
('E000074','Philip6573','BC000002','1'),
('E000075','Philip6574','BC000002','1'),
('E000076','Philip6575','BC000002','1'),
('E000077','Philip6576','BC000004','1'),
('E000078','Philip6577','BC000002','1'),
('E000079','Philip6578','BC000004','1'),
('E000080','Philip6579','BC000005','1'),
('E000081','Philip6580','BC000005','1'),
('E000082','Philip6581','BC000005','1'),
('E000083','Philip6582','BC000001','1'),
('E000084','Philip6583','BC000004','1'),
('E000085','Philip6584','BC000003','1'),
('E000086','Philip6585','BC000002','1'),
('E000087','Philip6586','BC000005','1'),
('E000088','Philip6587','BC000004','1'),
('E000089','Philip6588','BC000003','1'),
('E000090','Philip6589','BC000005','1'),
('E000091','Philip6590','BC000003','1'),
('E000092','Philip6591','BC000002','1'),
('E000093','Philip6592','BC000003','1'),
('E000094','Philip6593','BC000003','1'),
('E000095','Philip6594','BC000003','1'),
('E000096','Philip6595','BC000001','1'),
('E000097','Philip6596','BC000002','1'),
('E000098','Philip6597','BC000005','1'),
('E000099','Philip6598','BC000003','1'),
('E000100','Philip6599','BC000002','1');
drop table  if exists role_data;
create table role_data (
	id	  	varchar(24) not null,
	role_name	  	varchar(16),
	version	  	int,
	primary key(id)
) ENGINE=InnoDB DEFAULT CHARSET=utf8;
insert into role_data values
('R000001','manager6600','1'),
('R000002','manager6601','1'),
('R000003','manager6602','1'),
('R000004','manager6603','1'),
('R000005','manager6604','1'),
('R000006','manager6605','1'),
('R000007','manager6606','1'),
('R000008','manager6607','1'),
('R000009','manager6608','1'),
('R000010','manager6609','1'),
('R000011','manager6610','1'),
('R000012','manager6611','1'),
('R000013','manager6612','1'),
('R000014','manager6613','1'),
('R000015','manager6614','1'),
('R000016','manager6615','1'),
('R000017','manager6616','1'),
('R000018','manager6617','1'),
('R000019','manager6618','1'),
('R000020','manager6619','1'),
('R000021','manager6620','1'),
('R000022','manager6621','1'),
('R000023','manager6622','1'),
('R000024','manager6623','1'),
('R000025','manager6624','1'),
('R000026','manager6625','1'),
('R000027','manager6626','1'),
('R000028','manager6627','1'),
('R000029','manager6628','1'),
('R000030','manager6629','1'),
('R000031','manager6630','1'),
('R000032','manager6631','1'),
('R000033','manager6632','1'),
('R000034','manager6633','1'),
('R000035','manager6634','1'),
('R000036','manager6635','1'),
('R000037','manager6636','1'),
('R000038','manager6637','1'),
('R000039','manager6638','1'),
('R000040','manager6639','1'),
('R000041','manager6640','1'),
('R000042','manager6641','1'),
('R000043','manager6642','1'),
('R000044','manager6643','1'),
('R000045','manager6644','1'),
('R000046','manager6645','1'),
('R000047','manager6646','1'),
('R000048','manager6647','1'),
('R000049','manager6648','1'),
('R000050','manager6649','1'),
('R000051','manager6650','1'),
('R000052','manager6651','1'),
('R000053','manager6652','1'),
('R000054','manager6653','1'),
('R000055','manager6654','1'),
('R000056','manager6655','1'),
('R000057','manager6656','1'),
('R000058','manager6657','1'),
('R000059','manager6658','1'),
('R000060','manager6659','1'),
('R000061','manager6660','1'),
('R000062','manager6661','1'),
('R000063','manager6662','1'),
('R000064','manager6663','1'),
('R000065','manager6664','1'),
('R000066','manager6665','1'),
('R000067','manager6666','1'),
('R000068','manager6667','1'),
('R000069','manager6668','1'),
('R000070','manager6669','1'),
('R000071','manager6670','1'),
('R000072','manager6671','1'),
('R000073','manager6672','1'),
('R000074','manager6673','1'),
('R000075','manager6674','1'),
('R000076','manager6675','1'),
('R000077','manager6676','1'),
('R000078','manager6677','1'),
('R000079','manager6678','1'),
('R000080','manager6679','1'),
('R000081','manager6680','1'),
('R000082','manager6681','1'),
('R000083','manager6682','1'),
('R000084','manager6683','1'),
('R000085','manager6684','1'),
('R000086','manager6685','1'),
('R000087','manager6686','1'),
('R000088','manager6687','1'),
('R000089','manager6688','1'),
('R000090','manager6689','1'),
('R000091','manager6690','1'),
('R000092','manager6691','1'),
('R000093','manager6692','1'),
('R000094','manager6693','1'),
('R000095','manager6694','1'),
('R000096','manager6695','1'),
('R000097','manager6696','1'),
('R000098','manager6697','1'),
('R000099','manager6698','1'),
('R000100','manager6699','1');
drop table  if exists assignment_data;
create table assignment_data (
	id	  	varchar(40) not null,
	user	  	varchar(64),
	access	  	varchar(64),
	assigned_date	  	Date,
	version	  	int,
	primary key(id)
) ENGINE=InnoDB DEFAULT CHARSET=utf8;
insert into assignment_data values
('A000001','E000002','A000003','2017-12-14','1'),
('A000002','E000001','A000005','2014-04-10','1'),
('A000003','E000003','A000001','2014-03-27','1'),
('A000004','E000003','A000002','2017-06-08','1'),
('A000005','E000002','A000001','2018-02-27','1'),
('A000006','E000003','A000004','2015-02-17','1'),
('A000007','E000001','A000001','2017-04-15','1'),
('A000008','E000001','A000003','2018-07-11','1'),
('A000009','E000004','A000005','2015-12-30','1'),
('A000010','E000003','A000002','2016-03-07','1'),
('A000011','E000004','A000005','2018-10-19','1'),
('A000012','E000005','A000003','2018-05-12','1'),
('A000013','E000004','A000005','2014-11-18','1'),
('A000014','E000003','A000004','2016-02-02','1'),
('A000015','E000005','A000005','2015-04-24','1'),
('A000016','E000002','A000003','2018-05-04','1'),
('A000017','E000005','A000004','2015-07-21','1'),
('A000018','E000001','A000002','2014-10-04','1'),
('A000019','E000003','A000001','2016-03-21','1'),
('A000020','E000003','A000005','2015-05-29','1'),
('A000021','E000001','A000002','2018-01-17','1'),
('A000022','E000004','A000002','2018-02-23','1'),
('A000023','E000004','A000002','2016-02-06','1'),
('A000024','E000005','A000004','2017-05-10','1'),
('A000025','E000001','A000003','2016-08-29','1'),
('A000026','E000002','A000002','2016-06-10','1'),
('A000027','E000003','A000003','2015-01-08','1'),
('A000028','E000001','A000005','2014-07-13','1'),
('A000029','E000003','A000005','2016-10-01','1'),
('A000030','E000004','A000002','2017-09-12','1'),
('A000031','E000004','A000004','2014-05-26','1'),
('A000032','E000004','A000004','2015-03-15','1'),
('A000033','E000001','A000005','2014-04-23','1'),
('A000034','E000001','A000002','2015-12-18','1'),
('A000035','E000001','A000005','2017-12-16','1'),
('A000036','E000005','A000004','2017-04-11','1'),
('A000037','E000004','A000002','2017-08-10','1'),
('A000038','E000001','A000004','2017-07-19','1'),
('A000039','E000002','A000002','2018-09-16','1'),
('A000040','E000002','A000002','2014-06-10','1'),
('A000041','E000005','A000002','2015-10-05','1'),
('A000042','E000004','A000002','2017-01-12','1'),
('A000043','E000001','A000003','2018-06-09','1'),
('A000044','E000002','A000001','2016-02-08','1'),
('A000045','E000002','A000003','2015-11-15','1'),
('A000046','E000004','A000003','2015-04-05','1'),
('A000047','E000001','A000001','2015-12-19','1'),
('A000048','E000001','A000003','2017-03-05','1'),
('A000049','E000002','A000004','2014-06-02','1'),
('A000050','E000004','A000004','2015-04-20','1'),
('A000051','E000001','A000005','2014-05-19','1'),
('A000052','E000004','A000002','2015-07-24','1'),
('A000053','E000001','A000004','2018-09-22','1'),
('A000054','E000005','A000001','2014-02-13','1'),
('A000055','E000005','A000003','2015-09-24','1'),
('A000056','E000004','A000002','2018-01-25','1'),
('A000057','E000005','A000001','2016-11-19','1'),
('A000058','E000004','A000003','2017-03-10','1'),
('A000059','E000005','A000004','2014-01-05','1'),
('A000060','E000003','A000004','2018-04-08','1'),
('A000061','E000002','A000001','2018-01-23','1'),
('A000062','E000003','A000005','2016-01-29','1'),
('A000063','E000003','A000003','2018-12-27','1'),
('A000064','E000003','A000005','2018-05-02','1'),
('A000065','E000002','A000003','2016-01-26','1'),
('A000066','E000004','A000001','2014-07-12','1'),
('A000067','E000005','A000003','2014-03-29','1'),
('A000068','E000002','A000005','2015-12-13','1'),
('A000069','E000002','A000005','2016-03-08','1'),
('A000070','E000001','A000002','2017-02-08','1'),
('A000071','E000002','A000005','2017-11-01','1'),
('A000072','E000002','A000003','2016-08-19','1'),
('A000073','E000005','A000005','2014-06-06','1'),
('A000074','E000003','A000002','2016-02-12','1'),
('A000075','E000001','A000004','2018-07-12','1'),
('A000076','E000005','A000002','2016-11-28','1'),
('A000077','E000004','A000005','2014-03-20','1'),
('A000078','E000004','A000005','2016-10-27','1'),
('A000079','E000001','A000005','2018-08-07','1'),
('A000080','E000004','A000003','2018-11-14','1'),
('A000081','E000003','A000003','2017-10-17','1'),
('A000082','E000002','A000002','2018-08-26','1'),
('A000083','E000002','A000005','2017-07-05','1'),
('A000084','E000002','A000005','2017-10-06','1'),
('A000085','E000004','A000002','2014-03-21','1'),
('A000086','E000005','A000005','2015-05-16','1'),
('A000087','E000001','A000001','2017-04-06','1'),
('A000088','E000001','A000005','2015-04-20','1'),
('A000089','E000001','A000005','2016-05-04','1'),
('A000090','E000005','A000001','2015-08-25','1'),
('A000091','E000002','A000004','2016-09-09','1'),
('A000092','E000001','A000003','2018-04-19','1'),
('A000093','E000001','A000005','2017-03-28','1'),
('A000094','E000001','A000001','2016-11-09','1'),
('A000095','E000004','A000005','2017-03-05','1'),
('A000096','E000005','A000002','2014-06-21','1'),
('A000097','E000001','A000003','2015-07-31','1'),
('A000098','E000002','A000004','2014-03-28','1'),
('A000099','E000005','A000003','2017-01-07','1'),
('A000100','E000002','A000005','2014-09-28','1');
drop table  if exists access_data;
create table access_data (
	id	  	varchar(32) not null,
	role	  	varchar(64),
	version	  	int,
	primary key(id)
) ENGINE=InnoDB DEFAULT CHARSET=utf8;
insert into access_data values
('A000001','R000003','1'),
('A000002','R000003','1'),
('A000003','R000004','1'),
('A000004','R000001','1'),
('A000005','R000002','1'),
('A000006','R000005','1'),
('A000007','R000005','1'),
('A000008','R000003','1'),
('A000009','R000004','1'),
('A000010','R000003','1'),
('A000011','R000003','1'),
('A000012','R000005','1'),
('A000013','R000003','1'),
('A000014','R000001','1'),
('A000015','R000003','1'),
('A000016','R000004','1'),
('A000017','R000004','1'),
('A000018','R000003','1'),
('A000019','R000002','1'),
('A000020','R000003','1'),
('A000021','R000004','1'),
('A000022','R000004','1'),
('A000023','R000003','1'),
('A000024','R000002','1'),
('A000025','R000003','1'),
('A000026','R000004','1'),
('A000027','R000004','1'),
('A000028','R000002','1'),
('A000029','R000001','1'),
('A000030','R000003','1'),
('A000031','R000004','1'),
('A000032','R000004','1'),
('A000033','R000004','1'),
('A000034','R000003','1'),
('A000035','R000005','1'),
('A000036','R000003','1'),
('A000037','R000001','1'),
('A000038','R000005','1'),
('A000039','R000004','1'),
('A000040','R000003','1'),
('A000041','R000001','1'),
('A000042','R000005','1'),
('A000043','R000005','1'),
('A000044','R000004','1'),
('A000045','R000003','1'),
('A000046','R000001','1'),
('A000047','R000001','1'),
('A000048','R000001','1'),
('A000049','R000003','1'),
('A000050','R000001','1'),
('A000051','R000003','1'),
('A000052','R000003','1'),
('A000053','R000002','1'),
('A000054','R000005','1'),
('A000055','R000004','1'),
('A000056','R000005','1'),
('A000057','R000005','1'),
('A000058','R000002','1'),
('A000059','R000005','1'),
('A000060','R000004','1'),
('A000061','R000003','1'),
('A000062','R000004','1'),
('A000063','R000005','1'),
('A000064','R000001','1'),
('A000065','R000003','1'),
('A000066','R000002','1'),
('A000067','R000003','1'),
('A000068','R000004','1'),
('A000069','R000002','1'),
('A000070','R000005','1'),
('A000071','R000001','1'),
('A000072','R000004','1'),
('A000073','R000004','1'),
('A000074','R000005','1'),
('A000075','R000004','1'),
('A000076','R000003','1'),
('A000077','R000002','1'),
('A000078','R000001','1'),
('A000079','R000004','1'),
('A000080','R000004','1'),
('A000081','R000004','1'),
('A000082','R000003','1'),
('A000083','R000004','1'),
('A000084','R000003','1'),
('A000085','R000004','1'),
('A000086','R000004','1'),
('A000087','R000004','1'),
('A000088','R000002','1'),
('A000089','R000004','1'),
('A000090','R000005','1'),
('A000091','R000004','1'),
('A000092','R000002','1'),
('A000093','R000005','1'),
('A000094','R000005','1'),
('A000095','R000001','1'),
('A000096','R000001','1'),
('A000097','R000001','1'),
('A000098','R000005','1'),
('A000099','R000005','1'),
('A000100','R000005','1');
drop table  if exists order_data;
create table order_data (
	id	  	varchar(32) not null,
	buyer	  	varchar(64),
	seller	  	varchar(64),
	title	  	varchar(32),
	total_amount	  	numeric(6,2),
	type	  	varchar(16),
	mark_as_delete	  	int,
	version	  	int,
	primary key(id)
) ENGINE=InnoDB DEFAULT CHARSET=utf8;
insert into order_data values
('O000001','BC000002','SC000005','order title - 6700','261.5473741987747','order6701','1','1'),
('O000002','BC000002','SC000002','order title - 6702','12.439272435945522','order6703','1','1'),
('O000003','BC000002','SC000002','order title - 6704','183.51217213991455','order6705','1','1'),
('O000004','BC000001','SC000002','order title - 6706','192.91109173430914','order6707','1','1'),
('O000005','BC000004','SC000005','order title - 6708','264.8132695563514','order6709','1','1'),
('O000006','BC000002','SC000005','order title - 6710','273.4613676442175','order6711','1','1'),
('O000007','BC000003','SC000005','order title - 6712','289.85295167327536','order6713','1','1'),
('O000008','BC000001','SC000001','order title - 6714','71.91569042960633','order6715','1','1'),
('O000009','BC000003','SC000001','order title - 6716','126.25328565735762','order6717','1','1'),
('O000010','BC000002','SC000005','order title - 6718','206.30808390490375','order6719','1','1'),
('O000011','BC000001','SC000005','order title - 6720','74.21591659879839','order6721','1','1'),
('O000012','BC000004','SC000003','order title - 6722','236.4775131441066','order6723','1','1'),
('O000013','BC000001','SC000004','order title - 6724','68.03715974406329','order6725','1','1'),
('O000014','BC000002','SC000003','order title - 6726','294.34929794055614','order6727','1','1'),
('O000015','BC000003','SC000004','order title - 6728','244.02122836379667','order6729','1','1'),
('O000016','BC000001','SC000003','order title - 6730','218.96159314643648','order6731','1','1'),
('O000017','BC000003','SC000002','order title - 6732','159.4069297158909','order6733','1','1'),
('O000018','BC000001','SC000005','order title - 6734','67.22723052575748','order6735','1','1'),
('O000019','BC000002','SC000002','order title - 6736','1.415735936957952','order6737','1','1'),
('O000020','BC000003','SC000004','order title - 6738','260.7994882567072','order6739','1','1'),
('O000021','BC000003','SC000003','order title - 6740','221.85256444348198','order6741','1','1'),
('O000022','BC000004','SC000002','order title - 6742','216.30326913439984','order6743','1','1'),
('O000023','BC000005','SC000005','order title - 6744','243.30162771916525','order6745','1','1'),
('O000024','BC000004','SC000001','order title - 6746','173.5633741753778','order6747','1','1'),
('O000025','BC000003','SC000002','order title - 6748','273.44124314327644','order6749','1','1'),
('O000026','BC000002','SC000001','order title - 6750','16.347138915178707','order6751','1','1'),
('O000027','BC000002','SC000001','order title - 6752','20.802972481878523','order6753','1','1'),
('O000028','BC000003','SC000003','order title - 6754','18.675259995192533','order6755','1','1'),
('O000029','BC000004','SC000005','order title - 6756','105.71752791474876','order6757','1','1'),
('O000030','BC000002','SC000004','order title - 6758','219.23285142694294','order6759','1','1'),
('O000031','BC000005','SC000005','order title - 6760','115.2239026057703','order6761','1','1'),
('O000032','BC000005','SC000005','order title - 6762','101.50013733245899','order6763','1','1'),
('O000033','BC000003','SC000001','order title - 6764','46.41782252289742','order6765','1','1'),
('O000034','BC000002','SC000005','order title - 6766','74.54276838431572','order6767','1','1'),
('O000035','BC000004','SC000001','order title - 6768','42.63464966737695','order6769','1','1'),
('O000036','BC000003','SC000002','order title - 6770','132.95486987729066','order6771','1','1'),
('O000037','BC000003','SC000003','order title - 6772','193.88112600317777','order6773','1','1'),
('O000038','BC000003','SC000001','order title - 6774','273.59017255030597','order6775','1','1'),
('O000039','BC000001','SC000001','order title - 6776','256.1964424155567','order6777','1','1'),
('O000040','BC000001','SC000001','order title - 6778','41.82028146618417','order6779','1','1'),
('O000041','BC000004','SC000002','order title - 6780','166.4094048148087','order6781','1','1'),
('O000042','BC000004','SC000001','order title - 6782','240.8129262279572','order6783','1','1'),
('O000043','BC000005','SC000002','order title - 6784','182.92381493713523','order6785','1','1'),
('O000044','BC000005','SC000004','order title - 6786','0.7918224467626346','order6787','1','1'),
('O000045','BC000005','SC000005','order title - 6788','46.17441544012243','order6789','1','1'),
('O000046','BC000002','SC000003','order title - 6790','78.1646938067218','order6791','1','1'),
('O000047','BC000004','SC000001','order title - 6792','158.8227986222832','order6793','1','1'),
('O000048','BC000003','SC000002','order title - 6794','103.82483896328672','order6795','1','1'),
('O000049','BC000003','SC000004','order title - 6796','225.78406647158272','order6797','1','1'),
('O000050','BC000003','SC000003','order title - 6798','56.75723425191437','order6799','1','1'),
('O000051','BC000001','SC000003','order title - 6800','4.67572711991091','order6801','1','1'),
('O000052','BC000002','SC000003','order title - 6802','270.72350158301634','order6803','1','1'),
('O000053','BC000004','SC000002','order title - 6804','206.55015978696824','order6805','1','1'),
('O000054','BC000002','SC000001','order title - 6806','39.18655352886336','order6807','1','1'),
('O000055','BC000005','SC000002','order title - 6808','293.68860995665636','order6809','1','1'),
('O000056','BC000002','SC000003','order title - 6810','162.4678773746159','order6811','1','1'),
('O000057','BC000002','SC000003','order title - 6812','139.4002357100954','order6813','1','1'),
('O000058','BC000002','SC000001','order title - 6814','296.5874026483914','order6815','1','1'),
('O000059','BC000005','SC000003','order title - 6816','143.3740442460855','order6817','1','1'),
('O000060','BC000001','SC000005','order title - 6818','176.27192390398463','order6819','1','1'),
('O000061','BC000005','SC000004','order title - 6820','201.7703924381436','order6821','1','1'),
('O000062','BC000004','SC000004','order title - 6822','174.98495193046278','order6823','1','1'),
('O000063','BC000004','SC000001','order title - 6824','271.41303104976424','order6825','1','1'),
('O000064','BC000005','SC000004','order title - 6826','129.93543897095557','order6827','1','1'),
('O000065','BC000001','SC000005','order title - 6828','49.42157106951856','order6829','1','1'),
('O000066','BC000004','SC000005','order title - 6830','18.749381022481717','order6831','1','1'),
('O000067','BC000003','SC000003','order title - 6832','107.54099628281533','order6833','1','1'),
('O000068','BC000002','SC000004','order title - 6834','93.4962923029822','order6835','1','1'),
('O000069','BC000001','SC000005','order title - 6836','102.30092529624949','order6837','1','1'),
('O000070','BC000001','SC000001','order title - 6838','73.70817124896625','order6839','1','1'),
('O000071','BC000005','SC000001','order title - 6840','276.898691054523','order6841','1','1'),
('O000072','BC000002','SC000001','order title - 6842','0.6646667727046729','order6843','1','1'),
('O000073','BC000003','SC000002','order title - 6844','123.60082103337805','order6845','1','1'),
('O000074','BC000002','SC000002','order title - 6846','192.81293283475696','order6847','1','1'),
('O000075','BC000004','SC000003','order title - 6848','111.33566064802403','order6849','1','1'),
('O000076','BC000005','SC000004','order title - 6850','57.50907158014946','order6851','1','1'),
('O000077','BC000004','SC000003','order title - 6852','94.41176714077878','order6853','1','1'),
('O000078','BC000003','SC000002','order title - 6854','248.47179706033353','order6855','1','1'),
('O000079','BC000003','SC000002','order title - 6856','55.534270402445415','order6857','1','1'),
('O000080','BC000005','SC000005','order title - 6858','296.2446434230248','order6859','1','1'),
('O000081','BC000005','SC000005','order title - 6860','74.2616752530622','order6861','1','1'),
('O000082','BC000001','SC000003','order title - 6862','67.02512460251198','order6863','1','1'),
('O000083','BC000002','SC000005','order title - 6864','278.6943675733847','order6865','1','1'),
('O000084','BC000005','SC000001','order title - 6866','242.62696626516254','order6867','1','1'),
('O000085','BC000003','SC000001','order title - 6868','260.142652214485','order6869','1','1'),
('O000086','BC000001','SC000004','order title - 6870','44.12171897561064','order6871','1','1'),
('O000087','BC000002','SC000001','order title - 6872','186.683791699097','order6873','1','1'),
('O000088','BC000002','SC000003','order title - 6874','151.74049953742596','order6875','1','1'),
('O000089','BC000001','SC000003','order title - 6876','256.1476167892968','order6877','1','1'),
('O000090','BC000004','SC000004','order title - 6878','47.664448737895654','order6879','1','1'),
('O000091','BC000003','SC000004','order title - 6880','111.45733748441552','order6881','1','1'),
('O000092','BC000001','SC000005','order title - 6882','8.328538283932838','order6883','1','1'),
('O000093','BC000005','SC000002','order title - 6884','279.5325870056042','order6885','1','1'),
('O000094','BC000005','SC000004','order title - 6886','112.41843848996376','order6887','1','1'),
('O000095','BC000005','SC000001','order title - 6888','74.65657168651428','order6889','1','1'),
('O000096','BC000005','SC000001','order title - 6890','138.80233359151123','order6891','1','1'),
('O000097','BC000001','SC000005','order title - 6892','108.48700335684846','order6893','1','1'),
('O000098','BC000005','SC000005','order title - 6894','113.95197048761018','order6895','1','1'),
('O000099','BC000002','SC000002','order title - 6896','136.0655303914927','order6897','1','1'),
('O000100','BC000002','SC000004','order title - 6898','161.72988715885793','order6899','1','1');
drop table  if exists line_item_data;
create table line_item_data (
	id	  	varchar(40) not null,
	biz_order	  	varchar(64),
	sku_id	  	varchar(8),
	sku_name	  	varchar(24),
	amount	  	numeric(5,2),
	quantity	  	int,
	x	  	varchar(32),
	version	  	int,
	primary key(id)
) ENGINE=InnoDB DEFAULT CHARSET=utf8;
insert into line_item_data values
('LI000001','O000002','SKU6900','iPhone - 6901','1.3972508821229883','7','amount*quantity6902','1'),
('LI000002','O000004','SKU6903','iPhone - 6904','16.265172526323433','9','amount*quantity6905','1'),
('LI000003','O000005','SKU6906','iPhone - 6907','8.82930884949164','9','amount*quantity6908','1'),
('LI000004','O000002','SKU6909','iPhone - 6910','13.136988101104876','10','amount*quantity6911','1'),
('LI000005','O000005','SKU6912','iPhone - 6913','12.867990912779176','6','amount*quantity6914','1'),
('LI000006','O000005','SKU6915','iPhone - 6916','11.583737913214497','6','amount*quantity6917','1'),
('LI000007','O000004','SKU6918','iPhone - 6919','16.086452436393383','2','amount*quantity6920','1'),
('LI000008','O000005','SKU6921','iPhone - 6922','4.753602884657434','3','amount*quantity6923','1'),
('LI000009','O000004','SKU6924','iPhone - 6925','18.869197842570657','1','amount*quantity6926','1'),
('LI000010','O000004','SKU6927','iPhone - 6928','8.07342250878164','5','amount*quantity6929','1'),
('LI000011','O000001','SKU6930','iPhone - 6931','14.128301761969126','9','amount*quantity6932','1'),
('LI000012','O000002','SKU6933','iPhone - 6934','6.71088315325624','1','amount*quantity6935','1'),
('LI000013','O000002','SKU6936','iPhone - 6937','19.66075586401533','8','amount*quantity6938','1'),
('LI000014','O000002','SKU6939','iPhone - 6940','14.474349394320244','8','amount*quantity6941','1'),
('LI000015','O000005','SKU6942','iPhone - 6943','0.3404948261988971','8','amount*quantity6944','1'),
('LI000016','O000001','SKU6945','iPhone - 6946','0.34478289339683454','6','amount*quantity6947','1'),
('LI000017','O000004','SKU6948','iPhone - 6949','4.868974166501764','1','amount*quantity6950','1'),
('LI000018','O000003','SKU6951','iPhone - 6952','11.827416384080692','2','amount*quantity6953','1'),
('LI000019','O000002','SKU6954','iPhone - 6955','11.936817962102463','6','amount*quantity6956','1'),
('LI000020','O000003','SKU6957','iPhone - 6958','18.25221818443793','2','amount*quantity6959','1'),
('LI000021','O000002','SKU6960','iPhone - 6961','16.886951113965576','3','amount*quantity6962','1'),
('LI000022','O000005','SKU6963','iPhone - 6964','16.694904199676742','2','amount*quantity6965','1'),
('LI000023','O000003','SKU6966','iPhone - 6967','8.404176741034878','6','amount*quantity6968','1'),
('LI000024','O000004','SKU6969','iPhone - 6970','1.6127475757689387','3','amount*quantity6971','1'),
('LI000025','O000001','SKU6972','iPhone - 6973','13.448620352906959','1','amount*quantity6974','1'),
('LI000026','O000004','SKU6975','iPhone - 6976','22.5927585944165','9','amount*quantity6977','1'),
('LI000027','O000005','SKU6978','iPhone - 6979','9.603531615494472','4','amount*quantity6980','1'),
('LI000028','O000005','SKU6981','iPhone - 6982','8.5050765588027','3','amount*quantity6983','1'),
('LI000029','O000001','SKU6984','iPhone - 6985','2.9632103355849884','2','amount*quantity6986','1'),
('LI000030','O000003','SKU6987','iPhone - 6988','17.630628296386366','8','amount*quantity6989','1'),
('LI000031','O000005','SKU6990','iPhone - 6991','15.912272642418213','4','amount*quantity6992','1'),
('LI000032','O000003','SKU6993','iPhone - 6994','3.1331315525697137','2','amount*quantity6995','1'),
('LI000033','O000002','SKU6996','iPhone - 6997','19.99505462035438','3','amount*quantity6998','1'),
('LI000034','O000004','SKU6999','iPhone - 7000','4.04812840958726','10','amount*quantity7001','1'),
('LI000035','O000004','SKU7002','iPhone - 7003','16.356908963247033','7','amount*quantity7004','1'),
('LI000036','O000002','SKU7005','iPhone - 7006','22.142719497042904','2','amount*quantity7007','1'),
('LI000037','O000001','SKU7008','iPhone - 7009','2.0697620086421558','10','amount*quantity7010','1'),
('LI000038','O000003','SKU7011','iPhone - 7012','12.35347883474577','10','amount*quantity7013','1'),
('LI000039','O000005','SKU7014','iPhone - 7015','17.44115175679314','3','amount*quantity7016','1'),
('LI000040','O000005','SKU7017','iPhone - 7018','4.076380728586461','7','amount*quantity7019','1'),
('LI000041','O000002','SKU7020','iPhone - 7021','12.671591656637599','10','amount*quantity7022','1'),
('LI000042','O000005','SKU7023','iPhone - 7024','5.743665776982175','10','amount*quantity7025','1'),
('LI000043','O000004','SKU7026','iPhone - 7027','9.43346734069648','2','amount*quantity7028','1'),
('LI000044','O000005','SKU7029','iPhone - 7030','21.920951368108817','4','amount*quantity7031','1'),
('LI000045','O000004','SKU7032','iPhone - 7033','18.758561268162403','4','amount*quantity7034','1'),
('LI000046','O000005','SKU7035','iPhone - 7036','4.5435843526961','10','amount*quantity7037','1'),
('LI000047','O000005','SKU7038','iPhone - 7039','8.390026768771206','8','amount*quantity7040','1'),
('LI000048','O000001','SKU7041','iPhone - 7042','12.239568055088137','2','amount*quantity7043','1'),
('LI000049','O000001','SKU7044','iPhone - 7045','8.811294899358089','3','amount*quantity7046','1'),
('LI000050','O000002','SKU7047','iPhone - 7048','23.67524455027542','10','amount*quantity7049','1'),
('LI000051','O000004','SKU7050','iPhone - 7051','4.113590002425747','3','amount*quantity7052','1'),
('LI000052','O000002','SKU7053','iPhone - 7054','11.20737358117071','2','amount*quantity7055','1'),
('LI000053','O000005','SKU7056','iPhone - 7057','20.368906501731974','6','amount*quantity7058','1'),
('LI000054','O000002','SKU7059','iPhone - 7060','1.537060981364047','7','amount*quantity7061','1'),
('LI000055','O000005','SKU7062','iPhone - 7063','5.086339392672042','5','amount*quantity7064','1'),
('LI000056','O000004','SKU7065','iPhone - 7066','5.228024673497193','4','amount*quantity7067','1'),
('LI000057','O000001','SKU7068','iPhone - 7069','20.700334313963555','8','amount*quantity7070','1'),
('LI000058','O000002','SKU7071','iPhone - 7072','8.387483265482933','8','amount*quantity7073','1'),
('LI000059','O000001','SKU7074','iPhone - 7075','10.904925213642429','5','amount*quantity7076','1'),
('LI000060','O000003','SKU7077','iPhone - 7078','20.636262850288333','7','amount*quantity7079','1'),
('LI000061','O000005','SKU7080','iPhone - 7081','16.632450294797955','2','amount*quantity7082','1'),
('LI000062','O000005','SKU7083','iPhone - 7084','9.196806383017474','7','amount*quantity7085','1'),
('LI000063','O000002','SKU7086','iPhone - 7087','3.2090628451203798','4','amount*quantity7088','1'),
('LI000064','O000004','SKU7089','iPhone - 7090','20.790268774841046','6','amount*quantity7091','1'),
('LI000065','O000002','SKU7092','iPhone - 7093','13.167007259234618','6','amount*quantity7094','1'),
('LI000066','O000002','SKU7095','iPhone - 7096','11.33584390092525','5','amount*quantity7097','1'),
('LI000067','O000003','SKU7098','iPhone - 7099','16.670919409566874','9','amount*quantity7100','1'),
('LI000068','O000002','SKU7101','iPhone - 7102','8.046299871073613','8','amount*quantity7103','1'),
('LI000069','O000003','SKU7104','iPhone - 7105','12.217025663590263','3','amount*quantity7106','1'),
('LI000070','O000005','SKU7107','iPhone - 7108','14.34036591984747','4','amount*quantity7109','1'),
('LI000071','O000005','SKU7110','iPhone - 7111','8.331219368381971','9','amount*quantity7112','1'),
('LI000072','O000005','SKU7113','iPhone - 7114','14.977214063105187','7','amount*quantity7115','1'),
('LI000073','O000002','SKU7116','iPhone - 7117','9.249591370703987','6','amount*quantity7118','1'),
('LI000074','O000005','SKU7119','iPhone - 7120','22.78566968270609','7','amount*quantity7121','1'),
('LI000075','O000002','SKU7122','iPhone - 7123','0.659514490233253','7','amount*quantity7124','1'),
('LI000076','O000001','SKU7125','iPhone - 7126','2.505869001624847','6','amount*quantity7127','1'),
('LI000077','O000005','SKU7128','iPhone - 7129','9.456189495412556','1','amount*quantity7130','1'),
('LI000078','O000005','SKU7131','iPhone - 7132','8.376482964554393','4','amount*quantity7133','1'),
('LI000079','O000002','SKU7134','iPhone - 7135','2.7203958632309297','9','amount*quantity7136','1'),
('LI000080','O000004','SKU7137','iPhone - 7138','7.694121047911451','2','amount*quantity7139','1'),
('LI000081','O000002','SKU7140','iPhone - 7141','14.823691516761217','2','amount*quantity7142','1'),
('LI000082','O000005','SKU7143','iPhone - 7144','7.333517908552859','4','amount*quantity7145','1'),
('LI000083','O000003','SKU7146','iPhone - 7147','14.364553516044715','2','amount*quantity7148','1'),
('LI000084','O000002','SKU7149','iPhone - 7150','2.2581619520444502','9','amount*quantity7151','1'),
('LI000085','O000003','SKU7152','iPhone - 7153','16.788911458135466','2','amount*quantity7154','1'),
('LI000086','O000001','SKU7155','iPhone - 7156','3.929422672027617','8','amount*quantity7157','1'),
('LI000087','O000005','SKU7158','iPhone - 7159','18.15354917318569','7','amount*quantity7160','1'),
('LI000088','O000002','SKU7161','iPhone - 7162','22.481283591478043','1','amount*quantity7163','1'),
('LI000089','O000005','SKU7164','iPhone - 7165','2.357241364177495','2','amount*quantity7166','1'),
('LI000090','O000002','SKU7167','iPhone - 7168','13.923633315325777','1','amount*quantity7169','1'),
('LI000091','O000003','SKU7170','iPhone - 7171','12.579931122150304','1','amount*quantity7172','1'),
('LI000092','O000002','SKU7173','iPhone - 7174','17.315811253940566','10','amount*quantity7175','1'),
('LI000093','O000001','SKU7176','iPhone - 7177','12.441310834410281','1','amount*quantity7178','1'),
('LI000094','O000002','SKU7179','iPhone - 7180','14.207685230676152','9','amount*quantity7181','1'),
('LI000095','O000003','SKU7182','iPhone - 7183','23.079887472124074','2','amount*quantity7184','1'),
('LI000096','O000001','SKU7185','iPhone - 7186','16.496913399513563','5','amount*quantity7187','1'),
('LI000097','O000002','SKU7188','iPhone - 7189','20.178833573361462','10','amount*quantity7190','1'),
('LI000098','O000002','SKU7191','iPhone - 7192','15.509918141632307','6','amount*quantity7193','1'),
('LI000099','O000002','SKU7194','iPhone - 7195','3.9040323812133915','7','amount*quantity7196','1'),
('LI000100','O000004','SKU7197','iPhone - 7198','18.222274548666732','9','amount*quantity7199','1');
drop table  if exists shipping_group_data;
create table shipping_group_data (
	id	  	varchar(48) not null,
	name	  	varchar(56),
	biz_order	  	varchar(64),
	address	  	varchar(64),
	amount	  	numeric(4,2),
	version	  	int,
	primary key(id)
) ENGINE=InnoDB DEFAULT CHARSET=utf8;
insert into shipping_group_data values
('SG000001','shipping to this address7200','O000003','SA000005','5.443790101057488','1'),
('SG000002','shipping to this address7201','O000004','SA000002','5.50589101368025','1'),
('SG000003','shipping to this address7202','O000003','SA000005','0.3220483360121975','1'),
('SG000004','shipping to this address7203','O000001','SA000004','5.114465523624902','1'),
('SG000005','shipping to this address7204','O000005','SA000002','0.6576443918513174','1'),
('SG000006','shipping to this address7205','O000003','SA000004','1.8344827104201844','1'),
('SG000007','shipping to this address7206','O000005','SA000001','5.077031880046475','1'),
('SG000008','shipping to this address7207','O000003','SA000001','5.479065424931434','1'),
('SG000009','shipping to this address7208','O000004','SA000003','5.426855715032572','1'),
('SG000010','shipping to this address7209','O000002','SA000002','0.7430520232164013','1'),
('SG000011','shipping to this address7210','O000004','SA000003','5.357336568835226','1'),
('SG000012','shipping to this address7211','O000005','SA000002','0.8937390666412321','1'),
('SG000013','shipping to this address7212','O000002','SA000005','2.4379317088407366','1'),
('SG000014','shipping to this address7213','O000002','SA000002','5.581284976884848','1'),
('SG000015','shipping to this address7214','O000004','SA000004','2.311991979289388','1'),
('SG000016','shipping to this address7215','O000001','SA000005','5.880443438991499','1'),
('SG000017','shipping to this address7216','O000004','SA000005','5.647501052365778','1'),
('SG000018','shipping to this address7217','O000005','SA000001','5.222560042649026','1'),
('SG000019','shipping to this address7218','O000003','SA000001','3.081800626517011','1'),
('SG000020','shipping to this address7219','O000005','SA000004','2.989512044364713','1'),
('SG000021','shipping to this address7220','O000005','SA000001','4.979353949893659','1'),
('SG000022','shipping to this address7221','O000002','SA000002','5.110537282513995','1'),
('SG000023','shipping to this address7222','O000001','SA000005','5.565878892334999','1'),
('SG000024','shipping to this address7223','O000001','SA000003','4.248923668875718','1'),
('SG000025','shipping to this address7224','O000005','SA000001','5.96790268863351','1'),
('SG000026','shipping to this address7225','O000002','SA000005','5.0702761061712325','1'),
('SG000027','shipping to this address7226','O000002','SA000005','5.55019825176327','1'),
('SG000028','shipping to this address7227','O000005','SA000002','0.10373280423838264','1'),
('SG000029','shipping to this address7228','O000001','SA000004','3.711390911747264','1'),
('SG000030','shipping to this address7229','O000001','SA000004','0.4649542558357683','1'),
('SG000031','shipping to this address7230','O000004','SA000002','2.649974951929987','1'),
('SG000032','shipping to this address7231','O000005','SA000001','2.9870930170866536','1'),
('SG000033','shipping to this address7232','O000004','SA000004','1.9142072865772826','1'),
('SG000034','shipping to this address7233','O000001','SA000005','4.327088506121463','1'),
('SG000035','shipping to this address7234','O000002','SA000004','1.0730025223184139','1'),
('SG000036','shipping to this address7235','O000002','SA000002','4.197596522295808','1'),
('SG000037','shipping to this address7236','O000001','SA000005','1.9146187456570176','1'),
('SG000038','shipping to this address7237','O000001','SA000004','5.584410466754845','1'),
('SG000039','shipping to this address7238','O000005','SA000001','3.7322004919055236','1'),
('SG000040','shipping to this address7239','O000002','SA000003','4.5093784615715755','1'),
('SG000041','shipping to this address7240','O000002','SA000004','4.142140343127183','1'),
('SG000042','shipping to this address7241','O000002','SA000005','3.915255136709367','1'),
('SG000043','shipping to this address7242','O000001','SA000001','1.692774543628683','1'),
('SG000044','shipping to this address7243','O000001','SA000003','3.1616079139841804','1'),
('SG000045','shipping to this address7244','O000003','SA000001','0.23759925273109067','1'),
('SG000046','shipping to this address7245','O000005','SA000003','4.426449683661121','1'),
('SG000047','shipping to this address7246','O000001','SA000003','1.272437606588802','1'),
('SG000048','shipping to this address7247','O000003','SA000003','2.7825801053537265','1'),
('SG000049','shipping to this address7248','O000002','SA000003','5.568719627994649','1'),
('SG000050','shipping to this address7249','O000002','SA000003','1.7682648600162654','1'),
('SG000051','shipping to this address7250','O000005','SA000002','4.662137979089282','1'),
('SG000052','shipping to this address7251','O000002','SA000004','2.5806779467137533','1'),
('SG000053','shipping to this address7252','O000003','SA000003','5.724775264997994','1'),
('SG000054','shipping to this address7253','O000003','SA000002','0.3759988415099795','1'),
('SG000055','shipping to this address7254','O000005','SA000004','3.969669315613074','1'),
('SG000056','shipping to this address7255','O000003','SA000001','4.119936469583835','1'),
('SG000057','shipping to this address7256','O000004','SA000004','3.545502100735742','1'),
('SG000058','shipping to this address7257','O000004','SA000003','5.256214154513115','1'),
('SG000059','shipping to this address7258','O000003','SA000004','1.8794098016892573','1'),
('SG000060','shipping to this address7259','O000004','SA000004','3.5918728855998614','1'),
('SG000061','shipping to this address7260','O000003','SA000004','5.252051735901938','1'),
('SG000062','shipping to this address7261','O000004','SA000005','5.56752873020689','1'),
('SG000063','shipping to this address7262','O000002','SA000004','2.388241050634415','1'),
('SG000064','shipping to this address7263','O000003','SA000001','1.3475864675997693','1'),
('SG000065','shipping to this address7264','O000005','SA000004','3.251295034546616','1'),
('SG000066','shipping to this address7265','O000001','SA000002','3.6111882326458646','1'),
('SG000067','shipping to this address7266','O000004','SA000003','2.0204438600022767','1'),
('SG000068','shipping to this address7267','O000005','SA000003','1.9349325534219504','1'),
('SG000069','shipping to this address7268','O000003','SA000003','2.509243123443441','1'),
('SG000070','shipping to this address7269','O000003','SA000001','0.9354038366043795','1'),
('SG000071','shipping to this address7270','O000005','SA000004','3.963048769668262','1'),
('SG000072','shipping to this address7271','O000004','SA000002','3.6647980985189625','1'),
('SG000073','shipping to this address7272','O000002','SA000005','4.854759196483834','1'),
('SG000074','shipping to this address7273','O000003','SA000003','2.29963954055777','1'),
('SG000075','shipping to this address7274','O000001','SA000002','4.647739009227373','1'),
('SG000076','shipping to this address7275','O000001','SA000005','1.948174752767531','1'),
('SG000077','shipping to this address7276','O000001','SA000005','0.5310660202250383','1'),
('SG000078','shipping to this address7277','O000001','SA000005','4.130663483331071','1'),
('SG000079','shipping to this address7278','O000002','SA000005','4.035957714670422','1'),
('SG000080','shipping to this address7279','O000003','SA000002','1.3918279855486713','1'),
('SG000081','shipping to this address7280','O000005','SA000002','5.449835928095677','1'),
('SG000082','shipping to this address7281','O000001','SA000002','4.151256976993493','1'),
('SG000083','shipping to this address7282','O000002','SA000002','1.8503701407579316','1'),
('SG000084','shipping to this address7283','O000005','SA000002','1.824902776014474','1'),
('SG000085','shipping to this address7284','O000005','SA000004','1.9608572119588208','1'),
('SG000086','shipping to this address7285','O000003','SA000003','3.5749762068420647','1'),
('SG000087','shipping to this address7286','O000004','SA000002','3.668257323057973','1'),
('SG000088','shipping to this address7287','O000002','SA000001','0.8717821099415317','1'),
('SG000089','shipping to this address7288','O000002','SA000005','3.3394259315281034','1'),
('SG000090','shipping to this address7289','O000004','SA000005','0.2563167361505536','1'),
('SG000091','shipping to this address7290','O000005','SA000003','3.6007930130324226','1'),
('SG000092','shipping to this address7291','O000002','SA000001','0.7879353164553788','1'),
('SG000093','shipping to this address7292','O000002','SA000001','1.8936965203564335','1'),
('SG000094','shipping to this address7293','O000002','SA000002','0.6150102766029738','1'),
('SG000095','shipping to this address7294','O000004','SA000001','3.7764560856498774','1'),
('SG000096','shipping to this address7295','O000003','SA000003','5.725342267442273','1'),
('SG000097','shipping to this address7296','O000003','SA000002','2.725251560462558','1'),
('SG000098','shipping to this address7297','O000003','SA000004','2.1960075313462517','1'),
('SG000099','shipping to this address7298','O000005','SA000002','3.647080547710481','1'),
('SG000100','shipping to this address7299','O000005','SA000003','5.462372269786145','1');
drop table  if exists payment_group_data;
create table payment_group_data (
	id	  	varchar(48) not null,
	name	  	varchar(40),
	biz_order	  	varchar(64),
	card_number	  	varchar(40),
	billing_address	  	varchar(64),
	version	  	int,
	primary key(id)
) ENGINE=InnoDB DEFAULT CHARSET=utf8;
insert into payment_group_data values
('PG000001','visa card ending - 7300','O000002','4111 1111 1111 - 7301','BA000005','1'),
('PG000002','visa card ending - 7302','O000001','4111 1111 1111 - 7303','BA000005','1'),
('PG000003','visa card ending - 7304','O000004','4111 1111 1111 - 7305','BA000005','1'),
('PG000004','visa card ending - 7306','O000003','4111 1111 1111 - 7307','BA000005','1'),
('PG000005','visa card ending - 7308','O000005','4111 1111 1111 - 7309','BA000002','1'),
('PG000006','visa card ending - 7310','O000003','4111 1111 1111 - 7311','BA000005','1'),
('PG000007','visa card ending - 7312','O000003','4111 1111 1111 - 7313','BA000004','1'),
('PG000008','visa card ending - 7314','O000003','4111 1111 1111 - 7315','BA000004','1'),
('PG000009','visa card ending - 7316','O000005','4111 1111 1111 - 7317','BA000002','1'),
('PG000010','visa card ending - 7318','O000001','4111 1111 1111 - 7319','BA000005','1'),
('PG000011','visa card ending - 7320','O000005','4111 1111 1111 - 7321','BA000003','1'),
('PG000012','visa card ending - 7322','O000003','4111 1111 1111 - 7323','BA000005','1'),
('PG000013','visa card ending - 7324','O000003','4111 1111 1111 - 7325','BA000005','1'),
('PG000014','visa card ending - 7326','O000002','4111 1111 1111 - 7327','BA000004','1'),
('PG000015','visa card ending - 7328','O000001','4111 1111 1111 - 7329','BA000001','1'),
('PG000016','visa card ending - 7330','O000002','4111 1111 1111 - 7331','BA000003','1'),
('PG000017','visa card ending - 7332','O000003','4111 1111 1111 - 7333','BA000005','1'),
('PG000018','visa card ending - 7334','O000005','4111 1111 1111 - 7335','BA000002','1'),
('PG000019','visa card ending - 7336','O000002','4111 1111 1111 - 7337','BA000003','1'),
('PG000020','visa card ending - 7338','O000001','4111 1111 1111 - 7339','BA000004','1'),
('PG000021','visa card ending - 7340','O000002','4111 1111 1111 - 7341','BA000002','1'),
('PG000022','visa card ending - 7342','O000005','4111 1111 1111 - 7343','BA000005','1'),
('PG000023','visa card ending - 7344','O000001','4111 1111 1111 - 7345','BA000004','1'),
('PG000024','visa card ending - 7346','O000004','4111 1111 1111 - 7347','BA000004','1'),
('PG000025','visa card ending - 7348','O000003','4111 1111 1111 - 7349','BA000001','1'),
('PG000026','visa card ending - 7350','O000003','4111 1111 1111 - 7351','BA000004','1'),
('PG000027','visa card ending - 7352','O000002','4111 1111 1111 - 7353','BA000005','1'),
('PG000028','visa card ending - 7354','O000002','4111 1111 1111 - 7355','BA000003','1'),
('PG000029','visa card ending - 7356','O000003','4111 1111 1111 - 7357','BA000002','1'),
('PG000030','visa card ending - 7358','O000001','4111 1111 1111 - 7359','BA000002','1'),
('PG000031','visa card ending - 7360','O000003','4111 1111 1111 - 7361','BA000004','1'),
('PG000032','visa card ending - 7362','O000005','4111 1111 1111 - 7363','BA000004','1'),
('PG000033','visa card ending - 7364','O000001','4111 1111 1111 - 7365','BA000003','1'),
('PG000034','visa card ending - 7366','O000001','4111 1111 1111 - 7367','BA000003','1'),
('PG000035','visa card ending - 7368','O000001','4111 1111 1111 - 7369','BA000005','1'),
('PG000036','visa card ending - 7370','O000001','4111 1111 1111 - 7371','BA000002','1'),
('PG000037','visa card ending - 7372','O000004','4111 1111 1111 - 7373','BA000003','1'),
('PG000038','visa card ending - 7374','O000001','4111 1111 1111 - 7375','BA000001','1'),
('PG000039','visa card ending - 7376','O000001','4111 1111 1111 - 7377','BA000002','1'),
('PG000040','visa card ending - 7378','O000001','4111 1111 1111 - 7379','BA000002','1'),
('PG000041','visa card ending - 7380','O000002','4111 1111 1111 - 7381','BA000002','1'),
('PG000042','visa card ending - 7382','O000005','4111 1111 1111 - 7383','BA000002','1'),
('PG000043','visa card ending - 7384','O000005','4111 1111 1111 - 7385','BA000004','1'),
('PG000044','visa card ending - 7386','O000003','4111 1111 1111 - 7387','BA000005','1'),
('PG000045','visa card ending - 7388','O000002','4111 1111 1111 - 7389','BA000005','1'),
('PG000046','visa card ending - 7390','O000005','4111 1111 1111 - 7391','BA000004','1'),
('PG000047','visa card ending - 7392','O000004','4111 1111 1111 - 7393','BA000005','1'),
('PG000048','visa card ending - 7394','O000002','4111 1111 1111 - 7395','BA000005','1'),
('PG000049','visa card ending - 7396','O000001','4111 1111 1111 - 7397','BA000004','1'),
('PG000050','visa card ending - 7398','O000003','4111 1111 1111 - 7399','BA000003','1'),
('PG000051','visa card ending - 7400','O000001','4111 1111 1111 - 7401','BA000003','1'),
('PG000052','visa card ending - 7402','O000003','4111 1111 1111 - 7403','BA000003','1'),
('PG000053','visa card ending - 7404','O000001','4111 1111 1111 - 7405','BA000004','1'),
('PG000054','visa card ending - 7406','O000005','4111 1111 1111 - 7407','BA000003','1'),
('PG000055','visa card ending - 7408','O000001','4111 1111 1111 - 7409','BA000003','1'),
('PG000056','visa card ending - 7410','O000002','4111 1111 1111 - 7411','BA000005','1'),
('PG000057','visa card ending - 7412','O000005','4111 1111 1111 - 7413','BA000005','1'),
('PG000058','visa card ending - 7414','O000001','4111 1111 1111 - 7415','BA000004','1'),
('PG000059','visa card ending - 7416','O000004','4111 1111 1111 - 7417','BA000004','1'),
('PG000060','visa card ending - 7418','O000005','4111 1111 1111 - 7419','BA000005','1'),
('PG000061','visa card ending - 7420','O000004','4111 1111 1111 - 7421','BA000003','1'),
('PG000062','visa card ending - 7422','O000003','4111 1111 1111 - 7423','BA000004','1'),
('PG000063','visa card ending - 7424','O000002','4111 1111 1111 - 7425','BA000005','1'),
('PG000064','visa card ending - 7426','O000004','4111 1111 1111 - 7427','BA000003','1'),
('PG000065','visa card ending - 7428','O000001','4111 1111 1111 - 7429','BA000001','1'),
('PG000066','visa card ending - 7430','O000001','4111 1111 1111 - 7431','BA000001','1'),
('PG000067','visa card ending - 7432','O000002','4111 1111 1111 - 7433','BA000005','1'),
('PG000068','visa card ending - 7434','O000003','4111 1111 1111 - 7435','BA000003','1'),
('PG000069','visa card ending - 7436','O000002','4111 1111 1111 - 7437','BA000004','1'),
('PG000070','visa card ending - 7438','O000001','4111 1111 1111 - 7439','BA000002','1'),
('PG000071','visa card ending - 7440','O000003','4111 1111 1111 - 7441','BA000004','1'),
('PG000072','visa card ending - 7442','O000002','4111 1111 1111 - 7443','BA000004','1'),
('PG000073','visa card ending - 7444','O000002','4111 1111 1111 - 7445','BA000002','1'),
('PG000074','visa card ending - 7446','O000003','4111 1111 1111 - 7447','BA000004','1'),
('PG000075','visa card ending - 7448','O000002','4111 1111 1111 - 7449','BA000002','1'),
('PG000076','visa card ending - 7450','O000001','4111 1111 1111 - 7451','BA000005','1'),
('PG000077','visa card ending - 7452','O000002','4111 1111 1111 - 7453','BA000004','1'),
('PG000078','visa card ending - 7454','O000001','4111 1111 1111 - 7455','BA000005','1'),
('PG000079','visa card ending - 7456','O000002','4111 1111 1111 - 7457','BA000003','1'),
('PG000080','visa card ending - 7458','O000004','4111 1111 1111 - 7459','BA000005','1'),
('PG000081','visa card ending - 7460','O000001','4111 1111 1111 - 7461','BA000002','1'),
('PG000082','visa card ending - 7462','O000005','4111 1111 1111 - 7463','BA000001','1'),
('PG000083','visa card ending - 7464','O000002','4111 1111 1111 - 7465','BA000001','1'),
('PG000084','visa card ending - 7466','O000005','4111 1111 1111 - 7467','BA000005','1'),
('PG000085','visa card ending - 7468','O000005','4111 1111 1111 - 7469','BA000004','1'),
('PG000086','visa card ending - 7470','O000003','4111 1111 1111 - 7471','BA000004','1'),
('PG000087','visa card ending - 7472','O000005','4111 1111 1111 - 7473','BA000001','1'),
('PG000088','visa card ending - 7474','O000004','4111 1111 1111 - 7475','BA000005','1'),
('PG000089','visa card ending - 7476','O000005','4111 1111 1111 - 7477','BA000002','1'),
('PG000090','visa card ending - 7478','O000003','4111 1111 1111 - 7479','BA000005','1'),
('PG000091','visa card ending - 7480','O000001','4111 1111 1111 - 7481','BA000003','1'),
('PG000092','visa card ending - 7482','O000004','4111 1111 1111 - 7483','BA000005','1'),
('PG000093','visa card ending - 7484','O000001','4111 1111 1111 - 7485','BA000004','1'),
('PG000094','visa card ending - 7486','O000005','4111 1111 1111 - 7487','BA000004','1'),
('PG000095','visa card ending - 7488','O000002','4111 1111 1111 - 7489','BA000001','1'),
('PG000096','visa card ending - 7490','O000005','4111 1111 1111 - 7491','BA000004','1'),
('PG000097','visa card ending - 7492','O000001','4111 1111 1111 - 7493','BA000002','1'),
('PG000098','visa card ending - 7494','O000004','4111 1111 1111 - 7495','BA000002','1'),
('PG000099','visa card ending - 7496','O000005','4111 1111 1111 - 7497','BA000005','1'),
('PG000100','visa card ending - 7498','O000005','4111 1111 1111 - 7499','BA000003','1');
drop table  if exists cust_svc_rep_data;
create table cust_svc_rep_data (
	id	  	varchar(40) not null,
	email	  	varchar(48),
	role	  	varchar(64),
	company	  	varchar(64),
	version	  	int,
	primary key(id)
) ENGINE=InnoDB DEFAULT CHARSET=utf8;
insert into cust_svc_rep_data values
('CSR000001','philip_chang@174.com7500','R000003','SC000004','1'),
('CSR000002','philip_chang@174.com7501','R000003','SC000004','1'),
('CSR000003','philip_chang@174.com7502','R000004','SC000003','1'),
('CSR000004','philip_chang@174.com7503','R000003','SC000003','1'),
('CSR000005','philip_chang@174.com7504','R000001','SC000001','1'),
('CSR000006','philip_chang@174.com7505','R000004','SC000004','1'),
('CSR000007','philip_chang@174.com7506','R000002','SC000004','1'),
('CSR000008','philip_chang@174.com7507','R000002','SC000001','1'),
('CSR000009','philip_chang@174.com7508','R000003','SC000004','1'),
('CSR000010','philip_chang@174.com7509','R000003','SC000003','1'),
('CSR000011','philip_chang@174.com7510','R000003','SC000003','1'),
('CSR000012','philip_chang@174.com7511','R000005','SC000003','1'),
('CSR000013','philip_chang@174.com7512','R000004','SC000002','1'),
('CSR000014','philip_chang@174.com7513','R000004','SC000005','1'),
('CSR000015','philip_chang@174.com7514','R000003','SC000003','1'),
('CSR000016','philip_chang@174.com7515','R000005','SC000001','1'),
('CSR000017','philip_chang@174.com7516','R000004','SC000004','1'),
('CSR000018','philip_chang@174.com7517','R000004','SC000001','1'),
('CSR000019','philip_chang@174.com7518','R000003','SC000001','1'),
('CSR000020','philip_chang@174.com7519','R000001','SC000001','1'),
('CSR000021','philip_chang@174.com7520','R000001','SC000002','1'),
('CSR000022','philip_chang@174.com7521','R000004','SC000005','1'),
('CSR000023','philip_chang@174.com7522','R000005','SC000001','1'),
('CSR000024','philip_chang@174.com7523','R000005','SC000005','1'),
('CSR000025','philip_chang@174.com7524','R000001','SC000002','1'),
('CSR000026','philip_chang@174.com7525','R000001','SC000003','1'),
('CSR000027','philip_chang@174.com7526','R000003','SC000001','1'),
('CSR000028','philip_chang@174.com7527','R000003','SC000002','1'),
('CSR000029','philip_chang@174.com7528','R000004','SC000005','1'),
('CSR000030','philip_chang@174.com7529','R000005','SC000005','1'),
('CSR000031','philip_chang@174.com7530','R000003','SC000001','1'),
('CSR000032','philip_chang@174.com7531','R000004','SC000004','1'),
('CSR000033','philip_chang@174.com7532','R000002','SC000002','1'),
('CSR000034','philip_chang@174.com7533','R000003','SC000004','1'),
('CSR000035','philip_chang@174.com7534','R000003','SC000001','1'),
('CSR000036','philip_chang@174.com7535','R000003','SC000004','1'),
('CSR000037','philip_chang@174.com7536','R000003','SC000005','1'),
('CSR000038','philip_chang@174.com7537','R000001','SC000001','1'),
('CSR000039','philip_chang@174.com7538','R000005','SC000002','1'),
('CSR000040','philip_chang@174.com7539','R000005','SC000002','1'),
('CSR000041','philip_chang@174.com7540','R000005','SC000005','1'),
('CSR000042','philip_chang@174.com7541','R000002','SC000005','1'),
('CSR000043','philip_chang@174.com7542','R000004','SC000001','1'),
('CSR000044','philip_chang@174.com7543','R000005','SC000004','1'),
('CSR000045','philip_chang@174.com7544','R000004','SC000004','1'),
('CSR000046','philip_chang@174.com7545','R000003','SC000005','1'),
('CSR000047','philip_chang@174.com7546','R000002','SC000003','1'),
('CSR000048','philip_chang@174.com7547','R000001','SC000001','1'),
('CSR000049','philip_chang@174.com7548','R000005','SC000001','1'),
('CSR000050','philip_chang@174.com7549','R000001','SC000004','1'),
('CSR000051','philip_chang@174.com7550','R000004','SC000001','1'),
('CSR000052','philip_chang@174.com7551','R000004','SC000001','1'),
('CSR000053','philip_chang@174.com7552','R000004','SC000005','1'),
('CSR000054','philip_chang@174.com7553','R000004','SC000005','1'),
('CSR000055','philip_chang@174.com7554','R000001','SC000004','1'),
('CSR000056','philip_chang@174.com7555','R000003','SC000001','1'),
('CSR000057','philip_chang@174.com7556','R000004','SC000004','1'),
('CSR000058','philip_chang@174.com7557','R000002','SC000003','1'),
('CSR000059','philip_chang@174.com7558','R000005','SC000001','1'),
('CSR000060','philip_chang@174.com7559','R000002','SC000004','1'),
('CSR000061','philip_chang@174.com7560','R000004','SC000004','1'),
('CSR000062','philip_chang@174.com7561','R000002','SC000003','1'),
('CSR000063','philip_chang@174.com7562','R000003','SC000001','1'),
('CSR000064','philip_chang@174.com7563','R000001','SC000005','1'),
('CSR000065','philip_chang@174.com7564','R000005','SC000003','1'),
('CSR000066','philip_chang@174.com7565','R000002','SC000005','1'),
('CSR000067','philip_chang@174.com7566','R000001','SC000005','1'),
('CSR000068','philip_chang@174.com7567','R000001','SC000005','1'),
('CSR000069','philip_chang@174.com7568','R000004','SC000002','1'),
('CSR000070','philip_chang@174.com7569','R000002','SC000002','1'),
('CSR000071','philip_chang@174.com7570','R000002','SC000005','1'),
('CSR000072','philip_chang@174.com7571','R000001','SC000002','1'),
('CSR000073','philip_chang@174.com7572','R000005','SC000001','1'),
('CSR000074','philip_chang@174.com7573','R000005','SC000001','1'),
('CSR000075','philip_chang@174.com7574','R000003','SC000004','1'),
('CSR000076','philip_chang@174.com7575','R000001','SC000003','1'),
('CSR000077','philip_chang@174.com7576','R000005','SC000004','1'),
('CSR000078','philip_chang@174.com7577','R000005','SC000005','1'),
('CSR000079','philip_chang@174.com7578','R000005','SC000004','1'),
('CSR000080','philip_chang@174.com7579','R000004','SC000004','1'),
('CSR000081','philip_chang@174.com7580','R000004','SC000003','1'),
('CSR000082','philip_chang@174.com7581','R000003','SC000003','1'),
('CSR000083','philip_chang@174.com7582','R000002','SC000001','1'),
('CSR000084','philip_chang@174.com7583','R000005','SC000001','1'),
('CSR000085','philip_chang@174.com7584','R000002','SC000001','1'),
('CSR000086','philip_chang@174.com7585','R000005','SC000004','1'),
('CSR000087','philip_chang@174.com7586','R000005','SC000001','1'),
('CSR000088','philip_chang@174.com7587','R000003','SC000003','1'),
('CSR000089','philip_chang@174.com7588','R000004','SC000001','1'),
('CSR000090','philip_chang@174.com7589','R000004','SC000004','1'),
('CSR000091','philip_chang@174.com7590','R000005','SC000004','1'),
('CSR000092','philip_chang@174.com7591','R000003','SC000002','1'),
('CSR000093','philip_chang@174.com7592','R000003','SC000003','1'),
('CSR000094','philip_chang@174.com7593','R000003','SC000005','1'),
('CSR000095','philip_chang@174.com7594','R000003','SC000001','1'),
('CSR000096','philip_chang@174.com7595','R000004','SC000001','1'),
('CSR000097','philip_chang@174.com7596','R000003','SC000001','1'),
('CSR000098','philip_chang@174.com7597','R000005','SC000002','1'),
('CSR000099','philip_chang@174.com7598','R000001','SC000001','1'),
('CSR000100','philip_chang@174.com7599','R000002','SC000001','1');
drop table  if exists action_data;
create table action_data (
	id	  	varchar(32) not null,
	name	  	varchar(16),
	internal_name	  	varchar(16),
	bo	  	varchar(64),
	version	  	int,
	primary key(id)
) ENGINE=InnoDB DEFAULT CHARSET=utf8;
insert into action_data values
('A000001','view7600','load7601','O000004','1'),
('A000002','view7602','load7603','O000001','1'),
('A000003','view7604','load7605','O000004','1'),
('A000004','view7606','load7607','O000005','1'),
('A000005','view7608','load7609','O000005','1'),
('A000006','view7610','load7611','O000002','1'),
('A000007','view7612','load7613','O000004','1'),
('A000008','view7614','load7615','O000005','1'),
('A000009','view7616','load7617','O000005','1'),
('A000010','view7618','load7619','O000005','1'),
('A000011','view7620','load7621','O000003','1'),
('A000012','view7622','load7623','O000005','1'),
('A000013','view7624','load7625','O000002','1'),
('A000014','view7626','load7627','O000002','1'),
('A000015','view7628','load7629','O000004','1'),
('A000016','view7630','load7631','O000003','1'),
('A000017','view7632','load7633','O000004','1'),
('A000018','view7634','load7635','O000001','1'),
('A000019','view7636','load7637','O000002','1'),
('A000020','view7638','load7639','O000001','1'),
('A000021','view7640','load7641','O000003','1'),
('A000022','view7642','load7643','O000004','1'),
('A000023','view7644','load7645','O000001','1'),
('A000024','view7646','load7647','O000004','1'),
('A000025','view7648','load7649','O000004','1'),
('A000026','view7650','load7651','O000002','1'),
('A000027','view7652','load7653','O000004','1'),
('A000028','view7654','load7655','O000003','1'),
('A000029','view7656','load7657','O000005','1'),
('A000030','view7658','load7659','O000001','1'),
('A000031','view7660','load7661','O000004','1'),
('A000032','view7662','load7663','O000003','1'),
('A000033','view7664','load7665','O000004','1'),
('A000034','view7666','load7667','O000005','1'),
('A000035','view7668','load7669','O000004','1'),
('A000036','view7670','load7671','O000003','1'),
('A000037','view7672','load7673','O000003','1'),
('A000038','view7674','load7675','O000002','1'),
('A000039','view7676','load7677','O000001','1'),
('A000040','view7678','load7679','O000003','1'),
('A000041','view7680','load7681','O000001','1'),
('A000042','view7682','load7683','O000002','1'),
('A000043','view7684','load7685','O000003','1'),
('A000044','view7686','load7687','O000002','1'),
('A000045','view7688','load7689','O000005','1'),
('A000046','view7690','load7691','O000003','1'),
('A000047','view7692','load7693','O000002','1'),
('A000048','view7694','load7695','O000002','1'),
('A000049','view7696','load7697','O000003','1'),
('A000050','view7698','load7699','O000001','1'),
('A000051','view7700','load7701','O000003','1'),
('A000052','view7702','load7703','O000005','1'),
('A000053','view7704','load7705','O000004','1'),
('A000054','view7706','load7707','O000002','1'),
('A000055','view7708','load7709','O000005','1'),
('A000056','view7710','load7711','O000002','1'),
('A000057','view7712','load7713','O000005','1'),
('A000058','view7714','load7715','O000005','1'),
('A000059','view7716','load7717','O000002','1'),
('A000060','view7718','load7719','O000005','1'),
('A000061','view7720','load7721','O000002','1'),
('A000062','view7722','load7723','O000005','1'),
('A000063','view7724','load7725','O000004','1'),
('A000064','view7726','load7727','O000001','1'),
('A000065','view7728','load7729','O000004','1'),
('A000066','view7730','load7731','O000005','1'),
('A000067','view7732','load7733','O000001','1'),
('A000068','view7734','load7735','O000005','1'),
('A000069','view7736','load7737','O000001','1'),
('A000070','view7738','load7739','O000005','1'),
('A000071','view7740','load7741','O000001','1'),
('A000072','view7742','load7743','O000005','1'),
('A000073','view7744','load7745','O000005','1'),
('A000074','view7746','load7747','O000003','1'),
('A000075','view7748','load7749','O000002','1'),
('A000076','view7750','load7751','O000005','1'),
('A000077','view7752','load7753','O000001','1'),
('A000078','view7754','load7755','O000002','1'),
('A000079','view7756','load7757','O000002','1'),
('A000080','view7758','load7759','O000003','1'),
('A000081','view7760','load7761','O000004','1'),
('A000082','view7762','load7763','O000003','1'),
('A000083','view7764','load7765','O000003','1'),
('A000084','view7766','load7767','O000004','1'),
('A000085','view7768','load7769','O000002','1'),
('A000086','view7770','load7771','O000005','1'),
('A000087','view7772','load7773','O000001','1'),
('A000088','view7774','load7775','O000003','1'),
('A000089','view7776','load7777','O000002','1'),
('A000090','view7778','load7779','O000001','1'),
('A000091','view7780','load7781','O000001','1'),
('A000092','view7782','load7783','O000004','1'),
('A000093','view7784','load7785','O000002','1'),
('A000094','view7786','load7787','O000003','1'),
('A000095','view7788','load7789','O000002','1'),
('A000096','view7790','load7791','O000004','1'),
('A000097','view7792','load7793','O000001','1'),
('A000098','view7794','load7795','O000004','1'),
('A000099','view7796','load7797','O000004','1'),
('A000100','view7798','load7799','O000002','1');



create unique index idx_buyer_company_version on buyer_company_data(id, version);

create unique index idx_seller_company_version on seller_company_data(id, version);

create unique index idx_shipping_address_version on shipping_address_data(id, version);

create unique index idx_billing_address_version on billing_address_data(id, version);

create index idx_billing_address_company on billing_address_data(company);
alter table billing_address_data add constraint fk_billing_address_company 
	foreign key(company) references buyer_company_data(id) on delete cascade on update cascade;
create unique index idx_employee_version on employee_data(id, version);

create index idx_employee_company on employee_data(company);
alter table employee_data add constraint fk_employee_company 
	foreign key(company) references buyer_company_data(id) on delete cascade on update cascade;
create unique index idx_role_version on role_data(id, version);

create unique index idx_assignment_version on assignment_data(id, version);

create index idx_assignment_user on assignment_data(user);
alter table assignment_data add constraint fk_assignment_user 
	foreign key(user) references employee_data(id) on delete cascade on update cascade;
create index idx_assignment_access on assignment_data(access);
alter table assignment_data add constraint fk_assignment_access 
	foreign key(access) references access_data(id) on delete cascade on update cascade;
create unique index idx_access_version on access_data(id, version);

create index idx_access_role on access_data(role);
alter table access_data add constraint fk_access_role 
	foreign key(role) references role_data(id) on delete cascade on update cascade;
create unique index idx_order_version on order_data(id, version);

create index idx_order_buyer on order_data(buyer);
alter table order_data add constraint fk_order_buyer 
	foreign key(buyer) references buyer_company_data(id) on delete cascade on update cascade;
create index idx_order_seller on order_data(seller);
alter table order_data add constraint fk_order_seller 
	foreign key(seller) references seller_company_data(id) on delete cascade on update cascade;
create unique index idx_line_item_version on line_item_data(id, version);

create index idx_line_item_biz_order on line_item_data(biz_order);
alter table line_item_data add constraint fk_line_item_biz_order 
	foreign key(biz_order) references order_data(id) on delete cascade on update cascade;
create unique index idx_shipping_group_version on shipping_group_data(id, version);

create index idx_shipping_group_biz_order on shipping_group_data(biz_order);
alter table shipping_group_data add constraint fk_shipping_group_biz_order 
	foreign key(biz_order) references order_data(id) on delete cascade on update cascade;
create index idx_shipping_group_address on shipping_group_data(address);
alter table shipping_group_data add constraint fk_shipping_group_address 
	foreign key(address) references shipping_address_data(id) on delete cascade on update cascade;
create unique index idx_payment_group_version on payment_group_data(id, version);

create index idx_payment_group_biz_order on payment_group_data(biz_order);
alter table payment_group_data add constraint fk_payment_group_biz_order 
	foreign key(biz_order) references order_data(id) on delete cascade on update cascade;
create index idx_payment_group_billing_address on payment_group_data(billing_address);
alter table payment_group_data add constraint fk_payment_group_billing_address 
	foreign key(billing_address) references billing_address_data(id) on delete cascade on update cascade;
create unique index idx_cust_svc_rep_version on cust_svc_rep_data(id, version);

create index idx_cust_svc_rep_role on cust_svc_rep_data(role);
alter table cust_svc_rep_data add constraint fk_cust_svc_rep_role 
	foreign key(role) references role_data(id) on delete cascade on update cascade;
create index idx_cust_svc_rep_company on cust_svc_rep_data(company);
alter table cust_svc_rep_data add constraint fk_cust_svc_rep_company 
	foreign key(company) references seller_company_data(id) on delete cascade on update cascade;
create unique index idx_action_version on action_data(id, version);

create index idx_action_bo on action_data(bo);
alter table action_data add constraint fk_action_bo 
	foreign key(bo) references order_data(id) on delete cascade on update cascade;




#---------------------------end database---------------------------------





