drop database  if exists b2b;
create database b2b;
use b2b;

drop table  if exists buyer_company_data;
create table buyer_company_data (
	id	  	varchar(48) not null,
	name	  	varchar(24),
	price_list	  	varchar(24),
	version	  	int,
	primary key(id)
) ENGINE=InnoDB DEFAULT CHARSET=utf8;
insert into buyer_company_data values
('BC000001','Aaxis - 45300','price990045301','1'),
('BC000002','Aaxis - 45302','price990045303','1'),
('BC000003','Aaxis - 45304','price990045305','1'),
('BC000004','Aaxis - 45306','price990045307','1'),
('BC000005','Aaxis - 45308','price990045309','1'),
('BC000006','Aaxis - 45310','price990045311','1'),
('BC000007','Aaxis - 45312','price990045313','1'),
('BC000008','Aaxis - 45314','price990045315','1'),
('BC000009','Aaxis - 45316','price990045317','1'),
('BC000010','Aaxis - 45318','price990045319','1'),
('BC000011','Aaxis - 45320','price990045321','1'),
('BC000012','Aaxis - 45322','price990045323','1'),
('BC000013','Aaxis - 45324','price990045325','1'),
('BC000014','Aaxis - 45326','price990045327','1'),
('BC000015','Aaxis - 45328','price990045329','1'),
('BC000016','Aaxis - 45330','price990045331','1'),
('BC000017','Aaxis - 45332','price990045333','1'),
('BC000018','Aaxis - 45334','price990045335','1'),
('BC000019','Aaxis - 45336','price990045337','1'),
('BC000020','Aaxis - 45338','price990045339','1'),
('BC000021','Aaxis - 45340','price990045341','1'),
('BC000022','Aaxis - 45342','price990045343','1'),
('BC000023','Aaxis - 45344','price990045345','1'),
('BC000024','Aaxis - 45346','price990045347','1'),
('BC000025','Aaxis - 45348','price990045349','1'),
('BC000026','Aaxis - 45350','price990045351','1'),
('BC000027','Aaxis - 45352','price990045353','1'),
('BC000028','Aaxis - 45354','price990045355','1'),
('BC000029','Aaxis - 45356','price990045357','1'),
('BC000030','Aaxis - 45358','price990045359','1'),
('BC000031','Aaxis - 45360','price990045361','1'),
('BC000032','Aaxis - 45362','price990045363','1'),
('BC000033','Aaxis - 45364','price990045365','1'),
('BC000034','Aaxis - 45366','price990045367','1'),
('BC000035','Aaxis - 45368','price990045369','1'),
('BC000036','Aaxis - 45370','price990045371','1'),
('BC000037','Aaxis - 45372','price990045373','1'),
('BC000038','Aaxis - 45374','price990045375','1'),
('BC000039','Aaxis - 45376','price990045377','1'),
('BC000040','Aaxis - 45378','price990045379','1'),
('BC000041','Aaxis - 45380','price990045381','1'),
('BC000042','Aaxis - 45382','price990045383','1'),
('BC000043','Aaxis - 45384','price990045385','1'),
('BC000044','Aaxis - 45386','price990045387','1'),
('BC000045','Aaxis - 45388','price990045389','1'),
('BC000046','Aaxis - 45390','price990045391','1'),
('BC000047','Aaxis - 45392','price990045393','1'),
('BC000048','Aaxis - 45394','price990045395','1'),
('BC000049','Aaxis - 45396','price990045397','1'),
('BC000050','Aaxis - 45398','price990045399','1'),
('BC000051','Aaxis - 45400','price990045401','1'),
('BC000052','Aaxis - 45402','price990045403','1'),
('BC000053','Aaxis - 45404','price990045405','1'),
('BC000054','Aaxis - 45406','price990045407','1'),
('BC000055','Aaxis - 45408','price990045409','1'),
('BC000056','Aaxis - 45410','price990045411','1'),
('BC000057','Aaxis - 45412','price990045413','1'),
('BC000058','Aaxis - 45414','price990045415','1'),
('BC000059','Aaxis - 45416','price990045417','1'),
('BC000060','Aaxis - 45418','price990045419','1'),
('BC000061','Aaxis - 45420','price990045421','1'),
('BC000062','Aaxis - 45422','price990045423','1'),
('BC000063','Aaxis - 45424','price990045425','1'),
('BC000064','Aaxis - 45426','price990045427','1'),
('BC000065','Aaxis - 45428','price990045429','1'),
('BC000066','Aaxis - 45430','price990045431','1'),
('BC000067','Aaxis - 45432','price990045433','1'),
('BC000068','Aaxis - 45434','price990045435','1'),
('BC000069','Aaxis - 45436','price990045437','1'),
('BC000070','Aaxis - 45438','price990045439','1'),
('BC000071','Aaxis - 45440','price990045441','1'),
('BC000072','Aaxis - 45442','price990045443','1'),
('BC000073','Aaxis - 45444','price990045445','1'),
('BC000074','Aaxis - 45446','price990045447','1'),
('BC000075','Aaxis - 45448','price990045449','1'),
('BC000076','Aaxis - 45450','price990045451','1'),
('BC000077','Aaxis - 45452','price990045453','1'),
('BC000078','Aaxis - 45454','price990045455','1'),
('BC000079','Aaxis - 45456','price990045457','1'),
('BC000080','Aaxis - 45458','price990045459','1'),
('BC000081','Aaxis - 45460','price990045461','1'),
('BC000082','Aaxis - 45462','price990045463','1'),
('BC000083','Aaxis - 45464','price990045465','1'),
('BC000084','Aaxis - 45466','price990045467','1'),
('BC000085','Aaxis - 45468','price990045469','1'),
('BC000086','Aaxis - 45470','price990045471','1'),
('BC000087','Aaxis - 45472','price990045473','1'),
('BC000088','Aaxis - 45474','price990045475','1'),
('BC000089','Aaxis - 45476','price990045477','1'),
('BC000090','Aaxis - 45478','price990045479','1'),
('BC000091','Aaxis - 45480','price990045481','1'),
('BC000092','Aaxis - 45482','price990045483','1'),
('BC000093','Aaxis - 45484','price990045485','1'),
('BC000094','Aaxis - 45486','price990045487','1'),
('BC000095','Aaxis - 45488','price990045489','1'),
('BC000096','Aaxis - 45490','price990045491','1'),
('BC000097','Aaxis - 45492','price990045493','1'),
('BC000098','Aaxis - 45494','price990045495','1'),
('BC000099','Aaxis - 45496','price990045497','1'),
('BC000100','Aaxis - 45498','price990045499','1');
drop table  if exists seller_company_data;
create table seller_company_data (
	id	  	varchar(48) not null,
	name	  	varchar(24),
	version	  	int,
	primary key(id)
) ENGINE=InnoDB DEFAULT CHARSET=utf8;
insert into seller_company_data values
('SC000001','Snake Co. 45500','1'),
('SC000002','Snake Co. 45501','1'),
('SC000003','Snake Co. 45502','1'),
('SC000004','Snake Co. 45503','1'),
('SC000005','Snake Co. 45504','1'),
('SC000006','Snake Co. 45505','1'),
('SC000007','Snake Co. 45506','1'),
('SC000008','Snake Co. 45507','1'),
('SC000009','Snake Co. 45508','1'),
('SC000010','Snake Co. 45509','1'),
('SC000011','Snake Co. 45510','1'),
('SC000012','Snake Co. 45511','1'),
('SC000013','Snake Co. 45512','1'),
('SC000014','Snake Co. 45513','1'),
('SC000015','Snake Co. 45514','1'),
('SC000016','Snake Co. 45515','1'),
('SC000017','Snake Co. 45516','1'),
('SC000018','Snake Co. 45517','1'),
('SC000019','Snake Co. 45518','1'),
('SC000020','Snake Co. 45519','1'),
('SC000021','Snake Co. 45520','1'),
('SC000022','Snake Co. 45521','1'),
('SC000023','Snake Co. 45522','1'),
('SC000024','Snake Co. 45523','1'),
('SC000025','Snake Co. 45524','1'),
('SC000026','Snake Co. 45525','1'),
('SC000027','Snake Co. 45526','1'),
('SC000028','Snake Co. 45527','1'),
('SC000029','Snake Co. 45528','1'),
('SC000030','Snake Co. 45529','1'),
('SC000031','Snake Co. 45530','1'),
('SC000032','Snake Co. 45531','1'),
('SC000033','Snake Co. 45532','1'),
('SC000034','Snake Co. 45533','1'),
('SC000035','Snake Co. 45534','1'),
('SC000036','Snake Co. 45535','1'),
('SC000037','Snake Co. 45536','1'),
('SC000038','Snake Co. 45537','1'),
('SC000039','Snake Co. 45538','1'),
('SC000040','Snake Co. 45539','1'),
('SC000041','Snake Co. 45540','1'),
('SC000042','Snake Co. 45541','1'),
('SC000043','Snake Co. 45542','1'),
('SC000044','Snake Co. 45543','1'),
('SC000045','Snake Co. 45544','1'),
('SC000046','Snake Co. 45545','1'),
('SC000047','Snake Co. 45546','1'),
('SC000048','Snake Co. 45547','1'),
('SC000049','Snake Co. 45548','1'),
('SC000050','Snake Co. 45549','1'),
('SC000051','Snake Co. 45550','1'),
('SC000052','Snake Co. 45551','1'),
('SC000053','Snake Co. 45552','1'),
('SC000054','Snake Co. 45553','1'),
('SC000055','Snake Co. 45554','1'),
('SC000056','Snake Co. 45555','1'),
('SC000057','Snake Co. 45556','1'),
('SC000058','Snake Co. 45557','1'),
('SC000059','Snake Co. 45558','1'),
('SC000060','Snake Co. 45559','1'),
('SC000061','Snake Co. 45560','1'),
('SC000062','Snake Co. 45561','1'),
('SC000063','Snake Co. 45562','1'),
('SC000064','Snake Co. 45563','1'),
('SC000065','Snake Co. 45564','1'),
('SC000066','Snake Co. 45565','1'),
('SC000067','Snake Co. 45566','1'),
('SC000068','Snake Co. 45567','1'),
('SC000069','Snake Co. 45568','1'),
('SC000070','Snake Co. 45569','1'),
('SC000071','Snake Co. 45570','1'),
('SC000072','Snake Co. 45571','1'),
('SC000073','Snake Co. 45572','1'),
('SC000074','Snake Co. 45573','1'),
('SC000075','Snake Co. 45574','1'),
('SC000076','Snake Co. 45575','1'),
('SC000077','Snake Co. 45576','1'),
('SC000078','Snake Co. 45577','1'),
('SC000079','Snake Co. 45578','1'),
('SC000080','Snake Co. 45579','1'),
('SC000081','Snake Co. 45580','1'),
('SC000082','Snake Co. 45581','1'),
('SC000083','Snake Co. 45582','1'),
('SC000084','Snake Co. 45583','1'),
('SC000085','Snake Co. 45584','1'),
('SC000086','Snake Co. 45585','1'),
('SC000087','Snake Co. 45586','1'),
('SC000088','Snake Co. 45587','1'),
('SC000089','Snake Co. 45588','1'),
('SC000090','Snake Co. 45589','1'),
('SC000091','Snake Co. 45590','1'),
('SC000092','Snake Co. 45591','1'),
('SC000093','Snake Co. 45592','1'),
('SC000094','Snake Co. 45593','1'),
('SC000095','Snake Co. 45594','1'),
('SC000096','Snake Co. 45595','1'),
('SC000097','Snake Co. 45596','1'),
('SC000098','Snake Co. 45597','1'),
('SC000099','Snake Co. 45598','1'),
('SC000100','Snake Co. 45599','1');
drop table  if exists shipping_address_data;
create table shipping_address_data (
	id	  	varchar(48) not null,
	line1	  	varchar(56),
	line2	  	varchar(32),
	city	  	varchar(32),
	state	  	varchar(8),
	country	  	varchar(8),
	version	  	int,
	primary key(id)
) ENGINE=InnoDB DEFAULT CHARSET=utf8;
insert into shipping_address_data values
('SA000001','1900 AVE OF THE STARTS - 45600','Suite 555 - 45601','Century City - 45602','CA45603','US45604','1'),
('SA000002','1900 AVE OF THE STARTS - 45605','Suite 555 - 45606','Century City - 45607','CA45608','US45609','1'),
('SA000003','1900 AVE OF THE STARTS - 45610','Suite 555 - 45611','Century City - 45612','CA45613','US45614','1'),
('SA000004','1900 AVE OF THE STARTS - 45615','Suite 555 - 45616','Century City - 45617','CA45618','US45619','1'),
('SA000005','1900 AVE OF THE STARTS - 45620','Suite 555 - 45621','Century City - 45622','CA45623','US45624','1'),
('SA000006','1900 AVE OF THE STARTS - 45625','Suite 555 - 45626','Century City - 45627','CA45628','US45629','1'),
('SA000007','1900 AVE OF THE STARTS - 45630','Suite 555 - 45631','Century City - 45632','CA45633','US45634','1'),
('SA000008','1900 AVE OF THE STARTS - 45635','Suite 555 - 45636','Century City - 45637','CA45638','US45639','1'),
('SA000009','1900 AVE OF THE STARTS - 45640','Suite 555 - 45641','Century City - 45642','CA45643','US45644','1'),
('SA000010','1900 AVE OF THE STARTS - 45645','Suite 555 - 45646','Century City - 45647','CA45648','US45649','1'),
('SA000011','1900 AVE OF THE STARTS - 45650','Suite 555 - 45651','Century City - 45652','CA45653','US45654','1'),
('SA000012','1900 AVE OF THE STARTS - 45655','Suite 555 - 45656','Century City - 45657','CA45658','US45659','1'),
('SA000013','1900 AVE OF THE STARTS - 45660','Suite 555 - 45661','Century City - 45662','CA45663','US45664','1'),
('SA000014','1900 AVE OF THE STARTS - 45665','Suite 555 - 45666','Century City - 45667','CA45668','US45669','1'),
('SA000015','1900 AVE OF THE STARTS - 45670','Suite 555 - 45671','Century City - 45672','CA45673','US45674','1'),
('SA000016','1900 AVE OF THE STARTS - 45675','Suite 555 - 45676','Century City - 45677','CA45678','US45679','1'),
('SA000017','1900 AVE OF THE STARTS - 45680','Suite 555 - 45681','Century City - 45682','CA45683','US45684','1'),
('SA000018','1900 AVE OF THE STARTS - 45685','Suite 555 - 45686','Century City - 45687','CA45688','US45689','1'),
('SA000019','1900 AVE OF THE STARTS - 45690','Suite 555 - 45691','Century City - 45692','CA45693','US45694','1'),
('SA000020','1900 AVE OF THE STARTS - 45695','Suite 555 - 45696','Century City - 45697','CA45698','US45699','1'),
('SA000021','1900 AVE OF THE STARTS - 45700','Suite 555 - 45701','Century City - 45702','CA45703','US45704','1'),
('SA000022','1900 AVE OF THE STARTS - 45705','Suite 555 - 45706','Century City - 45707','CA45708','US45709','1'),
('SA000023','1900 AVE OF THE STARTS - 45710','Suite 555 - 45711','Century City - 45712','CA45713','US45714','1'),
('SA000024','1900 AVE OF THE STARTS - 45715','Suite 555 - 45716','Century City - 45717','CA45718','US45719','1'),
('SA000025','1900 AVE OF THE STARTS - 45720','Suite 555 - 45721','Century City - 45722','CA45723','US45724','1'),
('SA000026','1900 AVE OF THE STARTS - 45725','Suite 555 - 45726','Century City - 45727','CA45728','US45729','1'),
('SA000027','1900 AVE OF THE STARTS - 45730','Suite 555 - 45731','Century City - 45732','CA45733','US45734','1'),
('SA000028','1900 AVE OF THE STARTS - 45735','Suite 555 - 45736','Century City - 45737','CA45738','US45739','1'),
('SA000029','1900 AVE OF THE STARTS - 45740','Suite 555 - 45741','Century City - 45742','CA45743','US45744','1'),
('SA000030','1900 AVE OF THE STARTS - 45745','Suite 555 - 45746','Century City - 45747','CA45748','US45749','1'),
('SA000031','1900 AVE OF THE STARTS - 45750','Suite 555 - 45751','Century City - 45752','CA45753','US45754','1'),
('SA000032','1900 AVE OF THE STARTS - 45755','Suite 555 - 45756','Century City - 45757','CA45758','US45759','1'),
('SA000033','1900 AVE OF THE STARTS - 45760','Suite 555 - 45761','Century City - 45762','CA45763','US45764','1'),
('SA000034','1900 AVE OF THE STARTS - 45765','Suite 555 - 45766','Century City - 45767','CA45768','US45769','1'),
('SA000035','1900 AVE OF THE STARTS - 45770','Suite 555 - 45771','Century City - 45772','CA45773','US45774','1'),
('SA000036','1900 AVE OF THE STARTS - 45775','Suite 555 - 45776','Century City - 45777','CA45778','US45779','1'),
('SA000037','1900 AVE OF THE STARTS - 45780','Suite 555 - 45781','Century City - 45782','CA45783','US45784','1'),
('SA000038','1900 AVE OF THE STARTS - 45785','Suite 555 - 45786','Century City - 45787','CA45788','US45789','1'),
('SA000039','1900 AVE OF THE STARTS - 45790','Suite 555 - 45791','Century City - 45792','CA45793','US45794','1'),
('SA000040','1900 AVE OF THE STARTS - 45795','Suite 555 - 45796','Century City - 45797','CA45798','US45799','1'),
('SA000041','1900 AVE OF THE STARTS - 45800','Suite 555 - 45801','Century City - 45802','CA45803','US45804','1'),
('SA000042','1900 AVE OF THE STARTS - 45805','Suite 555 - 45806','Century City - 45807','CA45808','US45809','1'),
('SA000043','1900 AVE OF THE STARTS - 45810','Suite 555 - 45811','Century City - 45812','CA45813','US45814','1'),
('SA000044','1900 AVE OF THE STARTS - 45815','Suite 555 - 45816','Century City - 45817','CA45818','US45819','1'),
('SA000045','1900 AVE OF THE STARTS - 45820','Suite 555 - 45821','Century City - 45822','CA45823','US45824','1'),
('SA000046','1900 AVE OF THE STARTS - 45825','Suite 555 - 45826','Century City - 45827','CA45828','US45829','1'),
('SA000047','1900 AVE OF THE STARTS - 45830','Suite 555 - 45831','Century City - 45832','CA45833','US45834','1'),
('SA000048','1900 AVE OF THE STARTS - 45835','Suite 555 - 45836','Century City - 45837','CA45838','US45839','1'),
('SA000049','1900 AVE OF THE STARTS - 45840','Suite 555 - 45841','Century City - 45842','CA45843','US45844','1'),
('SA000050','1900 AVE OF THE STARTS - 45845','Suite 555 - 45846','Century City - 45847','CA45848','US45849','1'),
('SA000051','1900 AVE OF THE STARTS - 45850','Suite 555 - 45851','Century City - 45852','CA45853','US45854','1'),
('SA000052','1900 AVE OF THE STARTS - 45855','Suite 555 - 45856','Century City - 45857','CA45858','US45859','1'),
('SA000053','1900 AVE OF THE STARTS - 45860','Suite 555 - 45861','Century City - 45862','CA45863','US45864','1'),
('SA000054','1900 AVE OF THE STARTS - 45865','Suite 555 - 45866','Century City - 45867','CA45868','US45869','1'),
('SA000055','1900 AVE OF THE STARTS - 45870','Suite 555 - 45871','Century City - 45872','CA45873','US45874','1'),
('SA000056','1900 AVE OF THE STARTS - 45875','Suite 555 - 45876','Century City - 45877','CA45878','US45879','1'),
('SA000057','1900 AVE OF THE STARTS - 45880','Suite 555 - 45881','Century City - 45882','CA45883','US45884','1'),
('SA000058','1900 AVE OF THE STARTS - 45885','Suite 555 - 45886','Century City - 45887','CA45888','US45889','1'),
('SA000059','1900 AVE OF THE STARTS - 45890','Suite 555 - 45891','Century City - 45892','CA45893','US45894','1'),
('SA000060','1900 AVE OF THE STARTS - 45895','Suite 555 - 45896','Century City - 45897','CA45898','US45899','1'),
('SA000061','1900 AVE OF THE STARTS - 45900','Suite 555 - 45901','Century City - 45902','CA45903','US45904','1'),
('SA000062','1900 AVE OF THE STARTS - 45905','Suite 555 - 45906','Century City - 45907','CA45908','US45909','1'),
('SA000063','1900 AVE OF THE STARTS - 45910','Suite 555 - 45911','Century City - 45912','CA45913','US45914','1'),
('SA000064','1900 AVE OF THE STARTS - 45915','Suite 555 - 45916','Century City - 45917','CA45918','US45919','1'),
('SA000065','1900 AVE OF THE STARTS - 45920','Suite 555 - 45921','Century City - 45922','CA45923','US45924','1'),
('SA000066','1900 AVE OF THE STARTS - 45925','Suite 555 - 45926','Century City - 45927','CA45928','US45929','1'),
('SA000067','1900 AVE OF THE STARTS - 45930','Suite 555 - 45931','Century City - 45932','CA45933','US45934','1'),
('SA000068','1900 AVE OF THE STARTS - 45935','Suite 555 - 45936','Century City - 45937','CA45938','US45939','1'),
('SA000069','1900 AVE OF THE STARTS - 45940','Suite 555 - 45941','Century City - 45942','CA45943','US45944','1'),
('SA000070','1900 AVE OF THE STARTS - 45945','Suite 555 - 45946','Century City - 45947','CA45948','US45949','1'),
('SA000071','1900 AVE OF THE STARTS - 45950','Suite 555 - 45951','Century City - 45952','CA45953','US45954','1'),
('SA000072','1900 AVE OF THE STARTS - 45955','Suite 555 - 45956','Century City - 45957','CA45958','US45959','1'),
('SA000073','1900 AVE OF THE STARTS - 45960','Suite 555 - 45961','Century City - 45962','CA45963','US45964','1'),
('SA000074','1900 AVE OF THE STARTS - 45965','Suite 555 - 45966','Century City - 45967','CA45968','US45969','1'),
('SA000075','1900 AVE OF THE STARTS - 45970','Suite 555 - 45971','Century City - 45972','CA45973','US45974','1'),
('SA000076','1900 AVE OF THE STARTS - 45975','Suite 555 - 45976','Century City - 45977','CA45978','US45979','1'),
('SA000077','1900 AVE OF THE STARTS - 45980','Suite 555 - 45981','Century City - 45982','CA45983','US45984','1'),
('SA000078','1900 AVE OF THE STARTS - 45985','Suite 555 - 45986','Century City - 45987','CA45988','US45989','1'),
('SA000079','1900 AVE OF THE STARTS - 45990','Suite 555 - 45991','Century City - 45992','CA45993','US45994','1'),
('SA000080','1900 AVE OF THE STARTS - 45995','Suite 555 - 45996','Century City - 45997','CA45998','US45999','1'),
('SA000081','1900 AVE OF THE STARTS - 46000','Suite 555 - 46001','Century City - 46002','CA46003','US46004','1'),
('SA000082','1900 AVE OF THE STARTS - 46005','Suite 555 - 46006','Century City - 46007','CA46008','US46009','1'),
('SA000083','1900 AVE OF THE STARTS - 46010','Suite 555 - 46011','Century City - 46012','CA46013','US46014','1'),
('SA000084','1900 AVE OF THE STARTS - 46015','Suite 555 - 46016','Century City - 46017','CA46018','US46019','1'),
('SA000085','1900 AVE OF THE STARTS - 46020','Suite 555 - 46021','Century City - 46022','CA46023','US46024','1'),
('SA000086','1900 AVE OF THE STARTS - 46025','Suite 555 - 46026','Century City - 46027','CA46028','US46029','1'),
('SA000087','1900 AVE OF THE STARTS - 46030','Suite 555 - 46031','Century City - 46032','CA46033','US46034','1'),
('SA000088','1900 AVE OF THE STARTS - 46035','Suite 555 - 46036','Century City - 46037','CA46038','US46039','1'),
('SA000089','1900 AVE OF THE STARTS - 46040','Suite 555 - 46041','Century City - 46042','CA46043','US46044','1'),
('SA000090','1900 AVE OF THE STARTS - 46045','Suite 555 - 46046','Century City - 46047','CA46048','US46049','1'),
('SA000091','1900 AVE OF THE STARTS - 46050','Suite 555 - 46051','Century City - 46052','CA46053','US46054','1'),
('SA000092','1900 AVE OF THE STARTS - 46055','Suite 555 - 46056','Century City - 46057','CA46058','US46059','1'),
('SA000093','1900 AVE OF THE STARTS - 46060','Suite 555 - 46061','Century City - 46062','CA46063','US46064','1'),
('SA000094','1900 AVE OF THE STARTS - 46065','Suite 555 - 46066','Century City - 46067','CA46068','US46069','1'),
('SA000095','1900 AVE OF THE STARTS - 46070','Suite 555 - 46071','Century City - 46072','CA46073','US46074','1'),
('SA000096','1900 AVE OF THE STARTS - 46075','Suite 555 - 46076','Century City - 46077','CA46078','US46079','1'),
('SA000097','1900 AVE OF THE STARTS - 46080','Suite 555 - 46081','Century City - 46082','CA46083','US46084','1'),
('SA000098','1900 AVE OF THE STARTS - 46085','Suite 555 - 46086','Century City - 46087','CA46088','US46089','1'),
('SA000099','1900 AVE OF THE STARTS - 46090','Suite 555 - 46091','Century City - 46092','CA46093','US46094','1'),
('SA000100','1900 AVE OF THE STARTS - 46095','Suite 555 - 46096','Century City - 46097','CA46098','US46099','1');
drop table  if exists billing_address_data;
create table billing_address_data (
	id	  	varchar(48) not null,
	company	  	varchar(64),
	line1	  	varchar(56),
	line2	  	varchar(32),
	city	  	varchar(32),
	state	  	varchar(8),
	country	  	varchar(8),
	version	  	int,
	primary key(id)
) ENGINE=InnoDB DEFAULT CHARSET=utf8;
insert into billing_address_data values
('BA000001','BC000005','1900 AVE OF THE STARTS - 46100','Suite 555 - 46101','Century City - 46102','CA46103','US46104','1'),
('BA000002','BC000004','1900 AVE OF THE STARTS - 46105','Suite 555 - 46106','Century City - 46107','CA46108','US46109','1'),
('BA000003','BC000005','1900 AVE OF THE STARTS - 46110','Suite 555 - 46111','Century City - 46112','CA46113','US46114','1'),
('BA000004','BC000003','1900 AVE OF THE STARTS - 46115','Suite 555 - 46116','Century City - 46117','CA46118','US46119','1'),
('BA000005','BC000002','1900 AVE OF THE STARTS - 46120','Suite 555 - 46121','Century City - 46122','CA46123','US46124','1'),
('BA000006','BC000002','1900 AVE OF THE STARTS - 46125','Suite 555 - 46126','Century City - 46127','CA46128','US46129','1'),
('BA000007','BC000005','1900 AVE OF THE STARTS - 46130','Suite 555 - 46131','Century City - 46132','CA46133','US46134','1'),
('BA000008','BC000001','1900 AVE OF THE STARTS - 46135','Suite 555 - 46136','Century City - 46137','CA46138','US46139','1'),
('BA000009','BC000005','1900 AVE OF THE STARTS - 46140','Suite 555 - 46141','Century City - 46142','CA46143','US46144','1'),
('BA000010','BC000002','1900 AVE OF THE STARTS - 46145','Suite 555 - 46146','Century City - 46147','CA46148','US46149','1'),
('BA000011','BC000004','1900 AVE OF THE STARTS - 46150','Suite 555 - 46151','Century City - 46152','CA46153','US46154','1'),
('BA000012','BC000005','1900 AVE OF THE STARTS - 46155','Suite 555 - 46156','Century City - 46157','CA46158','US46159','1'),
('BA000013','BC000004','1900 AVE OF THE STARTS - 46160','Suite 555 - 46161','Century City - 46162','CA46163','US46164','1'),
('BA000014','BC000003','1900 AVE OF THE STARTS - 46165','Suite 555 - 46166','Century City - 46167','CA46168','US46169','1'),
('BA000015','BC000003','1900 AVE OF THE STARTS - 46170','Suite 555 - 46171','Century City - 46172','CA46173','US46174','1'),
('BA000016','BC000001','1900 AVE OF THE STARTS - 46175','Suite 555 - 46176','Century City - 46177','CA46178','US46179','1'),
('BA000017','BC000002','1900 AVE OF THE STARTS - 46180','Suite 555 - 46181','Century City - 46182','CA46183','US46184','1'),
('BA000018','BC000003','1900 AVE OF THE STARTS - 46185','Suite 555 - 46186','Century City - 46187','CA46188','US46189','1'),
('BA000019','BC000001','1900 AVE OF THE STARTS - 46190','Suite 555 - 46191','Century City - 46192','CA46193','US46194','1'),
('BA000020','BC000004','1900 AVE OF THE STARTS - 46195','Suite 555 - 46196','Century City - 46197','CA46198','US46199','1'),
('BA000021','BC000001','1900 AVE OF THE STARTS - 46200','Suite 555 - 46201','Century City - 46202','CA46203','US46204','1'),
('BA000022','BC000005','1900 AVE OF THE STARTS - 46205','Suite 555 - 46206','Century City - 46207','CA46208','US46209','1'),
('BA000023','BC000004','1900 AVE OF THE STARTS - 46210','Suite 555 - 46211','Century City - 46212','CA46213','US46214','1'),
('BA000024','BC000005','1900 AVE OF THE STARTS - 46215','Suite 555 - 46216','Century City - 46217','CA46218','US46219','1'),
('BA000025','BC000002','1900 AVE OF THE STARTS - 46220','Suite 555 - 46221','Century City - 46222','CA46223','US46224','1'),
('BA000026','BC000005','1900 AVE OF THE STARTS - 46225','Suite 555 - 46226','Century City - 46227','CA46228','US46229','1'),
('BA000027','BC000005','1900 AVE OF THE STARTS - 46230','Suite 555 - 46231','Century City - 46232','CA46233','US46234','1'),
('BA000028','BC000001','1900 AVE OF THE STARTS - 46235','Suite 555 - 46236','Century City - 46237','CA46238','US46239','1'),
('BA000029','BC000001','1900 AVE OF THE STARTS - 46240','Suite 555 - 46241','Century City - 46242','CA46243','US46244','1'),
('BA000030','BC000003','1900 AVE OF THE STARTS - 46245','Suite 555 - 46246','Century City - 46247','CA46248','US46249','1'),
('BA000031','BC000005','1900 AVE OF THE STARTS - 46250','Suite 555 - 46251','Century City - 46252','CA46253','US46254','1'),
('BA000032','BC000002','1900 AVE OF THE STARTS - 46255','Suite 555 - 46256','Century City - 46257','CA46258','US46259','1'),
('BA000033','BC000003','1900 AVE OF THE STARTS - 46260','Suite 555 - 46261','Century City - 46262','CA46263','US46264','1'),
('BA000034','BC000004','1900 AVE OF THE STARTS - 46265','Suite 555 - 46266','Century City - 46267','CA46268','US46269','1'),
('BA000035','BC000002','1900 AVE OF THE STARTS - 46270','Suite 555 - 46271','Century City - 46272','CA46273','US46274','1'),
('BA000036','BC000004','1900 AVE OF THE STARTS - 46275','Suite 555 - 46276','Century City - 46277','CA46278','US46279','1'),
('BA000037','BC000003','1900 AVE OF THE STARTS - 46280','Suite 555 - 46281','Century City - 46282','CA46283','US46284','1'),
('BA000038','BC000001','1900 AVE OF THE STARTS - 46285','Suite 555 - 46286','Century City - 46287','CA46288','US46289','1'),
('BA000039','BC000003','1900 AVE OF THE STARTS - 46290','Suite 555 - 46291','Century City - 46292','CA46293','US46294','1'),
('BA000040','BC000004','1900 AVE OF THE STARTS - 46295','Suite 555 - 46296','Century City - 46297','CA46298','US46299','1'),
('BA000041','BC000003','1900 AVE OF THE STARTS - 46300','Suite 555 - 46301','Century City - 46302','CA46303','US46304','1'),
('BA000042','BC000002','1900 AVE OF THE STARTS - 46305','Suite 555 - 46306','Century City - 46307','CA46308','US46309','1'),
('BA000043','BC000005','1900 AVE OF THE STARTS - 46310','Suite 555 - 46311','Century City - 46312','CA46313','US46314','1'),
('BA000044','BC000001','1900 AVE OF THE STARTS - 46315','Suite 555 - 46316','Century City - 46317','CA46318','US46319','1'),
('BA000045','BC000001','1900 AVE OF THE STARTS - 46320','Suite 555 - 46321','Century City - 46322','CA46323','US46324','1'),
('BA000046','BC000001','1900 AVE OF THE STARTS - 46325','Suite 555 - 46326','Century City - 46327','CA46328','US46329','1'),
('BA000047','BC000003','1900 AVE OF THE STARTS - 46330','Suite 555 - 46331','Century City - 46332','CA46333','US46334','1'),
('BA000048','BC000004','1900 AVE OF THE STARTS - 46335','Suite 555 - 46336','Century City - 46337','CA46338','US46339','1'),
('BA000049','BC000002','1900 AVE OF THE STARTS - 46340','Suite 555 - 46341','Century City - 46342','CA46343','US46344','1'),
('BA000050','BC000001','1900 AVE OF THE STARTS - 46345','Suite 555 - 46346','Century City - 46347','CA46348','US46349','1'),
('BA000051','BC000003','1900 AVE OF THE STARTS - 46350','Suite 555 - 46351','Century City - 46352','CA46353','US46354','1'),
('BA000052','BC000001','1900 AVE OF THE STARTS - 46355','Suite 555 - 46356','Century City - 46357','CA46358','US46359','1'),
('BA000053','BC000003','1900 AVE OF THE STARTS - 46360','Suite 555 - 46361','Century City - 46362','CA46363','US46364','1'),
('BA000054','BC000002','1900 AVE OF THE STARTS - 46365','Suite 555 - 46366','Century City - 46367','CA46368','US46369','1'),
('BA000055','BC000002','1900 AVE OF THE STARTS - 46370','Suite 555 - 46371','Century City - 46372','CA46373','US46374','1'),
('BA000056','BC000002','1900 AVE OF THE STARTS - 46375','Suite 555 - 46376','Century City - 46377','CA46378','US46379','1'),
('BA000057','BC000001','1900 AVE OF THE STARTS - 46380','Suite 555 - 46381','Century City - 46382','CA46383','US46384','1'),
('BA000058','BC000003','1900 AVE OF THE STARTS - 46385','Suite 555 - 46386','Century City - 46387','CA46388','US46389','1'),
('BA000059','BC000004','1900 AVE OF THE STARTS - 46390','Suite 555 - 46391','Century City - 46392','CA46393','US46394','1'),
('BA000060','BC000001','1900 AVE OF THE STARTS - 46395','Suite 555 - 46396','Century City - 46397','CA46398','US46399','1'),
('BA000061','BC000001','1900 AVE OF THE STARTS - 46400','Suite 555 - 46401','Century City - 46402','CA46403','US46404','1'),
('BA000062','BC000003','1900 AVE OF THE STARTS - 46405','Suite 555 - 46406','Century City - 46407','CA46408','US46409','1'),
('BA000063','BC000004','1900 AVE OF THE STARTS - 46410','Suite 555 - 46411','Century City - 46412','CA46413','US46414','1'),
('BA000064','BC000005','1900 AVE OF THE STARTS - 46415','Suite 555 - 46416','Century City - 46417','CA46418','US46419','1'),
('BA000065','BC000003','1900 AVE OF THE STARTS - 46420','Suite 555 - 46421','Century City - 46422','CA46423','US46424','1'),
('BA000066','BC000005','1900 AVE OF THE STARTS - 46425','Suite 555 - 46426','Century City - 46427','CA46428','US46429','1'),
('BA000067','BC000003','1900 AVE OF THE STARTS - 46430','Suite 555 - 46431','Century City - 46432','CA46433','US46434','1'),
('BA000068','BC000005','1900 AVE OF THE STARTS - 46435','Suite 555 - 46436','Century City - 46437','CA46438','US46439','1'),
('BA000069','BC000002','1900 AVE OF THE STARTS - 46440','Suite 555 - 46441','Century City - 46442','CA46443','US46444','1'),
('BA000070','BC000003','1900 AVE OF THE STARTS - 46445','Suite 555 - 46446','Century City - 46447','CA46448','US46449','1'),
('BA000071','BC000001','1900 AVE OF THE STARTS - 46450','Suite 555 - 46451','Century City - 46452','CA46453','US46454','1'),
('BA000072','BC000002','1900 AVE OF THE STARTS - 46455','Suite 555 - 46456','Century City - 46457','CA46458','US46459','1'),
('BA000073','BC000001','1900 AVE OF THE STARTS - 46460','Suite 555 - 46461','Century City - 46462','CA46463','US46464','1'),
('BA000074','BC000002','1900 AVE OF THE STARTS - 46465','Suite 555 - 46466','Century City - 46467','CA46468','US46469','1'),
('BA000075','BC000004','1900 AVE OF THE STARTS - 46470','Suite 555 - 46471','Century City - 46472','CA46473','US46474','1'),
('BA000076','BC000001','1900 AVE OF THE STARTS - 46475','Suite 555 - 46476','Century City - 46477','CA46478','US46479','1'),
('BA000077','BC000001','1900 AVE OF THE STARTS - 46480','Suite 555 - 46481','Century City - 46482','CA46483','US46484','1'),
('BA000078','BC000005','1900 AVE OF THE STARTS - 46485','Suite 555 - 46486','Century City - 46487','CA46488','US46489','1'),
('BA000079','BC000005','1900 AVE OF THE STARTS - 46490','Suite 555 - 46491','Century City - 46492','CA46493','US46494','1'),
('BA000080','BC000005','1900 AVE OF THE STARTS - 46495','Suite 555 - 46496','Century City - 46497','CA46498','US46499','1'),
('BA000081','BC000005','1900 AVE OF THE STARTS - 46500','Suite 555 - 46501','Century City - 46502','CA46503','US46504','1'),
('BA000082','BC000005','1900 AVE OF THE STARTS - 46505','Suite 555 - 46506','Century City - 46507','CA46508','US46509','1'),
('BA000083','BC000005','1900 AVE OF THE STARTS - 46510','Suite 555 - 46511','Century City - 46512','CA46513','US46514','1'),
('BA000084','BC000004','1900 AVE OF THE STARTS - 46515','Suite 555 - 46516','Century City - 46517','CA46518','US46519','1'),
('BA000085','BC000001','1900 AVE OF THE STARTS - 46520','Suite 555 - 46521','Century City - 46522','CA46523','US46524','1'),
('BA000086','BC000002','1900 AVE OF THE STARTS - 46525','Suite 555 - 46526','Century City - 46527','CA46528','US46529','1'),
('BA000087','BC000002','1900 AVE OF THE STARTS - 46530','Suite 555 - 46531','Century City - 46532','CA46533','US46534','1'),
('BA000088','BC000004','1900 AVE OF THE STARTS - 46535','Suite 555 - 46536','Century City - 46537','CA46538','US46539','1'),
('BA000089','BC000005','1900 AVE OF THE STARTS - 46540','Suite 555 - 46541','Century City - 46542','CA46543','US46544','1'),
('BA000090','BC000003','1900 AVE OF THE STARTS - 46545','Suite 555 - 46546','Century City - 46547','CA46548','US46549','1'),
('BA000091','BC000004','1900 AVE OF THE STARTS - 46550','Suite 555 - 46551','Century City - 46552','CA46553','US46554','1'),
('BA000092','BC000004','1900 AVE OF THE STARTS - 46555','Suite 555 - 46556','Century City - 46557','CA46558','US46559','1'),
('BA000093','BC000001','1900 AVE OF THE STARTS - 46560','Suite 555 - 46561','Century City - 46562','CA46563','US46564','1'),
('BA000094','BC000002','1900 AVE OF THE STARTS - 46565','Suite 555 - 46566','Century City - 46567','CA46568','US46569','1'),
('BA000095','BC000005','1900 AVE OF THE STARTS - 46570','Suite 555 - 46571','Century City - 46572','CA46573','US46574','1'),
('BA000096','BC000004','1900 AVE OF THE STARTS - 46575','Suite 555 - 46576','Century City - 46577','CA46578','US46579','1'),
('BA000097','BC000001','1900 AVE OF THE STARTS - 46580','Suite 555 - 46581','Century City - 46582','CA46583','US46584','1'),
('BA000098','BC000002','1900 AVE OF THE STARTS - 46585','Suite 555 - 46586','Century City - 46587','CA46588','US46589','1'),
('BA000099','BC000001','1900 AVE OF THE STARTS - 46590','Suite 555 - 46591','Century City - 46592','CA46593','US46594','1'),
('BA000100','BC000001','1900 AVE OF THE STARTS - 46595','Suite 555 - 46596','Century City - 46597','CA46598','US46599','1');
drop table  if exists employee_data;
create table employee_data (
	id	  	varchar(32) not null,
	name	  	varchar(16),
	company	  	varchar(64),
	version	  	int,
	primary key(id)
) ENGINE=InnoDB DEFAULT CHARSET=utf8;
insert into employee_data values
('E000001','Philip46600','BC000005','1'),
('E000002','Philip46601','BC000001','1'),
('E000003','Philip46602','BC000004','1'),
('E000004','Philip46603','BC000004','1'),
('E000005','Philip46604','BC000005','1'),
('E000006','Philip46605','BC000002','1'),
('E000007','Philip46606','BC000002','1'),
('E000008','Philip46607','BC000005','1'),
('E000009','Philip46608','BC000001','1'),
('E000010','Philip46609','BC000005','1'),
('E000011','Philip46610','BC000002','1'),
('E000012','Philip46611','BC000002','1'),
('E000013','Philip46612','BC000001','1'),
('E000014','Philip46613','BC000002','1'),
('E000015','Philip46614','BC000001','1'),
('E000016','Philip46615','BC000004','1'),
('E000017','Philip46616','BC000004','1'),
('E000018','Philip46617','BC000002','1'),
('E000019','Philip46618','BC000004','1'),
('E000020','Philip46619','BC000004','1'),
('E000021','Philip46620','BC000003','1'),
('E000022','Philip46621','BC000002','1'),
('E000023','Philip46622','BC000005','1'),
('E000024','Philip46623','BC000003','1'),
('E000025','Philip46624','BC000004','1'),
('E000026','Philip46625','BC000002','1'),
('E000027','Philip46626','BC000004','1'),
('E000028','Philip46627','BC000002','1'),
('E000029','Philip46628','BC000002','1'),
('E000030','Philip46629','BC000003','1'),
('E000031','Philip46630','BC000002','1'),
('E000032','Philip46631','BC000005','1'),
('E000033','Philip46632','BC000004','1'),
('E000034','Philip46633','BC000002','1'),
('E000035','Philip46634','BC000003','1'),
('E000036','Philip46635','BC000003','1'),
('E000037','Philip46636','BC000004','1'),
('E000038','Philip46637','BC000002','1'),
('E000039','Philip46638','BC000004','1'),
('E000040','Philip46639','BC000003','1'),
('E000041','Philip46640','BC000005','1'),
('E000042','Philip46641','BC000004','1'),
('E000043','Philip46642','BC000003','1'),
('E000044','Philip46643','BC000002','1'),
('E000045','Philip46644','BC000003','1'),
('E000046','Philip46645','BC000005','1'),
('E000047','Philip46646','BC000004','1'),
('E000048','Philip46647','BC000003','1'),
('E000049','Philip46648','BC000001','1'),
('E000050','Philip46649','BC000001','1'),
('E000051','Philip46650','BC000005','1'),
('E000052','Philip46651','BC000002','1'),
('E000053','Philip46652','BC000003','1'),
('E000054','Philip46653','BC000002','1'),
('E000055','Philip46654','BC000005','1'),
('E000056','Philip46655','BC000003','1'),
('E000057','Philip46656','BC000001','1'),
('E000058','Philip46657','BC000001','1'),
('E000059','Philip46658','BC000004','1'),
('E000060','Philip46659','BC000001','1'),
('E000061','Philip46660','BC000003','1'),
('E000062','Philip46661','BC000003','1'),
('E000063','Philip46662','BC000003','1'),
('E000064','Philip46663','BC000003','1'),
('E000065','Philip46664','BC000001','1'),
('E000066','Philip46665','BC000005','1'),
('E000067','Philip46666','BC000001','1'),
('E000068','Philip46667','BC000003','1'),
('E000069','Philip46668','BC000003','1'),
('E000070','Philip46669','BC000002','1'),
('E000071','Philip46670','BC000003','1'),
('E000072','Philip46671','BC000004','1'),
('E000073','Philip46672','BC000005','1'),
('E000074','Philip46673','BC000003','1'),
('E000075','Philip46674','BC000005','1'),
('E000076','Philip46675','BC000005','1'),
('E000077','Philip46676','BC000004','1'),
('E000078','Philip46677','BC000004','1'),
('E000079','Philip46678','BC000003','1'),
('E000080','Philip46679','BC000005','1'),
('E000081','Philip46680','BC000005','1'),
('E000082','Philip46681','BC000002','1'),
('E000083','Philip46682','BC000004','1'),
('E000084','Philip46683','BC000005','1'),
('E000085','Philip46684','BC000004','1'),
('E000086','Philip46685','BC000002','1'),
('E000087','Philip46686','BC000005','1'),
('E000088','Philip46687','BC000004','1'),
('E000089','Philip46688','BC000002','1'),
('E000090','Philip46689','BC000002','1'),
('E000091','Philip46690','BC000001','1'),
('E000092','Philip46691','BC000005','1'),
('E000093','Philip46692','BC000003','1'),
('E000094','Philip46693','BC000003','1'),
('E000095','Philip46694','BC000005','1'),
('E000096','Philip46695','BC000002','1'),
('E000097','Philip46696','BC000003','1'),
('E000098','Philip46697','BC000005','1'),
('E000099','Philip46698','BC000005','1'),
('E000100','Philip46699','BC000002','1');
drop table  if exists role_data;
create table role_data (
	id	  	varchar(24) not null,
	role_name	  	varchar(16),
	version	  	int,
	primary key(id)
) ENGINE=InnoDB DEFAULT CHARSET=utf8;
insert into role_data values
('R000001','manager46700','1'),
('R000002','manager46701','1'),
('R000003','manager46702','1'),
('R000004','manager46703','1'),
('R000005','manager46704','1'),
('R000006','manager46705','1'),
('R000007','manager46706','1'),
('R000008','manager46707','1'),
('R000009','manager46708','1'),
('R000010','manager46709','1'),
('R000011','manager46710','1'),
('R000012','manager46711','1'),
('R000013','manager46712','1'),
('R000014','manager46713','1'),
('R000015','manager46714','1'),
('R000016','manager46715','1'),
('R000017','manager46716','1'),
('R000018','manager46717','1'),
('R000019','manager46718','1'),
('R000020','manager46719','1'),
('R000021','manager46720','1'),
('R000022','manager46721','1'),
('R000023','manager46722','1'),
('R000024','manager46723','1'),
('R000025','manager46724','1'),
('R000026','manager46725','1'),
('R000027','manager46726','1'),
('R000028','manager46727','1'),
('R000029','manager46728','1'),
('R000030','manager46729','1'),
('R000031','manager46730','1'),
('R000032','manager46731','1'),
('R000033','manager46732','1'),
('R000034','manager46733','1'),
('R000035','manager46734','1'),
('R000036','manager46735','1'),
('R000037','manager46736','1'),
('R000038','manager46737','1'),
('R000039','manager46738','1'),
('R000040','manager46739','1'),
('R000041','manager46740','1'),
('R000042','manager46741','1'),
('R000043','manager46742','1'),
('R000044','manager46743','1'),
('R000045','manager46744','1'),
('R000046','manager46745','1'),
('R000047','manager46746','1'),
('R000048','manager46747','1'),
('R000049','manager46748','1'),
('R000050','manager46749','1'),
('R000051','manager46750','1'),
('R000052','manager46751','1'),
('R000053','manager46752','1'),
('R000054','manager46753','1'),
('R000055','manager46754','1'),
('R000056','manager46755','1'),
('R000057','manager46756','1'),
('R000058','manager46757','1'),
('R000059','manager46758','1'),
('R000060','manager46759','1'),
('R000061','manager46760','1'),
('R000062','manager46761','1'),
('R000063','manager46762','1'),
('R000064','manager46763','1'),
('R000065','manager46764','1'),
('R000066','manager46765','1'),
('R000067','manager46766','1'),
('R000068','manager46767','1'),
('R000069','manager46768','1'),
('R000070','manager46769','1'),
('R000071','manager46770','1'),
('R000072','manager46771','1'),
('R000073','manager46772','1'),
('R000074','manager46773','1'),
('R000075','manager46774','1'),
('R000076','manager46775','1'),
('R000077','manager46776','1'),
('R000078','manager46777','1'),
('R000079','manager46778','1'),
('R000080','manager46779','1'),
('R000081','manager46780','1'),
('R000082','manager46781','1'),
('R000083','manager46782','1'),
('R000084','manager46783','1'),
('R000085','manager46784','1'),
('R000086','manager46785','1'),
('R000087','manager46786','1'),
('R000088','manager46787','1'),
('R000089','manager46788','1'),
('R000090','manager46789','1'),
('R000091','manager46790','1'),
('R000092','manager46791','1'),
('R000093','manager46792','1'),
('R000094','manager46793','1'),
('R000095','manager46794','1'),
('R000096','manager46795','1'),
('R000097','manager46796','1'),
('R000098','manager46797','1'),
('R000099','manager46798','1'),
('R000100','manager46799','1');
drop table  if exists assignment_data;
create table assignment_data (
	id	  	varchar(40) not null,
	user	  	varchar(64),
	access	  	varchar(64),
	assigned_date	  	Date,
	version	  	int,
	primary key(id)
) ENGINE=InnoDB DEFAULT CHARSET=utf8;
insert into assignment_data values
('A000001','E000002','A000002','2016-04-25','1'),
('A000002','E000003','A000004','2017-11-02','1'),
('A000003','E000002','A000002','2016-12-20','1'),
('A000004','E000005','A000001','2017-10-10','1'),
('A000005','E000001','A000005','2017-03-29','1'),
('A000006','E000004','A000002','2015-09-23','1'),
('A000007','E000004','A000001','2018-12-10','1'),
('A000008','E000003','A000004','2018-04-18','1'),
('A000009','E000004','A000003','2014-07-17','1'),
('A000010','E000001','A000005','2016-08-24','1'),
('A000011','E000002','A000003','2017-07-26','1'),
('A000012','E000003','A000003','2016-02-05','1'),
('A000013','E000004','A000004','2017-01-14','1'),
('A000014','E000001','A000005','2018-05-13','1'),
('A000015','E000004','A000002','2018-08-04','1'),
('A000016','E000005','A000004','2017-11-17','1'),
('A000017','E000001','A000003','2014-07-29','1'),
('A000018','E000002','A000002','2016-07-09','1'),
('A000019','E000002','A000003','2017-08-04','1'),
('A000020','E000003','A000003','2014-04-03','1'),
('A000021','E000002','A000004','2018-01-07','1'),
('A000022','E000004','A000005','2014-04-23','1'),
('A000023','E000002','A000003','2018-10-13','1'),
('A000024','E000001','A000003','2014-07-25','1'),
('A000025','E000005','A000002','2016-11-28','1'),
('A000026','E000003','A000002','2015-11-22','1'),
('A000027','E000003','A000003','2016-09-13','1'),
('A000028','E000005','A000004','2016-09-22','1'),
('A000029','E000003','A000005','2016-03-05','1'),
('A000030','E000005','A000005','2016-11-14','1'),
('A000031','E000004','A000005','2015-04-23','1'),
('A000032','E000005','A000005','2014-11-29','1'),
('A000033','E000003','A000001','2014-05-18','1'),
('A000034','E000002','A000005','2015-07-20','1'),
('A000035','E000004','A000003','2014-12-11','1'),
('A000036','E000004','A000002','2016-10-22','1'),
('A000037','E000002','A000002','2017-12-09','1'),
('A000038','E000004','A000002','2017-05-25','1'),
('A000039','E000003','A000005','2017-08-07','1'),
('A000040','E000005','A000004','2016-10-23','1'),
('A000041','E000003','A000005','2015-03-08','1'),
('A000042','E000005','A000002','2016-09-12','1'),
('A000043','E000004','A000003','2015-05-09','1'),
('A000044','E000004','A000002','2016-02-04','1'),
('A000045','E000004','A000004','2014-06-29','1'),
('A000046','E000003','A000004','2018-09-02','1'),
('A000047','E000001','A000004','2015-03-14','1'),
('A000048','E000005','A000005','2016-02-19','1'),
('A000049','E000001','A000004','2018-09-19','1'),
('A000050','E000003','A000003','2018-01-13','1'),
('A000051','E000001','A000004','2016-06-13','1'),
('A000052','E000005','A000002','2017-11-28','1'),
('A000053','E000005','A000004','2016-12-06','1'),
('A000054','E000005','A000001','2015-04-23','1'),
('A000055','E000004','A000005','2018-08-17','1'),
('A000056','E000005','A000005','2015-05-20','1'),
('A000057','E000004','A000001','2015-09-07','1'),
('A000058','E000001','A000004','2015-07-02','1'),
('A000059','E000001','A000002','2014-01-25','1'),
('A000060','E000002','A000002','2018-07-29','1'),
('A000061','E000002','A000004','2014-08-04','1'),
('A000062','E000001','A000002','2015-05-17','1'),
('A000063','E000001','A000001','2014-10-30','1'),
('A000064','E000005','A000004','2018-11-15','1'),
('A000065','E000001','A000003','2015-06-04','1'),
('A000066','E000004','A000003','2014-08-16','1'),
('A000067','E000002','A000004','2018-02-20','1'),
('A000068','E000001','A000004','2016-09-27','1'),
('A000069','E000001','A000002','2014-12-14','1'),
('A000070','E000005','A000004','2018-10-01','1'),
('A000071','E000001','A000002','2018-05-06','1'),
('A000072','E000002','A000003','2015-05-14','1'),
('A000073','E000005','A000003','2014-08-27','1'),
('A000074','E000004','A000003','2016-08-18','1'),
('A000075','E000003','A000002','2016-07-03','1'),
('A000076','E000001','A000001','2017-04-08','1'),
('A000077','E000001','A000002','2014-12-16','1'),
('A000078','E000002','A000002','2014-01-20','1'),
('A000079','E000004','A000004','2015-12-18','1'),
('A000080','E000001','A000005','2015-02-07','1'),
('A000081','E000004','A000001','2017-11-01','1'),
('A000082','E000001','A000001','2015-09-02','1'),
('A000083','E000002','A000004','2018-10-07','1'),
('A000084','E000001','A000005','2017-05-07','1'),
('A000085','E000001','A000003','2014-09-04','1'),
('A000086','E000004','A000003','2017-02-01','1'),
('A000087','E000005','A000003','2018-06-19','1'),
('A000088','E000005','A000002','2014-10-05','1'),
('A000089','E000003','A000002','2015-12-08','1'),
('A000090','E000005','A000004','2015-10-31','1'),
('A000091','E000002','A000002','2014-10-05','1'),
('A000092','E000004','A000001','2018-11-08','1'),
('A000093','E000002','A000005','2015-07-29','1'),
('A000094','E000005','A000003','2015-03-08','1'),
('A000095','E000001','A000001','2014-09-06','1'),
('A000096','E000001','A000002','2014-10-02','1'),
('A000097','E000001','A000004','2016-05-07','1'),
('A000098','E000003','A000003','2017-11-19','1'),
('A000099','E000001','A000004','2018-03-22','1'),
('A000100','E000002','A000003','2017-02-08','1');
drop table  if exists access_data;
create table access_data (
	id	  	varchar(32) not null,
	role	  	varchar(64),
	version	  	int,
	primary key(id)
) ENGINE=InnoDB DEFAULT CHARSET=utf8;
insert into access_data values
('A000001','R000003','1'),
('A000002','R000003','1'),
('A000003','R000003','1'),
('A000004','R000003','1'),
('A000005','R000001','1'),
('A000006','R000002','1'),
('A000007','R000002','1'),
('A000008','R000002','1'),
('A000009','R000005','1'),
('A000010','R000003','1'),
('A000011','R000002','1'),
('A000012','R000005','1'),
('A000013','R000004','1'),
('A000014','R000005','1'),
('A000015','R000001','1'),
('A000016','R000003','1'),
('A000017','R000003','1'),
('A000018','R000003','1'),
('A000019','R000001','1'),
('A000020','R000002','1'),
('A000021','R000002','1'),
('A000022','R000003','1'),
('A000023','R000002','1'),
('A000024','R000002','1'),
('A000025','R000003','1'),
('A000026','R000003','1'),
('A000027','R000005','1'),
('A000028','R000003','1'),
('A000029','R000003','1'),
('A000030','R000004','1'),
('A000031','R000004','1'),
('A000032','R000005','1'),
('A000033','R000004','1'),
('A000034','R000003','1'),
('A000035','R000004','1'),
('A000036','R000005','1'),
('A000037','R000003','1'),
('A000038','R000004','1'),
('A000039','R000001','1'),
('A000040','R000002','1'),
('A000041','R000004','1'),
('A000042','R000002','1'),
('A000043','R000002','1'),
('A000044','R000005','1'),
('A000045','R000002','1'),
('A000046','R000003','1'),
('A000047','R000005','1'),
('A000048','R000001','1'),
('A000049','R000004','1'),
('A000050','R000004','1'),
('A000051','R000003','1'),
('A000052','R000002','1'),
('A000053','R000004','1'),
('A000054','R000005','1'),
('A000055','R000004','1'),
('A000056','R000001','1'),
('A000057','R000004','1'),
('A000058','R000003','1'),
('A000059','R000001','1'),
('A000060','R000004','1'),
('A000061','R000005','1'),
('A000062','R000003','1'),
('A000063','R000005','1'),
('A000064','R000003','1'),
('A000065','R000002','1'),
('A000066','R000001','1'),
('A000067','R000004','1'),
('A000068','R000004','1'),
('A000069','R000005','1'),
('A000070','R000004','1'),
('A000071','R000001','1'),
('A000072','R000004','1'),
('A000073','R000003','1'),
('A000074','R000001','1'),
('A000075','R000003','1'),
('A000076','R000003','1'),
('A000077','R000004','1'),
('A000078','R000001','1'),
('A000079','R000004','1'),
('A000080','R000005','1'),
('A000081','R000002','1'),
('A000082','R000002','1'),
('A000083','R000004','1'),
('A000084','R000002','1'),
('A000085','R000001','1'),
('A000086','R000004','1'),
('A000087','R000001','1'),
('A000088','R000005','1'),
('A000089','R000005','1'),
('A000090','R000005','1'),
('A000091','R000002','1'),
('A000092','R000005','1'),
('A000093','R000001','1'),
('A000094','R000003','1'),
('A000095','R000004','1'),
('A000096','R000001','1'),
('A000097','R000003','1'),
('A000098','R000002','1'),
('A000099','R000001','1'),
('A000100','R000005','1');
drop table  if exists order_data;
create table order_data (
	id	  	varchar(32) not null,
	buyer	  	varchar(64),
	seller	  	varchar(64),
	title	  	varchar(32),
	total_amount	  	numeric(6,2),
	type	  	varchar(16),
	mark_as_delete	  	int,
	version	  	int,
	primary key(id)
) ENGINE=InnoDB DEFAULT CHARSET=utf8;
insert into order_data values
('O000001','BC000002','SC000001','order title - 46800','38.94063226953308','order46801','1','1'),
('O000002','BC000001','SC000004','order title - 46802','292.33383065123905','order46803','1','1'),
('O000003','BC000005','SC000004','order title - 46804','107.66778184358417','order46805','1','1'),
('O000004','BC000003','SC000005','order title - 46806','36.96737695995821','order46807','1','1'),
('O000005','BC000005','SC000003','order title - 46808','174.62696504097835','order46809','1','1'),
('O000006','BC000002','SC000002','order title - 46810','297.5528200956765','order46811','1','1'),
('O000007','BC000005','SC000001','order title - 46812','52.574992138811545','order46813','1','1'),
('O000008','BC000001','SC000001','order title - 46814','133.75520103912203','order46815','1','1'),
('O000009','BC000005','SC000003','order title - 46816','102.61346863464243','order46817','1','1'),
('O000010','BC000002','SC000005','order title - 46818','57.01864351736954','order46819','1','1'),
('O000011','BC000004','SC000005','order title - 46820','214.75335348299998','order46821','1','1'),
('O000012','BC000002','SC000002','order title - 46822','272.33673005125496','order46823','1','1'),
('O000013','BC000005','SC000004','order title - 46824','289.643427364788','order46825','1','1'),
('O000014','BC000002','SC000004','order title - 46826','237.75053217117815','order46827','1','1'),
('O000015','BC000001','SC000002','order title - 46828','163.7949714767777','order46829','1','1'),
('O000016','BC000002','SC000003','order title - 46830','249.47835094616184','order46831','1','1'),
('O000017','BC000002','SC000002','order title - 46832','231.1219005384352','order46833','1','1'),
('O000018','BC000003','SC000003','order title - 46834','64.06997339381768','order46835','1','1'),
('O000019','BC000005','SC000005','order title - 46836','80.5964129857237','order46837','1','1'),
('O000020','BC000002','SC000001','order title - 46838','13.419076554793156','order46839','1','1'),
('O000021','BC000003','SC000004','order title - 46840','152.0655374164174','order46841','1','1'),
('O000022','BC000002','SC000002','order title - 46842','21.42686539545227','order46843','1','1'),
('O000023','BC000004','SC000001','order title - 46844','97.30072328484965','order46845','1','1'),
('O000024','BC000004','SC000003','order title - 46846','266.92995018350155','order46847','1','1'),
('O000025','BC000004','SC000001','order title - 46848','122.1235932680116','order46849','1','1'),
('O000026','BC000004','SC000002','order title - 46850','229.12537807941405','order46851','1','1'),
('O000027','BC000005','SC000004','order title - 46852','136.6757364203167','order46853','1','1'),
('O000028','BC000002','SC000002','order title - 46854','93.2193193765583','order46855','1','1'),
('O000029','BC000003','SC000005','order title - 46856','130.85420393866622','order46857','1','1'),
('O000030','BC000001','SC000002','order title - 46858','66.34588397273964','order46859','1','1'),
('O000031','BC000002','SC000005','order title - 46860','142.91944545292193','order46861','1','1'),
('O000032','BC000005','SC000003','order title - 46862','202.43479050487218','order46863','1','1'),
('O000033','BC000004','SC000004','order title - 46864','80.72620715397049','order46865','1','1'),
('O000034','BC000004','SC000001','order title - 46866','49.4960305340969','order46867','1','1'),
('O000035','BC000003','SC000004','order title - 46868','205.38533433460665','order46869','1','1'),
('O000036','BC000004','SC000004','order title - 46870','263.1154122823152','order46871','1','1'),
('O000037','BC000005','SC000005','order title - 46872','281.65547368347035','order46873','1','1'),
('O000038','BC000003','SC000003','order title - 46874','87.75340392205996','order46875','1','1'),
('O000039','BC000004','SC000004','order title - 46876','34.115750894886595','order46877','1','1'),
('O000040','BC000004','SC000003','order title - 46878','142.78351290874048','order46879','1','1'),
('O000041','BC000005','SC000003','order title - 46880','40.59579910100647','order46881','1','1'),
('O000042','BC000004','SC000002','order title - 46882','149.2840560990536','order46883','1','1'),
('O000043','BC000001','SC000002','order title - 46884','259.2785806156508','order46885','1','1'),
('O000044','BC000004','SC000004','order title - 46886','107.89341727264545','order46887','1','1'),
('O000045','BC000004','SC000003','order title - 46888','279.42815827777224','order46889','1','1'),
('O000046','BC000004','SC000005','order title - 46890','35.99540949731869','order46891','1','1'),
('O000047','BC000001','SC000003','order title - 46892','255.1426543951803','order46893','1','1'),
('O000048','BC000004','SC000003','order title - 46894','89.25492110953375','order46895','1','1'),
('O000049','BC000004','SC000003','order title - 46896','280.28831127372734','order46897','1','1'),
('O000050','BC000005','SC000001','order title - 46898','194.52878363486934','order46899','1','1'),
('O000051','BC000003','SC000005','order title - 46900','225.49949501707658','order46901','1','1'),
('O000052','BC000001','SC000005','order title - 46902','137.94249469283116','order46903','1','1'),
('O000053','BC000001','SC000003','order title - 46904','29.06136646889797','order46905','1','1'),
('O000054','BC000005','SC000004','order title - 46906','11.596315400459119','order46907','1','1'),
('O000055','BC000004','SC000002','order title - 46908','88.00417187548861','order46909','1','1'),
('O000056','BC000005','SC000002','order title - 46910','169.78655916119183','order46911','1','1'),
('O000057','BC000005','SC000002','order title - 46912','277.13305771805915','order46913','1','1'),
('O000058','BC000004','SC000003','order title - 46914','29.27854427014652','order46915','1','1'),
('O000059','BC000003','SC000004','order title - 46916','223.44520978654324','order46917','1','1'),
('O000060','BC000001','SC000004','order title - 46918','262.54146509415926','order46919','1','1'),
('O000061','BC000005','SC000002','order title - 46920','66.62126220609323','order46921','1','1'),
('O000062','BC000001','SC000002','order title - 46922','254.36348598835107','order46923','1','1'),
('O000063','BC000005','SC000005','order title - 46924','68.14367179872215','order46925','1','1'),
('O000064','BC000005','SC000003','order title - 46926','190.8951490963045','order46927','1','1'),
('O000065','BC000004','SC000005','order title - 46928','189.5373786185009','order46929','1','1'),
('O000066','BC000003','SC000004','order title - 46930','277.46461446450064','order46931','1','1'),
('O000067','BC000002','SC000001','order title - 46932','141.4437079901994','order46933','1','1'),
('O000068','BC000002','SC000003','order title - 46934','294.94852694081675','order46935','1','1'),
('O000069','BC000005','SC000001','order title - 46936','186.88587022978996','order46937','1','1'),
('O000070','BC000005','SC000003','order title - 46938','121.70466366015768','order46939','1','1'),
('O000071','BC000003','SC000003','order title - 46940','195.0320276372852','order46941','1','1'),
('O000072','BC000002','SC000003','order title - 46942','133.64842503822786','order46943','1','1'),
('O000073','BC000004','SC000004','order title - 46944','56.081464882555','order46945','1','1'),
('O000074','BC000005','SC000005','order title - 46946','84.63376894859435','order46947','1','1'),
('O000075','BC000005','SC000001','order title - 46948','90.93092897707031','order46949','1','1'),
('O000076','BC000004','SC000003','order title - 46950','144.5455651814575','order46951','1','1'),
('O000077','BC000003','SC000001','order title - 46952','73.44718013160345','order46953','1','1'),
('O000078','BC000004','SC000004','order title - 46954','11.084872305289384','order46955','1','1'),
('O000079','BC000004','SC000002','order title - 46956','212.60966404640706','order46957','1','1'),
('O000080','BC000002','SC000003','order title - 46958','113.96993050693898','order46959','1','1'),
('O000081','BC000001','SC000003','order title - 46960','149.19245774240508','order46961','1','1'),
('O000082','BC000001','SC000002','order title - 46962','129.1761276726132','order46963','1','1'),
('O000083','BC000004','SC000004','order title - 46964','192.59120528506165','order46965','1','1'),
('O000084','BC000005','SC000003','order title - 46966','284.86882084326055','order46967','1','1'),
('O000085','BC000003','SC000005','order title - 46968','216.59948936835914','order46969','1','1'),
('O000086','BC000001','SC000005','order title - 46970','177.28926641850111','order46971','1','1'),
('O000087','BC000004','SC000003','order title - 46972','75.55643582475292','order46973','1','1'),
('O000088','BC000001','SC000003','order title - 46974','57.61834003506002','order46975','1','1'),
('O000089','BC000002','SC000003','order title - 46976','129.2468193399754','order46977','1','1'),
('O000090','BC000004','SC000001','order title - 46978','2.024715249499176','order46979','1','1'),
('O000091','BC000005','SC000001','order title - 46980','179.8652048920878','order46981','1','1'),
('O000092','BC000005','SC000004','order title - 46982','2.337291657368222','order46983','1','1'),
('O000093','BC000001','SC000004','order title - 46984','125.49312186488372','order46985','1','1'),
('O000094','BC000002','SC000003','order title - 46986','248.9786105739679','order46987','1','1'),
('O000095','BC000002','SC000005','order title - 46988','146.54362285019326','order46989','1','1'),
('O000096','BC000002','SC000003','order title - 46990','167.60285612269575','order46991','1','1'),
('O000097','BC000002','SC000004','order title - 46992','286.45014847909476','order46993','1','1'),
('O000098','BC000001','SC000005','order title - 46994','40.183473067613335','order46995','1','1'),
('O000099','BC000001','SC000004','order title - 46996','132.649385706895','order46997','1','1'),
('O000100','BC000003','SC000001','order title - 46998','182.55051954525953','order46999','1','1');
drop table  if exists line_item_data;
create table line_item_data (
	id	  	varchar(40) not null,
	biz_order	  	varchar(64),
	sku_id	  	varchar(8),
	sku_name	  	varchar(24),
	amount	  	numeric(5,2),
	quantity	  	int,
	x	  	varchar(32),
	version	  	int,
	primary key(id)
) ENGINE=InnoDB DEFAULT CHARSET=utf8;
insert into line_item_data values
('LI000001','O000005','SKU47000','iPhone - 47001','22.637716842410438','4','amount*quantity47002','1'),
('LI000002','O000001','SKU47003','iPhone - 47004','12.531178875769319','6','amount*quantity47005','1'),
('LI000003','O000005','SKU47006','iPhone - 47007','17.61043613745435','10','amount*quantity47008','1'),
('LI000004','O000004','SKU47009','iPhone - 47010','18.59103985705873','6','amount*quantity47011','1'),
('LI000005','O000003','SKU47012','iPhone - 47013','14.343473049108017','9','amount*quantity47014','1'),
('LI000006','O000003','SKU47015','iPhone - 47016','6.480300509286894','6','amount*quantity47017','1'),
('LI000007','O000005','SKU47018','iPhone - 47019','18.62557519665716','9','amount*quantity47020','1'),
('LI000008','O000005','SKU47021','iPhone - 47022','1.3991849255784914','6','amount*quantity47023','1'),
('LI000009','O000001','SKU47024','iPhone - 47025','21.083316864477784','3','amount*quantity47026','1'),
('LI000010','O000003','SKU47027','iPhone - 47028','18.072979888166948','6','amount*quantity47029','1'),
('LI000011','O000003','SKU47030','iPhone - 47031','9.986848674785469','10','amount*quantity47032','1'),
('LI000012','O000001','SKU47033','iPhone - 47034','17.717928176335562','5','amount*quantity47035','1'),
('LI000013','O000002','SKU47036','iPhone - 47037','14.878497479337845','6','amount*quantity47038','1'),
('LI000014','O000003','SKU47039','iPhone - 47040','14.62216931951006','1','amount*quantity47041','1'),
('LI000015','O000002','SKU47042','iPhone - 47043','7.438012974699175','2','amount*quantity47044','1'),
('LI000016','O000002','SKU47045','iPhone - 47046','2.3281496864717575','4','amount*quantity47047','1'),
('LI000017','O000002','SKU47048','iPhone - 47049','9.48825474140688','7','amount*quantity47050','1'),
('LI000018','O000003','SKU47051','iPhone - 47052','17.13855135935247','4','amount*quantity47053','1'),
('LI000019','O000002','SKU47054','iPhone - 47055','4.227001494491576','8','amount*quantity47056','1'),
('LI000020','O000001','SKU47057','iPhone - 47058','13.366358274627615','7','amount*quantity47059','1'),
('LI000021','O000002','SKU47060','iPhone - 47061','6.6277979929723125','2','amount*quantity47062','1'),
('LI000022','O000003','SKU47063','iPhone - 47064','21.657024424401726','2','amount*quantity47065','1'),
('LI000023','O000002','SKU47066','iPhone - 47067','7.485256259711305','5','amount*quantity47068','1'),
('LI000024','O000005','SKU47069','iPhone - 47070','21.467598372357013','8','amount*quantity47071','1'),
('LI000025','O000004','SKU47072','iPhone - 47073','5.831711019033992','4','amount*quantity47074','1'),
('LI000026','O000001','SKU47075','iPhone - 47076','20.877737923202833','5','amount*quantity47077','1'),
('LI000027','O000002','SKU47078','iPhone - 47079','9.99783154976244','9','amount*quantity47080','1'),
('LI000028','O000003','SKU47081','iPhone - 47082','2.6244735805449513','2','amount*quantity47083','1'),
('LI000029','O000003','SKU47084','iPhone - 47085','6.793782821530286','4','amount*quantity47086','1'),
('LI000030','O000004','SKU47087','iPhone - 47088','14.567693283046843','1','amount*quantity47089','1'),
('LI000031','O000005','SKU47090','iPhone - 47091','8.58030231972049','8','amount*quantity47092','1'),
('LI000032','O000002','SKU47093','iPhone - 47094','1.1931834853259013','3','amount*quantity47095','1'),
('LI000033','O000001','SKU47096','iPhone - 47097','15.575029550878304','7','amount*quantity47098','1'),
('LI000034','O000001','SKU47099','iPhone - 47100','14.373796178113691','1','amount*quantity47101','1'),
('LI000035','O000001','SKU47102','iPhone - 47103','7.034408783958243','4','amount*quantity47104','1'),
('LI000036','O000002','SKU47105','iPhone - 47106','11.476274647646587','10','amount*quantity47107','1'),
('LI000037','O000003','SKU47108','iPhone - 47109','14.550185063687342','7','amount*quantity47110','1'),
('LI000038','O000002','SKU47111','iPhone - 47112','1.8584331339380493','9','amount*quantity47113','1'),
('LI000039','O000001','SKU47114','iPhone - 47115','5.863034867394143','1','amount*quantity47116','1'),
('LI000040','O000001','SKU47117','iPhone - 47118','11.680883705762449','7','amount*quantity47119','1'),
('LI000041','O000004','SKU47120','iPhone - 47121','5.939324463054569','5','amount*quantity47122','1'),
('LI000042','O000003','SKU47123','iPhone - 47124','19.144141063513864','10','amount*quantity47125','1'),
('LI000043','O000002','SKU47126','iPhone - 47127','18.916675571244696','9','amount*quantity47128','1'),
('LI000044','O000002','SKU47129','iPhone - 47130','2.380658103896381','8','amount*quantity47131','1'),
('LI000045','O000002','SKU47132','iPhone - 47133','14.965429460010276','6','amount*quantity47134','1'),
('LI000046','O000002','SKU47135','iPhone - 47136','4.864751182274144','9','amount*quantity47137','1'),
('LI000047','O000003','SKU47138','iPhone - 47139','1.1278430551228829','10','amount*quantity47140','1'),
('LI000048','O000002','SKU47141','iPhone - 47142','10.949260223980083','4','amount*quantity47143','1'),
('LI000049','O000003','SKU47144','iPhone - 47145','12.250708267984878','6','amount*quantity47146','1'),
('LI000050','O000003','SKU47147','iPhone - 47148','7.196512009179836','5','amount*quantity47149','1'),
('LI000051','O000003','SKU47150','iPhone - 47151','12.477010204309163','4','amount*quantity47152','1'),
('LI000052','O000002','SKU47153','iPhone - 47154','4.68338543568323','1','amount*quantity47155','1'),
('LI000053','O000002','SKU47156','iPhone - 47157','14.104262069124996','1','amount*quantity47158','1'),
('LI000054','O000005','SKU47159','iPhone - 47160','7.594128360502968','1','amount*quantity47161','1'),
('LI000055','O000002','SKU47162','iPhone - 47163','15.78364898242638','3','amount*quantity47164','1'),
('LI000056','O000003','SKU47165','iPhone - 47166','11.863568080046916','10','amount*quantity47167','1'),
('LI000057','O000003','SKU47168','iPhone - 47169','17.271302735186598','10','amount*quantity47170','1'),
('LI000058','O000001','SKU47171','iPhone - 47172','22.913406168561295','6','amount*quantity47173','1'),
('LI000059','O000003','SKU47174','iPhone - 47175','5.328666820362963','4','amount*quantity47176','1'),
('LI000060','O000001','SKU47177','iPhone - 47178','19.641705949082443','1','amount*quantity47179','1'),
('LI000061','O000002','SKU47180','iPhone - 47181','6.899555301899309','6','amount*quantity47182','1'),
('LI000062','O000005','SKU47183','iPhone - 47184','2.6442491077941304','7','amount*quantity47185','1'),
('LI000063','O000002','SKU47186','iPhone - 47187','15.540141240298482','1','amount*quantity47188','1'),
('LI000064','O000001','SKU47189','iPhone - 47190','13.125196631238225','1','amount*quantity47191','1'),
('LI000065','O000001','SKU47192','iPhone - 47193','5.481691895033253','10','amount*quantity47194','1'),
('LI000066','O000004','SKU47195','iPhone - 47196','0.12513095856507658','8','amount*quantity47197','1'),
('LI000067','O000003','SKU47198','iPhone - 47199','14.942624779574619','2','amount*quantity47200','1'),
('LI000068','O000005','SKU47201','iPhone - 47202','12.888859590463378','5','amount*quantity47203','1'),
('LI000069','O000005','SKU47204','iPhone - 47205','13.093708538905222','10','amount*quantity47206','1'),
('LI000070','O000005','SKU47207','iPhone - 47208','1.0828430966401477','2','amount*quantity47209','1'),
('LI000071','O000005','SKU47210','iPhone - 47211','0.47149978366436673','4','amount*quantity47212','1'),
('LI000072','O000005','SKU47213','iPhone - 47214','4.077413891621473','8','amount*quantity47215','1'),
('LI000073','O000005','SKU47216','iPhone - 47217','13.007996464216612','10','amount*quantity47218','1'),
('LI000074','O000003','SKU47219','iPhone - 47220','2.1793316107580494','2','amount*quantity47221','1'),
('LI000075','O000002','SKU47222','iPhone - 47223','4.0478847069537895','6','amount*quantity47224','1'),
('LI000076','O000002','SKU47225','iPhone - 47226','13.533180933083125','8','amount*quantity47227','1'),
('LI000077','O000003','SKU47228','iPhone - 47229','22.91655053707762','4','amount*quantity47230','1'),
('LI000078','O000002','SKU47231','iPhone - 47232','12.00073045825593','3','amount*quantity47233','1'),
('LI000079','O000002','SKU47234','iPhone - 47235','4.746399119731323','9','amount*quantity47236','1'),
('LI000080','O000004','SKU47237','iPhone - 47238','11.585894399515716','8','amount*quantity47239','1'),
('LI000081','O000004','SKU47240','iPhone - 47241','11.864212459898035','3','amount*quantity47242','1'),
('LI000082','O000005','SKU47243','iPhone - 47244','0.8323354196017437','8','amount*quantity47245','1'),
('LI000083','O000001','SKU47246','iPhone - 47247','19.07775653456949','2','amount*quantity47248','1'),
('LI000084','O000002','SKU47249','iPhone - 47250','21.48404412041432','4','amount*quantity47251','1'),
('LI000085','O000003','SKU47252','iPhone - 47253','23.754165815328573','5','amount*quantity47254','1'),
('LI000086','O000002','SKU47255','iPhone - 47256','15.427185185905682','4','amount*quantity47257','1'),
('LI000087','O000005','SKU47258','iPhone - 47259','7.990587068963801','6','amount*quantity47260','1'),
('LI000088','O000005','SKU47261','iPhone - 47262','7.44000446437866','6','amount*quantity47263','1'),
('LI000089','O000001','SKU47264','iPhone - 47265','12.497997041676088','7','amount*quantity47266','1'),
('LI000090','O000003','SKU47267','iPhone - 47268','5.665178572333023','9','amount*quantity47269','1'),
('LI000091','O000001','SKU47270','iPhone - 47271','17.26216943291518','7','amount*quantity47272','1'),
('LI000092','O000004','SKU47273','iPhone - 47274','17.85436132191641','3','amount*quantity47275','1'),
('LI000093','O000003','SKU47276','iPhone - 47277','9.400550332082046','9','amount*quantity47278','1'),
('LI000094','O000005','SKU47279','iPhone - 47280','18.214205946151687','10','amount*quantity47281','1'),
('LI000095','O000002','SKU47282','iPhone - 47283','17.925816978353083','9','amount*quantity47284','1'),
('LI000096','O000002','SKU47285','iPhone - 47286','16.068323913091955','5','amount*quantity47287','1'),
('LI000097','O000003','SKU47288','iPhone - 47289','19.565553813650567','2','amount*quantity47290','1'),
('LI000098','O000002','SKU47291','iPhone - 47292','7.414652066981507','6','amount*quantity47293','1'),
('LI000099','O000004','SKU47294','iPhone - 47295','22.53355450460724','5','amount*quantity47296','1'),
('LI000100','O000001','SKU47297','iPhone - 47298','7.746869312876322','2','amount*quantity47299','1');
drop table  if exists shipping_group_data;
create table shipping_group_data (
	id	  	varchar(48) not null,
	name	  	varchar(56),
	biz_order	  	varchar(64),
	address	  	varchar(64),
	amount	  	numeric(4,2),
	version	  	int,
	primary key(id)
) ENGINE=InnoDB DEFAULT CHARSET=utf8;
insert into shipping_group_data values
('SG000001','shipping to this address47300','O000003','SA000003','2.780401629644867','1'),
('SG000002','shipping to this address47301','O000004','SA000003','4.54324293704159','1'),
('SG000003','shipping to this address47302','O000004','SA000001','1.2432780368722525','1'),
('SG000004','shipping to this address47303','O000002','SA000003','4.795851879690708','1'),
('SG000005','shipping to this address47304','O000001','SA000005','2.7262937351438183','1'),
('SG000006','shipping to this address47305','O000004','SA000002','0.7857774660882585','1'),
('SG000007','shipping to this address47306','O000004','SA000005','5.593389828902202','1'),
('SG000008','shipping to this address47307','O000001','SA000004','5.174789707088085','1'),
('SG000009','shipping to this address47308','O000003','SA000004','0.013788708741932592','1'),
('SG000010','shipping to this address47309','O000005','SA000003','2.68436481860827','1'),
('SG000011','shipping to this address47310','O000004','SA000004','1.3333453474219998','1'),
('SG000012','shipping to this address47311','O000004','SA000004','2.9634881214165083','1'),
('SG000013','shipping to this address47312','O000004','SA000004','1.9610641092382934','1'),
('SG000014','shipping to this address47313','O000002','SA000004','0.7011114567544626','1'),
('SG000015','shipping to this address47314','O000002','SA000004','2.913014952758736','1'),
('SG000016','shipping to this address47315','O000001','SA000005','1.7876087618367644','1'),
('SG000017','shipping to this address47316','O000001','SA000005','3.0932665856128643','1'),
('SG000018','shipping to this address47317','O000001','SA000004','1.047685801479081','1'),
('SG000019','shipping to this address47318','O000003','SA000004','5.646325956295372','1'),
('SG000020','shipping to this address47319','O000004','SA000003','0.09157928691779894','1'),
('SG000021','shipping to this address47320','O000002','SA000005','3.4753031614817704','1'),
('SG000022','shipping to this address47321','O000002','SA000005','0.9205566021960969','1'),
('SG000023','shipping to this address47322','O000001','SA000005','0.9149214407333072','1'),
('SG000024','shipping to this address47323','O000003','SA000003','1.1644492500074728','1'),
('SG000025','shipping to this address47324','O000005','SA000003','1.6543507193303053','1'),
('SG000026','shipping to this address47325','O000004','SA000003','1.1126700440603712','1'),
('SG000027','shipping to this address47326','O000005','SA000003','5.40543676531448','1'),
('SG000028','shipping to this address47327','O000003','SA000001','1.899576499328722','1'),
('SG000029','shipping to this address47328','O000004','SA000003','5.001429624333827','1'),
('SG000030','shipping to this address47329','O000002','SA000005','2.4405319398602794','1'),
('SG000031','shipping to this address47330','O000002','SA000002','3.477009978170876','1'),
('SG000032','shipping to this address47331','O000005','SA000003','2.0962168666505714','1'),
('SG000033','shipping to this address47332','O000005','SA000001','1.7749099357101394','1'),
('SG000034','shipping to this address47333','O000004','SA000005','4.720982553192771','1'),
('SG000035','shipping to this address47334','O000002','SA000001','4.338383249308347','1'),
('SG000036','shipping to this address47335','O000003','SA000002','0.6218798371359284','1'),
('SG000037','shipping to this address47336','O000001','SA000001','2.263282547190836','1'),
('SG000038','shipping to this address47337','O000005','SA000004','5.9207117524932364','1'),
('SG000039','shipping to this address47338','O000004','SA000001','0.4326377047226112','1'),
('SG000040','shipping to this address47339','O000001','SA000002','0.48354235512840554','1'),
('SG000041','shipping to this address47340','O000001','SA000005','4.029928771487315','1'),
('SG000042','shipping to this address47341','O000002','SA000003','4.383760498305456','1'),
('SG000043','shipping to this address47342','O000003','SA000001','1.7422199390629687','1'),
('SG000044','shipping to this address47343','O000005','SA000003','4.183478435148205','1'),
('SG000045','shipping to this address47344','O000001','SA000003','3.018959265464407','1'),
('SG000046','shipping to this address47345','O000001','SA000005','2.7778868345174446','1'),
('SG000047','shipping to this address47346','O000004','SA000005','3.1574764361219727','1'),
('SG000048','shipping to this address47347','O000003','SA000003','5.391565777897523','1'),
('SG000049','shipping to this address47348','O000004','SA000001','5.678467140152575','1'),
('SG000050','shipping to this address47349','O000005','SA000002','4.579750138758377','1'),
('SG000051','shipping to this address47350','O000004','SA000005','0.4584075810813676','1'),
('SG000052','shipping to this address47351','O000005','SA000004','1.0704708880174616','1'),
('SG000053','shipping to this address47352','O000004','SA000003','2.305755164884102','1'),
('SG000054','shipping to this address47353','O000002','SA000005','0.5113742486681132','1'),
('SG000055','shipping to this address47354','O000004','SA000004','4.511781532246075','1'),
('SG000056','shipping to this address47355','O000004','SA000002','5.833095448815081','1'),
('SG000057','shipping to this address47356','O000004','SA000001','2.5782477129944765','1'),
('SG000058','shipping to this address47357','O000003','SA000003','5.27629955507437','1'),
('SG000059','shipping to this address47358','O000002','SA000003','0.00412073316168355','1'),
('SG000060','shipping to this address47359','O000005','SA000004','1.4030791108158887','1'),
('SG000061','shipping to this address47360','O000002','SA000001','1.5538813836586571','1'),
('SG000062','shipping to this address47361','O000002','SA000002','0.7632174037058687','1'),
('SG000063','shipping to this address47362','O000003','SA000001','2.3353771676171493','1'),
('SG000064','shipping to this address47363','O000001','SA000004','4.079008731553965','1'),
('SG000065','shipping to this address47364','O000001','SA000003','0.8658008510288245','1'),
('SG000066','shipping to this address47365','O000001','SA000001','3.1977022616361244','1'),
('SG000067','shipping to this address47366','O000001','SA000005','5.4883603358084905','1'),
('SG000068','shipping to this address47367','O000001','SA000005','5.7012774468812655','1'),
('SG000069','shipping to this address47368','O000005','SA000002','2.9881431779041905','1'),
('SG000070','shipping to this address47369','O000002','SA000003','2.8589196005773028','1'),
('SG000071','shipping to this address47370','O000001','SA000005','2.5651602571241754','1'),
('SG000072','shipping to this address47371','O000002','SA000003','2.1772612615909774','1'),
('SG000073','shipping to this address47372','O000005','SA000004','5.0125962763775345','1'),
('SG000074','shipping to this address47373','O000005','SA000003','4.96788041879364','1'),
('SG000075','shipping to this address47374','O000005','SA000001','3.5739271160473556','1'),
('SG000076','shipping to this address47375','O000004','SA000001','2.9156501328062494','1'),
('SG000077','shipping to this address47376','O000005','SA000003','5.079257547567398','1'),
('SG000078','shipping to this address47377','O000005','SA000001','2.2469516728578407','1'),
('SG000079','shipping to this address47378','O000001','SA000002','0.40743071216553917','1'),
('SG000080','shipping to this address47379','O000005','SA000003','0.5743730905929877','1'),
('SG000081','shipping to this address47380','O000001','SA000001','1.280090381570508','1'),
('SG000082','shipping to this address47381','O000001','SA000004','2.8269029451020504','1'),
('SG000083','shipping to this address47382','O000004','SA000005','4.998808533869722','1'),
('SG000084','shipping to this address47383','O000005','SA000002','1.9585969024796417','1'),
('SG000085','shipping to this address47384','O000005','SA000002','5.338989947368654','1'),
('SG000086','shipping to this address47385','O000002','SA000001','5.667777716799192','1'),
('SG000087','shipping to this address47386','O000001','SA000002','2.3898506816535816','1'),
('SG000088','shipping to this address47387','O000001','SA000005','0.34575817677844606','1'),
('SG000089','shipping to this address47388','O000004','SA000004','2.019122515827457','1'),
('SG000090','shipping to this address47389','O000001','SA000004','5.883329255939443','1'),
('SG000091','shipping to this address47390','O000002','SA000005','0.09303579731281002','1'),
('SG000092','shipping to this address47391','O000003','SA000001','3.633502830196961','1'),
('SG000093','shipping to this address47392','O000003','SA000004','3.2757886353640693','1'),
('SG000094','shipping to this address47393','O000004','SA000002','5.515639759960707','1'),
('SG000095','shipping to this address47394','O000005','SA000002','0.87033692739266','1'),
('SG000096','shipping to this address47395','O000002','SA000002','5.03376335474334','1'),
('SG000097','shipping to this address47396','O000005','SA000001','5.111583925202874','1'),
('SG000098','shipping to this address47397','O000001','SA000001','2.726870671309166','1'),
('SG000099','shipping to this address47398','O000001','SA000001','1.6795649506419694','1'),
('SG000100','shipping to this address47399','O000001','SA000003','4.051989918670448','1');
drop table  if exists payment_group_data;
create table payment_group_data (
	id	  	varchar(48) not null,
	name	  	varchar(40),
	biz_order	  	varchar(64),
	card_number	  	varchar(40),
	billing_address	  	varchar(64),
	version	  	int,
	primary key(id)
) ENGINE=InnoDB DEFAULT CHARSET=utf8;
insert into payment_group_data values
('PG000001','visa card ending - 47400','O000002','4111 1111 1111 - 47401','BA000001','1'),
('PG000002','visa card ending - 47402','O000001','4111 1111 1111 - 47403','BA000001','1'),
('PG000003','visa card ending - 47404','O000001','4111 1111 1111 - 47405','BA000004','1'),
('PG000004','visa card ending - 47406','O000005','4111 1111 1111 - 47407','BA000004','1'),
('PG000005','visa card ending - 47408','O000003','4111 1111 1111 - 47409','BA000005','1'),
('PG000006','visa card ending - 47410','O000004','4111 1111 1111 - 47411','BA000004','1'),
('PG000007','visa card ending - 47412','O000005','4111 1111 1111 - 47413','BA000003','1'),
('PG000008','visa card ending - 47414','O000003','4111 1111 1111 - 47415','BA000005','1'),
('PG000009','visa card ending - 47416','O000002','4111 1111 1111 - 47417','BA000005','1'),
('PG000010','visa card ending - 47418','O000005','4111 1111 1111 - 47419','BA000004','1'),
('PG000011','visa card ending - 47420','O000001','4111 1111 1111 - 47421','BA000002','1'),
('PG000012','visa card ending - 47422','O000002','4111 1111 1111 - 47423','BA000005','1'),
('PG000013','visa card ending - 47424','O000001','4111 1111 1111 - 47425','BA000001','1'),
('PG000014','visa card ending - 47426','O000002','4111 1111 1111 - 47427','BA000002','1'),
('PG000015','visa card ending - 47428','O000005','4111 1111 1111 - 47429','BA000003','1'),
('PG000016','visa card ending - 47430','O000003','4111 1111 1111 - 47431','BA000004','1'),
('PG000017','visa card ending - 47432','O000003','4111 1111 1111 - 47433','BA000003','1'),
('PG000018','visa card ending - 47434','O000004','4111 1111 1111 - 47435','BA000001','1'),
('PG000019','visa card ending - 47436','O000004','4111 1111 1111 - 47437','BA000001','1'),
('PG000020','visa card ending - 47438','O000005','4111 1111 1111 - 47439','BA000001','1'),
('PG000021','visa card ending - 47440','O000001','4111 1111 1111 - 47441','BA000004','1'),
('PG000022','visa card ending - 47442','O000004','4111 1111 1111 - 47443','BA000003','1'),
('PG000023','visa card ending - 47444','O000001','4111 1111 1111 - 47445','BA000003','1'),
('PG000024','visa card ending - 47446','O000001','4111 1111 1111 - 47447','BA000002','1'),
('PG000025','visa card ending - 47448','O000002','4111 1111 1111 - 47449','BA000002','1'),
('PG000026','visa card ending - 47450','O000001','4111 1111 1111 - 47451','BA000005','1'),
('PG000027','visa card ending - 47452','O000003','4111 1111 1111 - 47453','BA000005','1'),
('PG000028','visa card ending - 47454','O000003','4111 1111 1111 - 47455','BA000003','1'),
('PG000029','visa card ending - 47456','O000002','4111 1111 1111 - 47457','BA000003','1'),
('PG000030','visa card ending - 47458','O000002','4111 1111 1111 - 47459','BA000003','1'),
('PG000031','visa card ending - 47460','O000005','4111 1111 1111 - 47461','BA000003','1'),
('PG000032','visa card ending - 47462','O000002','4111 1111 1111 - 47463','BA000002','1'),
('PG000033','visa card ending - 47464','O000003','4111 1111 1111 - 47465','BA000004','1'),
('PG000034','visa card ending - 47466','O000003','4111 1111 1111 - 47467','BA000005','1'),
('PG000035','visa card ending - 47468','O000001','4111 1111 1111 - 47469','BA000003','1'),
('PG000036','visa card ending - 47470','O000005','4111 1111 1111 - 47471','BA000004','1'),
('PG000037','visa card ending - 47472','O000004','4111 1111 1111 - 47473','BA000005','1'),
('PG000038','visa card ending - 47474','O000001','4111 1111 1111 - 47475','BA000004','1'),
('PG000039','visa card ending - 47476','O000004','4111 1111 1111 - 47477','BA000004','1'),
('PG000040','visa card ending - 47478','O000002','4111 1111 1111 - 47479','BA000005','1'),
('PG000041','visa card ending - 47480','O000002','4111 1111 1111 - 47481','BA000005','1'),
('PG000042','visa card ending - 47482','O000003','4111 1111 1111 - 47483','BA000004','1'),
('PG000043','visa card ending - 47484','O000004','4111 1111 1111 - 47485','BA000005','1'),
('PG000044','visa card ending - 47486','O000005','4111 1111 1111 - 47487','BA000005','1'),
('PG000045','visa card ending - 47488','O000002','4111 1111 1111 - 47489','BA000005','1'),
('PG000046','visa card ending - 47490','O000004','4111 1111 1111 - 47491','BA000003','1'),
('PG000047','visa card ending - 47492','O000002','4111 1111 1111 - 47493','BA000002','1'),
('PG000048','visa card ending - 47494','O000005','4111 1111 1111 - 47495','BA000003','1'),
('PG000049','visa card ending - 47496','O000005','4111 1111 1111 - 47497','BA000005','1'),
('PG000050','visa card ending - 47498','O000004','4111 1111 1111 - 47499','BA000004','1'),
('PG000051','visa card ending - 47500','O000004','4111 1111 1111 - 47501','BA000002','1'),
('PG000052','visa card ending - 47502','O000003','4111 1111 1111 - 47503','BA000003','1'),
('PG000053','visa card ending - 47504','O000004','4111 1111 1111 - 47505','BA000004','1'),
('PG000054','visa card ending - 47506','O000004','4111 1111 1111 - 47507','BA000002','1'),
('PG000055','visa card ending - 47508','O000003','4111 1111 1111 - 47509','BA000004','1'),
('PG000056','visa card ending - 47510','O000005','4111 1111 1111 - 47511','BA000005','1'),
('PG000057','visa card ending - 47512','O000005','4111 1111 1111 - 47513','BA000001','1'),
('PG000058','visa card ending - 47514','O000003','4111 1111 1111 - 47515','BA000003','1'),
('PG000059','visa card ending - 47516','O000002','4111 1111 1111 - 47517','BA000005','1'),
('PG000060','visa card ending - 47518','O000002','4111 1111 1111 - 47519','BA000004','1'),
('PG000061','visa card ending - 47520','O000002','4111 1111 1111 - 47521','BA000002','1'),
('PG000062','visa card ending - 47522','O000005','4111 1111 1111 - 47523','BA000002','1'),
('PG000063','visa card ending - 47524','O000001','4111 1111 1111 - 47525','BA000001','1'),
('PG000064','visa card ending - 47526','O000001','4111 1111 1111 - 47527','BA000004','1'),
('PG000065','visa card ending - 47528','O000003','4111 1111 1111 - 47529','BA000001','1'),
('PG000066','visa card ending - 47530','O000004','4111 1111 1111 - 47531','BA000001','1'),
('PG000067','visa card ending - 47532','O000002','4111 1111 1111 - 47533','BA000001','1'),
('PG000068','visa card ending - 47534','O000002','4111 1111 1111 - 47535','BA000005','1'),
('PG000069','visa card ending - 47536','O000004','4111 1111 1111 - 47537','BA000005','1'),
('PG000070','visa card ending - 47538','O000001','4111 1111 1111 - 47539','BA000004','1'),
('PG000071','visa card ending - 47540','O000002','4111 1111 1111 - 47541','BA000001','1'),
('PG000072','visa card ending - 47542','O000005','4111 1111 1111 - 47543','BA000002','1'),
('PG000073','visa card ending - 47544','O000004','4111 1111 1111 - 47545','BA000003','1'),
('PG000074','visa card ending - 47546','O000003','4111 1111 1111 - 47547','BA000002','1'),
('PG000075','visa card ending - 47548','O000004','4111 1111 1111 - 47549','BA000003','1'),
('PG000076','visa card ending - 47550','O000002','4111 1111 1111 - 47551','BA000003','1'),
('PG000077','visa card ending - 47552','O000002','4111 1111 1111 - 47553','BA000001','1'),
('PG000078','visa card ending - 47554','O000001','4111 1111 1111 - 47555','BA000004','1'),
('PG000079','visa card ending - 47556','O000003','4111 1111 1111 - 47557','BA000005','1'),
('PG000080','visa card ending - 47558','O000002','4111 1111 1111 - 47559','BA000003','1'),
('PG000081','visa card ending - 47560','O000005','4111 1111 1111 - 47561','BA000002','1'),
('PG000082','visa card ending - 47562','O000003','4111 1111 1111 - 47563','BA000004','1'),
('PG000083','visa card ending - 47564','O000005','4111 1111 1111 - 47565','BA000003','1'),
('PG000084','visa card ending - 47566','O000003','4111 1111 1111 - 47567','BA000004','1'),
('PG000085','visa card ending - 47568','O000003','4111 1111 1111 - 47569','BA000003','1'),
('PG000086','visa card ending - 47570','O000002','4111 1111 1111 - 47571','BA000002','1'),
('PG000087','visa card ending - 47572','O000005','4111 1111 1111 - 47573','BA000003','1'),
('PG000088','visa card ending - 47574','O000003','4111 1111 1111 - 47575','BA000003','1'),
('PG000089','visa card ending - 47576','O000005','4111 1111 1111 - 47577','BA000005','1'),
('PG000090','visa card ending - 47578','O000002','4111 1111 1111 - 47579','BA000005','1'),
('PG000091','visa card ending - 47580','O000002','4111 1111 1111 - 47581','BA000005','1'),
('PG000092','visa card ending - 47582','O000004','4111 1111 1111 - 47583','BA000002','1'),
('PG000093','visa card ending - 47584','O000002','4111 1111 1111 - 47585','BA000001','1'),
('PG000094','visa card ending - 47586','O000004','4111 1111 1111 - 47587','BA000001','1'),
('PG000095','visa card ending - 47588','O000003','4111 1111 1111 - 47589','BA000001','1'),
('PG000096','visa card ending - 47590','O000004','4111 1111 1111 - 47591','BA000003','1'),
('PG000097','visa card ending - 47592','O000004','4111 1111 1111 - 47593','BA000002','1'),
('PG000098','visa card ending - 47594','O000003','4111 1111 1111 - 47595','BA000002','1'),
('PG000099','visa card ending - 47596','O000001','4111 1111 1111 - 47597','BA000003','1'),
('PG000100','visa card ending - 47598','O000003','4111 1111 1111 - 47599','BA000005','1');
drop table  if exists cust_svc_rep_data;
create table cust_svc_rep_data (
	id	  	varchar(40) not null,
	email	  	varchar(48),
	role	  	varchar(64),
	company	  	varchar(64),
	version	  	int,
	primary key(id)
) ENGINE=InnoDB DEFAULT CHARSET=utf8;
insert into cust_svc_rep_data values
('CSR000001','philip_chang@174.com47600','R000005','SC000004','1'),
('CSR000002','philip_chang@174.com47601','R000002','SC000004','1'),
('CSR000003','philip_chang@174.com47602','R000003','SC000002','1'),
('CSR000004','philip_chang@174.com47603','R000005','SC000003','1'),
('CSR000005','philip_chang@174.com47604','R000004','SC000003','1'),
('CSR000006','philip_chang@174.com47605','R000005','SC000004','1'),
('CSR000007','philip_chang@174.com47606','R000002','SC000002','1'),
('CSR000008','philip_chang@174.com47607','R000003','SC000001','1'),
('CSR000009','philip_chang@174.com47608','R000005','SC000005','1'),
('CSR000010','philip_chang@174.com47609','R000003','SC000005','1'),
('CSR000011','philip_chang@174.com47610','R000005','SC000002','1'),
('CSR000012','philip_chang@174.com47611','R000005','SC000001','1'),
('CSR000013','philip_chang@174.com47612','R000001','SC000001','1'),
('CSR000014','philip_chang@174.com47613','R000001','SC000005','1'),
('CSR000015','philip_chang@174.com47614','R000001','SC000001','1'),
('CSR000016','philip_chang@174.com47615','R000005','SC000001','1'),
('CSR000017','philip_chang@174.com47616','R000004','SC000003','1'),
('CSR000018','philip_chang@174.com47617','R000002','SC000002','1'),
('CSR000019','philip_chang@174.com47618','R000005','SC000002','1'),
('CSR000020','philip_chang@174.com47619','R000002','SC000002','1'),
('CSR000021','philip_chang@174.com47620','R000004','SC000005','1'),
('CSR000022','philip_chang@174.com47621','R000004','SC000002','1'),
('CSR000023','philip_chang@174.com47622','R000005','SC000004','1'),
('CSR000024','philip_chang@174.com47623','R000003','SC000005','1'),
('CSR000025','philip_chang@174.com47624','R000005','SC000005','1'),
('CSR000026','philip_chang@174.com47625','R000002','SC000005','1'),
('CSR000027','philip_chang@174.com47626','R000004','SC000001','1'),
('CSR000028','philip_chang@174.com47627','R000002','SC000002','1'),
('CSR000029','philip_chang@174.com47628','R000001','SC000001','1'),
('CSR000030','philip_chang@174.com47629','R000005','SC000001','1'),
('CSR000031','philip_chang@174.com47630','R000002','SC000002','1'),
('CSR000032','philip_chang@174.com47631','R000003','SC000001','1'),
('CSR000033','philip_chang@174.com47632','R000004','SC000003','1'),
('CSR000034','philip_chang@174.com47633','R000004','SC000003','1'),
('CSR000035','philip_chang@174.com47634','R000001','SC000004','1'),
('CSR000036','philip_chang@174.com47635','R000002','SC000003','1'),
('CSR000037','philip_chang@174.com47636','R000005','SC000001','1'),
('CSR000038','philip_chang@174.com47637','R000004','SC000003','1'),
('CSR000039','philip_chang@174.com47638','R000005','SC000003','1'),
('CSR000040','philip_chang@174.com47639','R000001','SC000004','1'),
('CSR000041','philip_chang@174.com47640','R000001','SC000003','1'),
('CSR000042','philip_chang@174.com47641','R000003','SC000002','1'),
('CSR000043','philip_chang@174.com47642','R000003','SC000003','1'),
('CSR000044','philip_chang@174.com47643','R000004','SC000003','1'),
('CSR000045','philip_chang@174.com47644','R000003','SC000001','1'),
('CSR000046','philip_chang@174.com47645','R000001','SC000004','1'),
('CSR000047','philip_chang@174.com47646','R000005','SC000004','1'),
('CSR000048','philip_chang@174.com47647','R000002','SC000003','1'),
('CSR000049','philip_chang@174.com47648','R000002','SC000005','1'),
('CSR000050','philip_chang@174.com47649','R000002','SC000002','1'),
('CSR000051','philip_chang@174.com47650','R000003','SC000004','1'),
('CSR000052','philip_chang@174.com47651','R000005','SC000004','1'),
('CSR000053','philip_chang@174.com47652','R000001','SC000004','1'),
('CSR000054','philip_chang@174.com47653','R000001','SC000004','1'),
('CSR000055','philip_chang@174.com47654','R000004','SC000003','1'),
('CSR000056','philip_chang@174.com47655','R000002','SC000005','1'),
('CSR000057','philip_chang@174.com47656','R000005','SC000003','1'),
('CSR000058','philip_chang@174.com47657','R000001','SC000001','1'),
('CSR000059','philip_chang@174.com47658','R000004','SC000002','1'),
('CSR000060','philip_chang@174.com47659','R000004','SC000003','1'),
('CSR000061','philip_chang@174.com47660','R000001','SC000001','1'),
('CSR000062','philip_chang@174.com47661','R000003','SC000001','1'),
('CSR000063','philip_chang@174.com47662','R000005','SC000001','1'),
('CSR000064','philip_chang@174.com47663','R000002','SC000005','1'),
('CSR000065','philip_chang@174.com47664','R000004','SC000001','1'),
('CSR000066','philip_chang@174.com47665','R000002','SC000005','1'),
('CSR000067','philip_chang@174.com47666','R000004','SC000002','1'),
('CSR000068','philip_chang@174.com47667','R000002','SC000002','1'),
('CSR000069','philip_chang@174.com47668','R000004','SC000003','1'),
('CSR000070','philip_chang@174.com47669','R000003','SC000001','1'),
('CSR000071','philip_chang@174.com47670','R000003','SC000004','1'),
('CSR000072','philip_chang@174.com47671','R000001','SC000003','1'),
('CSR000073','philip_chang@174.com47672','R000004','SC000004','1'),
('CSR000074','philip_chang@174.com47673','R000003','SC000001','1'),
('CSR000075','philip_chang@174.com47674','R000004','SC000001','1'),
('CSR000076','philip_chang@174.com47675','R000005','SC000004','1'),
('CSR000077','philip_chang@174.com47676','R000001','SC000001','1'),
('CSR000078','philip_chang@174.com47677','R000004','SC000001','1'),
('CSR000079','philip_chang@174.com47678','R000002','SC000005','1'),
('CSR000080','philip_chang@174.com47679','R000005','SC000004','1'),
('CSR000081','philip_chang@174.com47680','R000002','SC000005','1'),
('CSR000082','philip_chang@174.com47681','R000002','SC000003','1'),
('CSR000083','philip_chang@174.com47682','R000003','SC000001','1'),
('CSR000084','philip_chang@174.com47683','R000005','SC000002','1'),
('CSR000085','philip_chang@174.com47684','R000002','SC000002','1'),
('CSR000086','philip_chang@174.com47685','R000003','SC000005','1'),
('CSR000087','philip_chang@174.com47686','R000003','SC000002','1'),
('CSR000088','philip_chang@174.com47687','R000002','SC000004','1'),
('CSR000089','philip_chang@174.com47688','R000004','SC000005','1'),
('CSR000090','philip_chang@174.com47689','R000003','SC000001','1'),
('CSR000091','philip_chang@174.com47690','R000005','SC000003','1'),
('CSR000092','philip_chang@174.com47691','R000003','SC000004','1'),
('CSR000093','philip_chang@174.com47692','R000005','SC000002','1'),
('CSR000094','philip_chang@174.com47693','R000002','SC000001','1'),
('CSR000095','philip_chang@174.com47694','R000004','SC000003','1'),
('CSR000096','philip_chang@174.com47695','R000002','SC000003','1'),
('CSR000097','philip_chang@174.com47696','R000002','SC000003','1'),
('CSR000098','philip_chang@174.com47697','R000005','SC000005','1'),
('CSR000099','philip_chang@174.com47698','R000002','SC000001','1'),
('CSR000100','philip_chang@174.com47699','R000003','SC000003','1');



create unique index idx_buyer_company_version on buyer_company_data(id, version);

create unique index idx_seller_company_version on seller_company_data(id, version);

create unique index idx_shipping_address_version on shipping_address_data(id, version);

create unique index idx_billing_address_version on billing_address_data(id, version);

create index idx_billing_address_company on billing_address_data(company);
alter table billing_address_data add constraint fk_billing_address_company 
	foreign key(company) references buyer_company_data(id) on delete cascade on update cascade;
create unique index idx_employee_version on employee_data(id, version);

create index idx_employee_company on employee_data(company);
alter table employee_data add constraint fk_employee_company 
	foreign key(company) references buyer_company_data(id) on delete cascade on update cascade;
create unique index idx_role_version on role_data(id, version);

create unique index idx_assignment_version on assignment_data(id, version);

create index idx_assignment_user on assignment_data(user);
alter table assignment_data add constraint fk_assignment_user 
	foreign key(user) references employee_data(id) on delete cascade on update cascade;
create index idx_assignment_access on assignment_data(access);
alter table assignment_data add constraint fk_assignment_access 
	foreign key(access) references access_data(id) on delete cascade on update cascade;
create unique index idx_access_version on access_data(id, version);

create index idx_access_role on access_data(role);
alter table access_data add constraint fk_access_role 
	foreign key(role) references role_data(id) on delete cascade on update cascade;
create unique index idx_order_version on order_data(id, version);

create index idx_order_buyer on order_data(buyer);
alter table order_data add constraint fk_order_buyer 
	foreign key(buyer) references buyer_company_data(id) on delete cascade on update cascade;
create index idx_order_seller on order_data(seller);
alter table order_data add constraint fk_order_seller 
	foreign key(seller) references seller_company_data(id) on delete cascade on update cascade;
create unique index idx_line_item_version on line_item_data(id, version);

create index idx_line_item_biz_order on line_item_data(biz_order);
alter table line_item_data add constraint fk_line_item_biz_order 
	foreign key(biz_order) references order_data(id) on delete cascade on update cascade;
create unique index idx_shipping_group_version on shipping_group_data(id, version);

create index idx_shipping_group_biz_order on shipping_group_data(biz_order);
alter table shipping_group_data add constraint fk_shipping_group_biz_order 
	foreign key(biz_order) references order_data(id) on delete cascade on update cascade;
create index idx_shipping_group_address on shipping_group_data(address);
alter table shipping_group_data add constraint fk_shipping_group_address 
	foreign key(address) references shipping_address_data(id) on delete cascade on update cascade;
create unique index idx_payment_group_version on payment_group_data(id, version);

create index idx_payment_group_biz_order on payment_group_data(biz_order);
alter table payment_group_data add constraint fk_payment_group_biz_order 
	foreign key(biz_order) references order_data(id) on delete cascade on update cascade;
create index idx_payment_group_billing_address on payment_group_data(billing_address);
alter table payment_group_data add constraint fk_payment_group_billing_address 
	foreign key(billing_address) references billing_address_data(id) on delete cascade on update cascade;
create unique index idx_cust_svc_rep_version on cust_svc_rep_data(id, version);

create index idx_cust_svc_rep_role on cust_svc_rep_data(role);
alter table cust_svc_rep_data add constraint fk_cust_svc_rep_role 
	foreign key(role) references role_data(id) on delete cascade on update cascade;
create index idx_cust_svc_rep_company on cust_svc_rep_data(company);
alter table cust_svc_rep_data add constraint fk_cust_svc_rep_company 
	foreign key(company) references seller_company_data(id) on delete cascade on update cascade;




#---------------------------end database---------------------------------





