drop database  if exists b2b;
create database b2b;
use b2b;

drop table  if exists buyer_company_data;
create table buyer_company_data (
	id	  	varchar(48) not null,
	name	  	varchar(24),
	price_list	  	varchar(24),
	version	  	int,
	primary key(id)
) ENGINE=InnoDB DEFAULT CHARSET=utf8;
insert into buyer_company_data values
('BC000001','Aaxis - 34500','price990034501','1'),
('BC000002','Aaxis - 34502','price990034503','1'),
('BC000003','Aaxis - 34504','price990034505','1'),
('BC000004','Aaxis - 34506','price990034507','1'),
('BC000005','Aaxis - 34508','price990034509','1'),
('BC000006','Aaxis - 34510','price990034511','1'),
('BC000007','Aaxis - 34512','price990034513','1'),
('BC000008','Aaxis - 34514','price990034515','1'),
('BC000009','Aaxis - 34516','price990034517','1'),
('BC000010','Aaxis - 34518','price990034519','1'),
('BC000011','Aaxis - 34520','price990034521','1'),
('BC000012','Aaxis - 34522','price990034523','1'),
('BC000013','Aaxis - 34524','price990034525','1'),
('BC000014','Aaxis - 34526','price990034527','1'),
('BC000015','Aaxis - 34528','price990034529','1'),
('BC000016','Aaxis - 34530','price990034531','1'),
('BC000017','Aaxis - 34532','price990034533','1'),
('BC000018','Aaxis - 34534','price990034535','1'),
('BC000019','Aaxis - 34536','price990034537','1'),
('BC000020','Aaxis - 34538','price990034539','1'),
('BC000021','Aaxis - 34540','price990034541','1'),
('BC000022','Aaxis - 34542','price990034543','1'),
('BC000023','Aaxis - 34544','price990034545','1'),
('BC000024','Aaxis - 34546','price990034547','1'),
('BC000025','Aaxis - 34548','price990034549','1'),
('BC000026','Aaxis - 34550','price990034551','1'),
('BC000027','Aaxis - 34552','price990034553','1'),
('BC000028','Aaxis - 34554','price990034555','1'),
('BC000029','Aaxis - 34556','price990034557','1'),
('BC000030','Aaxis - 34558','price990034559','1'),
('BC000031','Aaxis - 34560','price990034561','1'),
('BC000032','Aaxis - 34562','price990034563','1'),
('BC000033','Aaxis - 34564','price990034565','1'),
('BC000034','Aaxis - 34566','price990034567','1'),
('BC000035','Aaxis - 34568','price990034569','1'),
('BC000036','Aaxis - 34570','price990034571','1'),
('BC000037','Aaxis - 34572','price990034573','1'),
('BC000038','Aaxis - 34574','price990034575','1'),
('BC000039','Aaxis - 34576','price990034577','1'),
('BC000040','Aaxis - 34578','price990034579','1'),
('BC000041','Aaxis - 34580','price990034581','1'),
('BC000042','Aaxis - 34582','price990034583','1'),
('BC000043','Aaxis - 34584','price990034585','1'),
('BC000044','Aaxis - 34586','price990034587','1'),
('BC000045','Aaxis - 34588','price990034589','1'),
('BC000046','Aaxis - 34590','price990034591','1'),
('BC000047','Aaxis - 34592','price990034593','1'),
('BC000048','Aaxis - 34594','price990034595','1'),
('BC000049','Aaxis - 34596','price990034597','1'),
('BC000050','Aaxis - 34598','price990034599','1'),
('BC000051','Aaxis - 34600','price990034601','1'),
('BC000052','Aaxis - 34602','price990034603','1'),
('BC000053','Aaxis - 34604','price990034605','1'),
('BC000054','Aaxis - 34606','price990034607','1'),
('BC000055','Aaxis - 34608','price990034609','1'),
('BC000056','Aaxis - 34610','price990034611','1'),
('BC000057','Aaxis - 34612','price990034613','1'),
('BC000058','Aaxis - 34614','price990034615','1'),
('BC000059','Aaxis - 34616','price990034617','1'),
('BC000060','Aaxis - 34618','price990034619','1'),
('BC000061','Aaxis - 34620','price990034621','1'),
('BC000062','Aaxis - 34622','price990034623','1'),
('BC000063','Aaxis - 34624','price990034625','1'),
('BC000064','Aaxis - 34626','price990034627','1'),
('BC000065','Aaxis - 34628','price990034629','1'),
('BC000066','Aaxis - 34630','price990034631','1'),
('BC000067','Aaxis - 34632','price990034633','1'),
('BC000068','Aaxis - 34634','price990034635','1'),
('BC000069','Aaxis - 34636','price990034637','1'),
('BC000070','Aaxis - 34638','price990034639','1'),
('BC000071','Aaxis - 34640','price990034641','1'),
('BC000072','Aaxis - 34642','price990034643','1'),
('BC000073','Aaxis - 34644','price990034645','1'),
('BC000074','Aaxis - 34646','price990034647','1'),
('BC000075','Aaxis - 34648','price990034649','1'),
('BC000076','Aaxis - 34650','price990034651','1'),
('BC000077','Aaxis - 34652','price990034653','1'),
('BC000078','Aaxis - 34654','price990034655','1'),
('BC000079','Aaxis - 34656','price990034657','1'),
('BC000080','Aaxis - 34658','price990034659','1'),
('BC000081','Aaxis - 34660','price990034661','1'),
('BC000082','Aaxis - 34662','price990034663','1'),
('BC000083','Aaxis - 34664','price990034665','1'),
('BC000084','Aaxis - 34666','price990034667','1'),
('BC000085','Aaxis - 34668','price990034669','1'),
('BC000086','Aaxis - 34670','price990034671','1'),
('BC000087','Aaxis - 34672','price990034673','1'),
('BC000088','Aaxis - 34674','price990034675','1'),
('BC000089','Aaxis - 34676','price990034677','1'),
('BC000090','Aaxis - 34678','price990034679','1'),
('BC000091','Aaxis - 34680','price990034681','1'),
('BC000092','Aaxis - 34682','price990034683','1'),
('BC000093','Aaxis - 34684','price990034685','1'),
('BC000094','Aaxis - 34686','price990034687','1'),
('BC000095','Aaxis - 34688','price990034689','1'),
('BC000096','Aaxis - 34690','price990034691','1'),
('BC000097','Aaxis - 34692','price990034693','1'),
('BC000098','Aaxis - 34694','price990034695','1'),
('BC000099','Aaxis - 34696','price990034697','1'),
('BC000100','Aaxis - 34698','price990034699','1');
drop table  if exists seller_company_data;
create table seller_company_data (
	id	  	varchar(48) not null,
	name	  	varchar(24),
	version	  	int,
	primary key(id)
) ENGINE=InnoDB DEFAULT CHARSET=utf8;
insert into seller_company_data values
('SC000001','Snake Co. 34700','1'),
('SC000002','Snake Co. 34701','1'),
('SC000003','Snake Co. 34702','1'),
('SC000004','Snake Co. 34703','1'),
('SC000005','Snake Co. 34704','1'),
('SC000006','Snake Co. 34705','1'),
('SC000007','Snake Co. 34706','1'),
('SC000008','Snake Co. 34707','1'),
('SC000009','Snake Co. 34708','1'),
('SC000010','Snake Co. 34709','1'),
('SC000011','Snake Co. 34710','1'),
('SC000012','Snake Co. 34711','1'),
('SC000013','Snake Co. 34712','1'),
('SC000014','Snake Co. 34713','1'),
('SC000015','Snake Co. 34714','1'),
('SC000016','Snake Co. 34715','1'),
('SC000017','Snake Co. 34716','1'),
('SC000018','Snake Co. 34717','1'),
('SC000019','Snake Co. 34718','1'),
('SC000020','Snake Co. 34719','1'),
('SC000021','Snake Co. 34720','1'),
('SC000022','Snake Co. 34721','1'),
('SC000023','Snake Co. 34722','1'),
('SC000024','Snake Co. 34723','1'),
('SC000025','Snake Co. 34724','1'),
('SC000026','Snake Co. 34725','1'),
('SC000027','Snake Co. 34726','1'),
('SC000028','Snake Co. 34727','1'),
('SC000029','Snake Co. 34728','1'),
('SC000030','Snake Co. 34729','1'),
('SC000031','Snake Co. 34730','1'),
('SC000032','Snake Co. 34731','1'),
('SC000033','Snake Co. 34732','1'),
('SC000034','Snake Co. 34733','1'),
('SC000035','Snake Co. 34734','1'),
('SC000036','Snake Co. 34735','1'),
('SC000037','Snake Co. 34736','1'),
('SC000038','Snake Co. 34737','1'),
('SC000039','Snake Co. 34738','1'),
('SC000040','Snake Co. 34739','1'),
('SC000041','Snake Co. 34740','1'),
('SC000042','Snake Co. 34741','1'),
('SC000043','Snake Co. 34742','1'),
('SC000044','Snake Co. 34743','1'),
('SC000045','Snake Co. 34744','1'),
('SC000046','Snake Co. 34745','1'),
('SC000047','Snake Co. 34746','1'),
('SC000048','Snake Co. 34747','1'),
('SC000049','Snake Co. 34748','1'),
('SC000050','Snake Co. 34749','1'),
('SC000051','Snake Co. 34750','1'),
('SC000052','Snake Co. 34751','1'),
('SC000053','Snake Co. 34752','1'),
('SC000054','Snake Co. 34753','1'),
('SC000055','Snake Co. 34754','1'),
('SC000056','Snake Co. 34755','1'),
('SC000057','Snake Co. 34756','1'),
('SC000058','Snake Co. 34757','1'),
('SC000059','Snake Co. 34758','1'),
('SC000060','Snake Co. 34759','1'),
('SC000061','Snake Co. 34760','1'),
('SC000062','Snake Co. 34761','1'),
('SC000063','Snake Co. 34762','1'),
('SC000064','Snake Co. 34763','1'),
('SC000065','Snake Co. 34764','1'),
('SC000066','Snake Co. 34765','1'),
('SC000067','Snake Co. 34766','1'),
('SC000068','Snake Co. 34767','1'),
('SC000069','Snake Co. 34768','1'),
('SC000070','Snake Co. 34769','1'),
('SC000071','Snake Co. 34770','1'),
('SC000072','Snake Co. 34771','1'),
('SC000073','Snake Co. 34772','1'),
('SC000074','Snake Co. 34773','1'),
('SC000075','Snake Co. 34774','1'),
('SC000076','Snake Co. 34775','1'),
('SC000077','Snake Co. 34776','1'),
('SC000078','Snake Co. 34777','1'),
('SC000079','Snake Co. 34778','1'),
('SC000080','Snake Co. 34779','1'),
('SC000081','Snake Co. 34780','1'),
('SC000082','Snake Co. 34781','1'),
('SC000083','Snake Co. 34782','1'),
('SC000084','Snake Co. 34783','1'),
('SC000085','Snake Co. 34784','1'),
('SC000086','Snake Co. 34785','1'),
('SC000087','Snake Co. 34786','1'),
('SC000088','Snake Co. 34787','1'),
('SC000089','Snake Co. 34788','1'),
('SC000090','Snake Co. 34789','1'),
('SC000091','Snake Co. 34790','1'),
('SC000092','Snake Co. 34791','1'),
('SC000093','Snake Co. 34792','1'),
('SC000094','Snake Co. 34793','1'),
('SC000095','Snake Co. 34794','1'),
('SC000096','Snake Co. 34795','1'),
('SC000097','Snake Co. 34796','1'),
('SC000098','Snake Co. 34797','1'),
('SC000099','Snake Co. 34798','1'),
('SC000100','Snake Co. 34799','1');
drop table  if exists shipping_address_data;
create table shipping_address_data (
	id	  	varchar(48) not null,
	line1	  	varchar(56),
	line2	  	varchar(32),
	city	  	varchar(32),
	state	  	varchar(8),
	country	  	varchar(8),
	version	  	int,
	primary key(id)
) ENGINE=InnoDB DEFAULT CHARSET=utf8;
insert into shipping_address_data values
('SA000001','1900 AVE OF THE STARTS - 34800','Suite 555 - 34801','Century City - 34802','CA34803','US34804','1'),
('SA000002','1900 AVE OF THE STARTS - 34805','Suite 555 - 34806','Century City - 34807','CA34808','US34809','1'),
('SA000003','1900 AVE OF THE STARTS - 34810','Suite 555 - 34811','Century City - 34812','CA34813','US34814','1'),
('SA000004','1900 AVE OF THE STARTS - 34815','Suite 555 - 34816','Century City - 34817','CA34818','US34819','1'),
('SA000005','1900 AVE OF THE STARTS - 34820','Suite 555 - 34821','Century City - 34822','CA34823','US34824','1'),
('SA000006','1900 AVE OF THE STARTS - 34825','Suite 555 - 34826','Century City - 34827','CA34828','US34829','1'),
('SA000007','1900 AVE OF THE STARTS - 34830','Suite 555 - 34831','Century City - 34832','CA34833','US34834','1'),
('SA000008','1900 AVE OF THE STARTS - 34835','Suite 555 - 34836','Century City - 34837','CA34838','US34839','1'),
('SA000009','1900 AVE OF THE STARTS - 34840','Suite 555 - 34841','Century City - 34842','CA34843','US34844','1'),
('SA000010','1900 AVE OF THE STARTS - 34845','Suite 555 - 34846','Century City - 34847','CA34848','US34849','1'),
('SA000011','1900 AVE OF THE STARTS - 34850','Suite 555 - 34851','Century City - 34852','CA34853','US34854','1'),
('SA000012','1900 AVE OF THE STARTS - 34855','Suite 555 - 34856','Century City - 34857','CA34858','US34859','1'),
('SA000013','1900 AVE OF THE STARTS - 34860','Suite 555 - 34861','Century City - 34862','CA34863','US34864','1'),
('SA000014','1900 AVE OF THE STARTS - 34865','Suite 555 - 34866','Century City - 34867','CA34868','US34869','1'),
('SA000015','1900 AVE OF THE STARTS - 34870','Suite 555 - 34871','Century City - 34872','CA34873','US34874','1'),
('SA000016','1900 AVE OF THE STARTS - 34875','Suite 555 - 34876','Century City - 34877','CA34878','US34879','1'),
('SA000017','1900 AVE OF THE STARTS - 34880','Suite 555 - 34881','Century City - 34882','CA34883','US34884','1'),
('SA000018','1900 AVE OF THE STARTS - 34885','Suite 555 - 34886','Century City - 34887','CA34888','US34889','1'),
('SA000019','1900 AVE OF THE STARTS - 34890','Suite 555 - 34891','Century City - 34892','CA34893','US34894','1'),
('SA000020','1900 AVE OF THE STARTS - 34895','Suite 555 - 34896','Century City - 34897','CA34898','US34899','1'),
('SA000021','1900 AVE OF THE STARTS - 34900','Suite 555 - 34901','Century City - 34902','CA34903','US34904','1'),
('SA000022','1900 AVE OF THE STARTS - 34905','Suite 555 - 34906','Century City - 34907','CA34908','US34909','1'),
('SA000023','1900 AVE OF THE STARTS - 34910','Suite 555 - 34911','Century City - 34912','CA34913','US34914','1'),
('SA000024','1900 AVE OF THE STARTS - 34915','Suite 555 - 34916','Century City - 34917','CA34918','US34919','1'),
('SA000025','1900 AVE OF THE STARTS - 34920','Suite 555 - 34921','Century City - 34922','CA34923','US34924','1'),
('SA000026','1900 AVE OF THE STARTS - 34925','Suite 555 - 34926','Century City - 34927','CA34928','US34929','1'),
('SA000027','1900 AVE OF THE STARTS - 34930','Suite 555 - 34931','Century City - 34932','CA34933','US34934','1'),
('SA000028','1900 AVE OF THE STARTS - 34935','Suite 555 - 34936','Century City - 34937','CA34938','US34939','1'),
('SA000029','1900 AVE OF THE STARTS - 34940','Suite 555 - 34941','Century City - 34942','CA34943','US34944','1'),
('SA000030','1900 AVE OF THE STARTS - 34945','Suite 555 - 34946','Century City - 34947','CA34948','US34949','1'),
('SA000031','1900 AVE OF THE STARTS - 34950','Suite 555 - 34951','Century City - 34952','CA34953','US34954','1'),
('SA000032','1900 AVE OF THE STARTS - 34955','Suite 555 - 34956','Century City - 34957','CA34958','US34959','1'),
('SA000033','1900 AVE OF THE STARTS - 34960','Suite 555 - 34961','Century City - 34962','CA34963','US34964','1'),
('SA000034','1900 AVE OF THE STARTS - 34965','Suite 555 - 34966','Century City - 34967','CA34968','US34969','1'),
('SA000035','1900 AVE OF THE STARTS - 34970','Suite 555 - 34971','Century City - 34972','CA34973','US34974','1'),
('SA000036','1900 AVE OF THE STARTS - 34975','Suite 555 - 34976','Century City - 34977','CA34978','US34979','1'),
('SA000037','1900 AVE OF THE STARTS - 34980','Suite 555 - 34981','Century City - 34982','CA34983','US34984','1'),
('SA000038','1900 AVE OF THE STARTS - 34985','Suite 555 - 34986','Century City - 34987','CA34988','US34989','1'),
('SA000039','1900 AVE OF THE STARTS - 34990','Suite 555 - 34991','Century City - 34992','CA34993','US34994','1'),
('SA000040','1900 AVE OF THE STARTS - 34995','Suite 555 - 34996','Century City - 34997','CA34998','US34999','1'),
('SA000041','1900 AVE OF THE STARTS - 35000','Suite 555 - 35001','Century City - 35002','CA35003','US35004','1'),
('SA000042','1900 AVE OF THE STARTS - 35005','Suite 555 - 35006','Century City - 35007','CA35008','US35009','1'),
('SA000043','1900 AVE OF THE STARTS - 35010','Suite 555 - 35011','Century City - 35012','CA35013','US35014','1'),
('SA000044','1900 AVE OF THE STARTS - 35015','Suite 555 - 35016','Century City - 35017','CA35018','US35019','1'),
('SA000045','1900 AVE OF THE STARTS - 35020','Suite 555 - 35021','Century City - 35022','CA35023','US35024','1'),
('SA000046','1900 AVE OF THE STARTS - 35025','Suite 555 - 35026','Century City - 35027','CA35028','US35029','1'),
('SA000047','1900 AVE OF THE STARTS - 35030','Suite 555 - 35031','Century City - 35032','CA35033','US35034','1'),
('SA000048','1900 AVE OF THE STARTS - 35035','Suite 555 - 35036','Century City - 35037','CA35038','US35039','1'),
('SA000049','1900 AVE OF THE STARTS - 35040','Suite 555 - 35041','Century City - 35042','CA35043','US35044','1'),
('SA000050','1900 AVE OF THE STARTS - 35045','Suite 555 - 35046','Century City - 35047','CA35048','US35049','1'),
('SA000051','1900 AVE OF THE STARTS - 35050','Suite 555 - 35051','Century City - 35052','CA35053','US35054','1'),
('SA000052','1900 AVE OF THE STARTS - 35055','Suite 555 - 35056','Century City - 35057','CA35058','US35059','1'),
('SA000053','1900 AVE OF THE STARTS - 35060','Suite 555 - 35061','Century City - 35062','CA35063','US35064','1'),
('SA000054','1900 AVE OF THE STARTS - 35065','Suite 555 - 35066','Century City - 35067','CA35068','US35069','1'),
('SA000055','1900 AVE OF THE STARTS - 35070','Suite 555 - 35071','Century City - 35072','CA35073','US35074','1'),
('SA000056','1900 AVE OF THE STARTS - 35075','Suite 555 - 35076','Century City - 35077','CA35078','US35079','1'),
('SA000057','1900 AVE OF THE STARTS - 35080','Suite 555 - 35081','Century City - 35082','CA35083','US35084','1'),
('SA000058','1900 AVE OF THE STARTS - 35085','Suite 555 - 35086','Century City - 35087','CA35088','US35089','1'),
('SA000059','1900 AVE OF THE STARTS - 35090','Suite 555 - 35091','Century City - 35092','CA35093','US35094','1'),
('SA000060','1900 AVE OF THE STARTS - 35095','Suite 555 - 35096','Century City - 35097','CA35098','US35099','1'),
('SA000061','1900 AVE OF THE STARTS - 35100','Suite 555 - 35101','Century City - 35102','CA35103','US35104','1'),
('SA000062','1900 AVE OF THE STARTS - 35105','Suite 555 - 35106','Century City - 35107','CA35108','US35109','1'),
('SA000063','1900 AVE OF THE STARTS - 35110','Suite 555 - 35111','Century City - 35112','CA35113','US35114','1'),
('SA000064','1900 AVE OF THE STARTS - 35115','Suite 555 - 35116','Century City - 35117','CA35118','US35119','1'),
('SA000065','1900 AVE OF THE STARTS - 35120','Suite 555 - 35121','Century City - 35122','CA35123','US35124','1'),
('SA000066','1900 AVE OF THE STARTS - 35125','Suite 555 - 35126','Century City - 35127','CA35128','US35129','1'),
('SA000067','1900 AVE OF THE STARTS - 35130','Suite 555 - 35131','Century City - 35132','CA35133','US35134','1'),
('SA000068','1900 AVE OF THE STARTS - 35135','Suite 555 - 35136','Century City - 35137','CA35138','US35139','1'),
('SA000069','1900 AVE OF THE STARTS - 35140','Suite 555 - 35141','Century City - 35142','CA35143','US35144','1'),
('SA000070','1900 AVE OF THE STARTS - 35145','Suite 555 - 35146','Century City - 35147','CA35148','US35149','1'),
('SA000071','1900 AVE OF THE STARTS - 35150','Suite 555 - 35151','Century City - 35152','CA35153','US35154','1'),
('SA000072','1900 AVE OF THE STARTS - 35155','Suite 555 - 35156','Century City - 35157','CA35158','US35159','1'),
('SA000073','1900 AVE OF THE STARTS - 35160','Suite 555 - 35161','Century City - 35162','CA35163','US35164','1'),
('SA000074','1900 AVE OF THE STARTS - 35165','Suite 555 - 35166','Century City - 35167','CA35168','US35169','1'),
('SA000075','1900 AVE OF THE STARTS - 35170','Suite 555 - 35171','Century City - 35172','CA35173','US35174','1'),
('SA000076','1900 AVE OF THE STARTS - 35175','Suite 555 - 35176','Century City - 35177','CA35178','US35179','1'),
('SA000077','1900 AVE OF THE STARTS - 35180','Suite 555 - 35181','Century City - 35182','CA35183','US35184','1'),
('SA000078','1900 AVE OF THE STARTS - 35185','Suite 555 - 35186','Century City - 35187','CA35188','US35189','1'),
('SA000079','1900 AVE OF THE STARTS - 35190','Suite 555 - 35191','Century City - 35192','CA35193','US35194','1'),
('SA000080','1900 AVE OF THE STARTS - 35195','Suite 555 - 35196','Century City - 35197','CA35198','US35199','1'),
('SA000081','1900 AVE OF THE STARTS - 35200','Suite 555 - 35201','Century City - 35202','CA35203','US35204','1'),
('SA000082','1900 AVE OF THE STARTS - 35205','Suite 555 - 35206','Century City - 35207','CA35208','US35209','1'),
('SA000083','1900 AVE OF THE STARTS - 35210','Suite 555 - 35211','Century City - 35212','CA35213','US35214','1'),
('SA000084','1900 AVE OF THE STARTS - 35215','Suite 555 - 35216','Century City - 35217','CA35218','US35219','1'),
('SA000085','1900 AVE OF THE STARTS - 35220','Suite 555 - 35221','Century City - 35222','CA35223','US35224','1'),
('SA000086','1900 AVE OF THE STARTS - 35225','Suite 555 - 35226','Century City - 35227','CA35228','US35229','1'),
('SA000087','1900 AVE OF THE STARTS - 35230','Suite 555 - 35231','Century City - 35232','CA35233','US35234','1'),
('SA000088','1900 AVE OF THE STARTS - 35235','Suite 555 - 35236','Century City - 35237','CA35238','US35239','1'),
('SA000089','1900 AVE OF THE STARTS - 35240','Suite 555 - 35241','Century City - 35242','CA35243','US35244','1'),
('SA000090','1900 AVE OF THE STARTS - 35245','Suite 555 - 35246','Century City - 35247','CA35248','US35249','1'),
('SA000091','1900 AVE OF THE STARTS - 35250','Suite 555 - 35251','Century City - 35252','CA35253','US35254','1'),
('SA000092','1900 AVE OF THE STARTS - 35255','Suite 555 - 35256','Century City - 35257','CA35258','US35259','1'),
('SA000093','1900 AVE OF THE STARTS - 35260','Suite 555 - 35261','Century City - 35262','CA35263','US35264','1'),
('SA000094','1900 AVE OF THE STARTS - 35265','Suite 555 - 35266','Century City - 35267','CA35268','US35269','1'),
('SA000095','1900 AVE OF THE STARTS - 35270','Suite 555 - 35271','Century City - 35272','CA35273','US35274','1'),
('SA000096','1900 AVE OF THE STARTS - 35275','Suite 555 - 35276','Century City - 35277','CA35278','US35279','1'),
('SA000097','1900 AVE OF THE STARTS - 35280','Suite 555 - 35281','Century City - 35282','CA35283','US35284','1'),
('SA000098','1900 AVE OF THE STARTS - 35285','Suite 555 - 35286','Century City - 35287','CA35288','US35289','1'),
('SA000099','1900 AVE OF THE STARTS - 35290','Suite 555 - 35291','Century City - 35292','CA35293','US35294','1'),
('SA000100','1900 AVE OF THE STARTS - 35295','Suite 555 - 35296','Century City - 35297','CA35298','US35299','1');
drop table  if exists billing_address_data;
create table billing_address_data (
	id	  	varchar(48) not null,
	company	  	varchar(64),
	line1	  	varchar(56),
	line2	  	varchar(32),
	city	  	varchar(32),
	state	  	varchar(8),
	country	  	varchar(8),
	version	  	int,
	primary key(id)
) ENGINE=InnoDB DEFAULT CHARSET=utf8;
insert into billing_address_data values
('BA000001','BC000002','1900 AVE OF THE STARTS - 35300','Suite 555 - 35301','Century City - 35302','CA35303','US35304','1'),
('BA000002','BC000004','1900 AVE OF THE STARTS - 35305','Suite 555 - 35306','Century City - 35307','CA35308','US35309','1'),
('BA000003','BC000003','1900 AVE OF THE STARTS - 35310','Suite 555 - 35311','Century City - 35312','CA35313','US35314','1'),
('BA000004','BC000003','1900 AVE OF THE STARTS - 35315','Suite 555 - 35316','Century City - 35317','CA35318','US35319','1'),
('BA000005','BC000003','1900 AVE OF THE STARTS - 35320','Suite 555 - 35321','Century City - 35322','CA35323','US35324','1'),
('BA000006','BC000005','1900 AVE OF THE STARTS - 35325','Suite 555 - 35326','Century City - 35327','CA35328','US35329','1'),
('BA000007','BC000003','1900 AVE OF THE STARTS - 35330','Suite 555 - 35331','Century City - 35332','CA35333','US35334','1'),
('BA000008','BC000003','1900 AVE OF THE STARTS - 35335','Suite 555 - 35336','Century City - 35337','CA35338','US35339','1'),
('BA000009','BC000005','1900 AVE OF THE STARTS - 35340','Suite 555 - 35341','Century City - 35342','CA35343','US35344','1'),
('BA000010','BC000004','1900 AVE OF THE STARTS - 35345','Suite 555 - 35346','Century City - 35347','CA35348','US35349','1'),
('BA000011','BC000002','1900 AVE OF THE STARTS - 35350','Suite 555 - 35351','Century City - 35352','CA35353','US35354','1'),
('BA000012','BC000005','1900 AVE OF THE STARTS - 35355','Suite 555 - 35356','Century City - 35357','CA35358','US35359','1'),
('BA000013','BC000004','1900 AVE OF THE STARTS - 35360','Suite 555 - 35361','Century City - 35362','CA35363','US35364','1'),
('BA000014','BC000003','1900 AVE OF THE STARTS - 35365','Suite 555 - 35366','Century City - 35367','CA35368','US35369','1'),
('BA000015','BC000004','1900 AVE OF THE STARTS - 35370','Suite 555 - 35371','Century City - 35372','CA35373','US35374','1'),
('BA000016','BC000004','1900 AVE OF THE STARTS - 35375','Suite 555 - 35376','Century City - 35377','CA35378','US35379','1'),
('BA000017','BC000005','1900 AVE OF THE STARTS - 35380','Suite 555 - 35381','Century City - 35382','CA35383','US35384','1'),
('BA000018','BC000001','1900 AVE OF THE STARTS - 35385','Suite 555 - 35386','Century City - 35387','CA35388','US35389','1'),
('BA000019','BC000003','1900 AVE OF THE STARTS - 35390','Suite 555 - 35391','Century City - 35392','CA35393','US35394','1'),
('BA000020','BC000005','1900 AVE OF THE STARTS - 35395','Suite 555 - 35396','Century City - 35397','CA35398','US35399','1'),
('BA000021','BC000005','1900 AVE OF THE STARTS - 35400','Suite 555 - 35401','Century City - 35402','CA35403','US35404','1'),
('BA000022','BC000001','1900 AVE OF THE STARTS - 35405','Suite 555 - 35406','Century City - 35407','CA35408','US35409','1'),
('BA000023','BC000003','1900 AVE OF THE STARTS - 35410','Suite 555 - 35411','Century City - 35412','CA35413','US35414','1'),
('BA000024','BC000003','1900 AVE OF THE STARTS - 35415','Suite 555 - 35416','Century City - 35417','CA35418','US35419','1'),
('BA000025','BC000005','1900 AVE OF THE STARTS - 35420','Suite 555 - 35421','Century City - 35422','CA35423','US35424','1'),
('BA000026','BC000004','1900 AVE OF THE STARTS - 35425','Suite 555 - 35426','Century City - 35427','CA35428','US35429','1'),
('BA000027','BC000001','1900 AVE OF THE STARTS - 35430','Suite 555 - 35431','Century City - 35432','CA35433','US35434','1'),
('BA000028','BC000003','1900 AVE OF THE STARTS - 35435','Suite 555 - 35436','Century City - 35437','CA35438','US35439','1'),
('BA000029','BC000002','1900 AVE OF THE STARTS - 35440','Suite 555 - 35441','Century City - 35442','CA35443','US35444','1'),
('BA000030','BC000005','1900 AVE OF THE STARTS - 35445','Suite 555 - 35446','Century City - 35447','CA35448','US35449','1'),
('BA000031','BC000003','1900 AVE OF THE STARTS - 35450','Suite 555 - 35451','Century City - 35452','CA35453','US35454','1'),
('BA000032','BC000001','1900 AVE OF THE STARTS - 35455','Suite 555 - 35456','Century City - 35457','CA35458','US35459','1'),
('BA000033','BC000001','1900 AVE OF THE STARTS - 35460','Suite 555 - 35461','Century City - 35462','CA35463','US35464','1'),
('BA000034','BC000004','1900 AVE OF THE STARTS - 35465','Suite 555 - 35466','Century City - 35467','CA35468','US35469','1'),
('BA000035','BC000001','1900 AVE OF THE STARTS - 35470','Suite 555 - 35471','Century City - 35472','CA35473','US35474','1'),
('BA000036','BC000003','1900 AVE OF THE STARTS - 35475','Suite 555 - 35476','Century City - 35477','CA35478','US35479','1'),
('BA000037','BC000002','1900 AVE OF THE STARTS - 35480','Suite 555 - 35481','Century City - 35482','CA35483','US35484','1'),
('BA000038','BC000002','1900 AVE OF THE STARTS - 35485','Suite 555 - 35486','Century City - 35487','CA35488','US35489','1'),
('BA000039','BC000002','1900 AVE OF THE STARTS - 35490','Suite 555 - 35491','Century City - 35492','CA35493','US35494','1'),
('BA000040','BC000003','1900 AVE OF THE STARTS - 35495','Suite 555 - 35496','Century City - 35497','CA35498','US35499','1'),
('BA000041','BC000002','1900 AVE OF THE STARTS - 35500','Suite 555 - 35501','Century City - 35502','CA35503','US35504','1'),
('BA000042','BC000003','1900 AVE OF THE STARTS - 35505','Suite 555 - 35506','Century City - 35507','CA35508','US35509','1'),
('BA000043','BC000004','1900 AVE OF THE STARTS - 35510','Suite 555 - 35511','Century City - 35512','CA35513','US35514','1'),
('BA000044','BC000002','1900 AVE OF THE STARTS - 35515','Suite 555 - 35516','Century City - 35517','CA35518','US35519','1'),
('BA000045','BC000002','1900 AVE OF THE STARTS - 35520','Suite 555 - 35521','Century City - 35522','CA35523','US35524','1'),
('BA000046','BC000005','1900 AVE OF THE STARTS - 35525','Suite 555 - 35526','Century City - 35527','CA35528','US35529','1'),
('BA000047','BC000002','1900 AVE OF THE STARTS - 35530','Suite 555 - 35531','Century City - 35532','CA35533','US35534','1'),
('BA000048','BC000004','1900 AVE OF THE STARTS - 35535','Suite 555 - 35536','Century City - 35537','CA35538','US35539','1'),
('BA000049','BC000005','1900 AVE OF THE STARTS - 35540','Suite 555 - 35541','Century City - 35542','CA35543','US35544','1'),
('BA000050','BC000002','1900 AVE OF THE STARTS - 35545','Suite 555 - 35546','Century City - 35547','CA35548','US35549','1'),
('BA000051','BC000002','1900 AVE OF THE STARTS - 35550','Suite 555 - 35551','Century City - 35552','CA35553','US35554','1'),
('BA000052','BC000004','1900 AVE OF THE STARTS - 35555','Suite 555 - 35556','Century City - 35557','CA35558','US35559','1'),
('BA000053','BC000004','1900 AVE OF THE STARTS - 35560','Suite 555 - 35561','Century City - 35562','CA35563','US35564','1'),
('BA000054','BC000005','1900 AVE OF THE STARTS - 35565','Suite 555 - 35566','Century City - 35567','CA35568','US35569','1'),
('BA000055','BC000001','1900 AVE OF THE STARTS - 35570','Suite 555 - 35571','Century City - 35572','CA35573','US35574','1'),
('BA000056','BC000004','1900 AVE OF THE STARTS - 35575','Suite 555 - 35576','Century City - 35577','CA35578','US35579','1'),
('BA000057','BC000002','1900 AVE OF THE STARTS - 35580','Suite 555 - 35581','Century City - 35582','CA35583','US35584','1'),
('BA000058','BC000003','1900 AVE OF THE STARTS - 35585','Suite 555 - 35586','Century City - 35587','CA35588','US35589','1'),
('BA000059','BC000005','1900 AVE OF THE STARTS - 35590','Suite 555 - 35591','Century City - 35592','CA35593','US35594','1'),
('BA000060','BC000004','1900 AVE OF THE STARTS - 35595','Suite 555 - 35596','Century City - 35597','CA35598','US35599','1'),
('BA000061','BC000002','1900 AVE OF THE STARTS - 35600','Suite 555 - 35601','Century City - 35602','CA35603','US35604','1'),
('BA000062','BC000004','1900 AVE OF THE STARTS - 35605','Suite 555 - 35606','Century City - 35607','CA35608','US35609','1'),
('BA000063','BC000003','1900 AVE OF THE STARTS - 35610','Suite 555 - 35611','Century City - 35612','CA35613','US35614','1'),
('BA000064','BC000002','1900 AVE OF THE STARTS - 35615','Suite 555 - 35616','Century City - 35617','CA35618','US35619','1'),
('BA000065','BC000003','1900 AVE OF THE STARTS - 35620','Suite 555 - 35621','Century City - 35622','CA35623','US35624','1'),
('BA000066','BC000001','1900 AVE OF THE STARTS - 35625','Suite 555 - 35626','Century City - 35627','CA35628','US35629','1'),
('BA000067','BC000002','1900 AVE OF THE STARTS - 35630','Suite 555 - 35631','Century City - 35632','CA35633','US35634','1'),
('BA000068','BC000003','1900 AVE OF THE STARTS - 35635','Suite 555 - 35636','Century City - 35637','CA35638','US35639','1'),
('BA000069','BC000004','1900 AVE OF THE STARTS - 35640','Suite 555 - 35641','Century City - 35642','CA35643','US35644','1'),
('BA000070','BC000003','1900 AVE OF THE STARTS - 35645','Suite 555 - 35646','Century City - 35647','CA35648','US35649','1'),
('BA000071','BC000005','1900 AVE OF THE STARTS - 35650','Suite 555 - 35651','Century City - 35652','CA35653','US35654','1'),
('BA000072','BC000002','1900 AVE OF THE STARTS - 35655','Suite 555 - 35656','Century City - 35657','CA35658','US35659','1'),
('BA000073','BC000004','1900 AVE OF THE STARTS - 35660','Suite 555 - 35661','Century City - 35662','CA35663','US35664','1'),
('BA000074','BC000001','1900 AVE OF THE STARTS - 35665','Suite 555 - 35666','Century City - 35667','CA35668','US35669','1'),
('BA000075','BC000002','1900 AVE OF THE STARTS - 35670','Suite 555 - 35671','Century City - 35672','CA35673','US35674','1'),
('BA000076','BC000001','1900 AVE OF THE STARTS - 35675','Suite 555 - 35676','Century City - 35677','CA35678','US35679','1'),
('BA000077','BC000001','1900 AVE OF THE STARTS - 35680','Suite 555 - 35681','Century City - 35682','CA35683','US35684','1'),
('BA000078','BC000005','1900 AVE OF THE STARTS - 35685','Suite 555 - 35686','Century City - 35687','CA35688','US35689','1'),
('BA000079','BC000005','1900 AVE OF THE STARTS - 35690','Suite 555 - 35691','Century City - 35692','CA35693','US35694','1'),
('BA000080','BC000003','1900 AVE OF THE STARTS - 35695','Suite 555 - 35696','Century City - 35697','CA35698','US35699','1'),
('BA000081','BC000004','1900 AVE OF THE STARTS - 35700','Suite 555 - 35701','Century City - 35702','CA35703','US35704','1'),
('BA000082','BC000003','1900 AVE OF THE STARTS - 35705','Suite 555 - 35706','Century City - 35707','CA35708','US35709','1'),
('BA000083','BC000001','1900 AVE OF THE STARTS - 35710','Suite 555 - 35711','Century City - 35712','CA35713','US35714','1'),
('BA000084','BC000004','1900 AVE OF THE STARTS - 35715','Suite 555 - 35716','Century City - 35717','CA35718','US35719','1'),
('BA000085','BC000001','1900 AVE OF THE STARTS - 35720','Suite 555 - 35721','Century City - 35722','CA35723','US35724','1'),
('BA000086','BC000002','1900 AVE OF THE STARTS - 35725','Suite 555 - 35726','Century City - 35727','CA35728','US35729','1'),
('BA000087','BC000004','1900 AVE OF THE STARTS - 35730','Suite 555 - 35731','Century City - 35732','CA35733','US35734','1'),
('BA000088','BC000005','1900 AVE OF THE STARTS - 35735','Suite 555 - 35736','Century City - 35737','CA35738','US35739','1'),
('BA000089','BC000004','1900 AVE OF THE STARTS - 35740','Suite 555 - 35741','Century City - 35742','CA35743','US35744','1'),
('BA000090','BC000002','1900 AVE OF THE STARTS - 35745','Suite 555 - 35746','Century City - 35747','CA35748','US35749','1'),
('BA000091','BC000002','1900 AVE OF THE STARTS - 35750','Suite 555 - 35751','Century City - 35752','CA35753','US35754','1'),
('BA000092','BC000002','1900 AVE OF THE STARTS - 35755','Suite 555 - 35756','Century City - 35757','CA35758','US35759','1'),
('BA000093','BC000002','1900 AVE OF THE STARTS - 35760','Suite 555 - 35761','Century City - 35762','CA35763','US35764','1'),
('BA000094','BC000002','1900 AVE OF THE STARTS - 35765','Suite 555 - 35766','Century City - 35767','CA35768','US35769','1'),
('BA000095','BC000005','1900 AVE OF THE STARTS - 35770','Suite 555 - 35771','Century City - 35772','CA35773','US35774','1'),
('BA000096','BC000004','1900 AVE OF THE STARTS - 35775','Suite 555 - 35776','Century City - 35777','CA35778','US35779','1'),
('BA000097','BC000003','1900 AVE OF THE STARTS - 35780','Suite 555 - 35781','Century City - 35782','CA35783','US35784','1'),
('BA000098','BC000001','1900 AVE OF THE STARTS - 35785','Suite 555 - 35786','Century City - 35787','CA35788','US35789','1'),
('BA000099','BC000002','1900 AVE OF THE STARTS - 35790','Suite 555 - 35791','Century City - 35792','CA35793','US35794','1'),
('BA000100','BC000003','1900 AVE OF THE STARTS - 35795','Suite 555 - 35796','Century City - 35797','CA35798','US35799','1');
drop table  if exists employee_data;
create table employee_data (
	id	  	varchar(32) not null,
	name	  	varchar(16),
	company	  	varchar(64),
	version	  	int,
	primary key(id)
) ENGINE=InnoDB DEFAULT CHARSET=utf8;
insert into employee_data values
('E000001','Philip35800','BC000004','1'),
('E000002','Philip35801','BC000003','1'),
('E000003','Philip35802','BC000003','1'),
('E000004','Philip35803','BC000003','1'),
('E000005','Philip35804','BC000001','1'),
('E000006','Philip35805','BC000004','1'),
('E000007','Philip35806','BC000002','1'),
('E000008','Philip35807','BC000004','1'),
('E000009','Philip35808','BC000001','1'),
('E000010','Philip35809','BC000002','1'),
('E000011','Philip35810','BC000003','1'),
('E000012','Philip35811','BC000001','1'),
('E000013','Philip35812','BC000005','1'),
('E000014','Philip35813','BC000001','1'),
('E000015','Philip35814','BC000002','1'),
('E000016','Philip35815','BC000005','1'),
('E000017','Philip35816','BC000002','1'),
('E000018','Philip35817','BC000001','1'),
('E000019','Philip35818','BC000001','1'),
('E000020','Philip35819','BC000002','1'),
('E000021','Philip35820','BC000004','1'),
('E000022','Philip35821','BC000004','1'),
('E000023','Philip35822','BC000005','1'),
('E000024','Philip35823','BC000002','1'),
('E000025','Philip35824','BC000003','1'),
('E000026','Philip35825','BC000002','1'),
('E000027','Philip35826','BC000005','1'),
('E000028','Philip35827','BC000005','1'),
('E000029','Philip35828','BC000001','1'),
('E000030','Philip35829','BC000005','1'),
('E000031','Philip35830','BC000004','1'),
('E000032','Philip35831','BC000005','1'),
('E000033','Philip35832','BC000003','1'),
('E000034','Philip35833','BC000005','1'),
('E000035','Philip35834','BC000001','1'),
('E000036','Philip35835','BC000004','1'),
('E000037','Philip35836','BC000004','1'),
('E000038','Philip35837','BC000005','1'),
('E000039','Philip35838','BC000001','1'),
('E000040','Philip35839','BC000005','1'),
('E000041','Philip35840','BC000003','1'),
('E000042','Philip35841','BC000003','1'),
('E000043','Philip35842','BC000001','1'),
('E000044','Philip35843','BC000003','1'),
('E000045','Philip35844','BC000004','1'),
('E000046','Philip35845','BC000004','1'),
('E000047','Philip35846','BC000004','1'),
('E000048','Philip35847','BC000002','1'),
('E000049','Philip35848','BC000002','1'),
('E000050','Philip35849','BC000003','1'),
('E000051','Philip35850','BC000002','1'),
('E000052','Philip35851','BC000005','1'),
('E000053','Philip35852','BC000004','1'),
('E000054','Philip35853','BC000002','1'),
('E000055','Philip35854','BC000001','1'),
('E000056','Philip35855','BC000002','1'),
('E000057','Philip35856','BC000005','1'),
('E000058','Philip35857','BC000001','1'),
('E000059','Philip35858','BC000002','1'),
('E000060','Philip35859','BC000001','1'),
('E000061','Philip35860','BC000002','1'),
('E000062','Philip35861','BC000001','1'),
('E000063','Philip35862','BC000001','1'),
('E000064','Philip35863','BC000003','1'),
('E000065','Philip35864','BC000002','1'),
('E000066','Philip35865','BC000004','1'),
('E000067','Philip35866','BC000005','1'),
('E000068','Philip35867','BC000004','1'),
('E000069','Philip35868','BC000004','1'),
('E000070','Philip35869','BC000002','1'),
('E000071','Philip35870','BC000005','1'),
('E000072','Philip35871','BC000004','1'),
('E000073','Philip35872','BC000004','1'),
('E000074','Philip35873','BC000005','1'),
('E000075','Philip35874','BC000005','1'),
('E000076','Philip35875','BC000003','1'),
('E000077','Philip35876','BC000001','1'),
('E000078','Philip35877','BC000005','1'),
('E000079','Philip35878','BC000003','1'),
('E000080','Philip35879','BC000002','1'),
('E000081','Philip35880','BC000004','1'),
('E000082','Philip35881','BC000005','1'),
('E000083','Philip35882','BC000002','1'),
('E000084','Philip35883','BC000003','1'),
('E000085','Philip35884','BC000001','1'),
('E000086','Philip35885','BC000004','1'),
('E000087','Philip35886','BC000001','1'),
('E000088','Philip35887','BC000001','1'),
('E000089','Philip35888','BC000005','1'),
('E000090','Philip35889','BC000005','1'),
('E000091','Philip35890','BC000002','1'),
('E000092','Philip35891','BC000002','1'),
('E000093','Philip35892','BC000001','1'),
('E000094','Philip35893','BC000002','1'),
('E000095','Philip35894','BC000004','1'),
('E000096','Philip35895','BC000001','1'),
('E000097','Philip35896','BC000001','1'),
('E000098','Philip35897','BC000004','1'),
('E000099','Philip35898','BC000002','1'),
('E000100','Philip35899','BC000004','1');
drop table  if exists role_data;
create table role_data (
	id	  	varchar(24) not null,
	role_name	  	varchar(16),
	version	  	int,
	primary key(id)
) ENGINE=InnoDB DEFAULT CHARSET=utf8;
insert into role_data values
('R000001','manager35900','1'),
('R000002','manager35901','1'),
('R000003','manager35902','1'),
('R000004','manager35903','1'),
('R000005','manager35904','1'),
('R000006','manager35905','1'),
('R000007','manager35906','1'),
('R000008','manager35907','1'),
('R000009','manager35908','1'),
('R000010','manager35909','1'),
('R000011','manager35910','1'),
('R000012','manager35911','1'),
('R000013','manager35912','1'),
('R000014','manager35913','1'),
('R000015','manager35914','1'),
('R000016','manager35915','1'),
('R000017','manager35916','1'),
('R000018','manager35917','1'),
('R000019','manager35918','1'),
('R000020','manager35919','1'),
('R000021','manager35920','1'),
('R000022','manager35921','1'),
('R000023','manager35922','1'),
('R000024','manager35923','1'),
('R000025','manager35924','1'),
('R000026','manager35925','1'),
('R000027','manager35926','1'),
('R000028','manager35927','1'),
('R000029','manager35928','1'),
('R000030','manager35929','1'),
('R000031','manager35930','1'),
('R000032','manager35931','1'),
('R000033','manager35932','1'),
('R000034','manager35933','1'),
('R000035','manager35934','1'),
('R000036','manager35935','1'),
('R000037','manager35936','1'),
('R000038','manager35937','1'),
('R000039','manager35938','1'),
('R000040','manager35939','1'),
('R000041','manager35940','1'),
('R000042','manager35941','1'),
('R000043','manager35942','1'),
('R000044','manager35943','1'),
('R000045','manager35944','1'),
('R000046','manager35945','1'),
('R000047','manager35946','1'),
('R000048','manager35947','1'),
('R000049','manager35948','1'),
('R000050','manager35949','1'),
('R000051','manager35950','1'),
('R000052','manager35951','1'),
('R000053','manager35952','1'),
('R000054','manager35953','1'),
('R000055','manager35954','1'),
('R000056','manager35955','1'),
('R000057','manager35956','1'),
('R000058','manager35957','1'),
('R000059','manager35958','1'),
('R000060','manager35959','1'),
('R000061','manager35960','1'),
('R000062','manager35961','1'),
('R000063','manager35962','1'),
('R000064','manager35963','1'),
('R000065','manager35964','1'),
('R000066','manager35965','1'),
('R000067','manager35966','1'),
('R000068','manager35967','1'),
('R000069','manager35968','1'),
('R000070','manager35969','1'),
('R000071','manager35970','1'),
('R000072','manager35971','1'),
('R000073','manager35972','1'),
('R000074','manager35973','1'),
('R000075','manager35974','1'),
('R000076','manager35975','1'),
('R000077','manager35976','1'),
('R000078','manager35977','1'),
('R000079','manager35978','1'),
('R000080','manager35979','1'),
('R000081','manager35980','1'),
('R000082','manager35981','1'),
('R000083','manager35982','1'),
('R000084','manager35983','1'),
('R000085','manager35984','1'),
('R000086','manager35985','1'),
('R000087','manager35986','1'),
('R000088','manager35987','1'),
('R000089','manager35988','1'),
('R000090','manager35989','1'),
('R000091','manager35990','1'),
('R000092','manager35991','1'),
('R000093','manager35992','1'),
('R000094','manager35993','1'),
('R000095','manager35994','1'),
('R000096','manager35995','1'),
('R000097','manager35996','1'),
('R000098','manager35997','1'),
('R000099','manager35998','1'),
('R000100','manager35999','1');
drop table  if exists assignment_data;
create table assignment_data (
	id	  	varchar(40) not null,
	user	  	varchar(64),
	access	  	varchar(64),
	assigned_date	  	Date,
	version	  	int,
	primary key(id)
) ENGINE=InnoDB DEFAULT CHARSET=utf8;
insert into assignment_data values
('A000001','E000001','A000002','2015-07-28','1'),
('A000002','E000004','A000003','2017-01-27','1'),
('A000003','E000002','A000005','2017-11-13','1'),
('A000004','E000005','A000004','2017-09-16','1'),
('A000005','E000005','A000001','2017-12-25','1'),
('A000006','E000002','A000001','2017-04-14','1'),
('A000007','E000004','A000002','2015-11-19','1'),
('A000008','E000004','A000004','2016-01-03','1'),
('A000009','E000005','A000004','2017-08-24','1'),
('A000010','E000004','A000003','2018-01-07','1'),
('A000011','E000003','A000003','2018-05-21','1'),
('A000012','E000002','A000001','2017-07-22','1'),
('A000013','E000004','A000003','2018-05-16','1'),
('A000014','E000003','A000001','2018-03-15','1'),
('A000015','E000001','A000005','2018-04-08','1'),
('A000016','E000001','A000005','2018-04-19','1'),
('A000017','E000001','A000004','2017-08-01','1'),
('A000018','E000005','A000003','2015-02-20','1'),
('A000019','E000002','A000004','2017-07-18','1'),
('A000020','E000004','A000005','2017-04-05','1'),
('A000021','E000005','A000003','2018-11-28','1'),
('A000022','E000001','A000001','2015-02-28','1'),
('A000023','E000001','A000002','2016-10-06','1'),
('A000024','E000001','A000005','2014-05-30','1'),
('A000025','E000004','A000004','2017-03-05','1'),
('A000026','E000001','A000003','2016-03-09','1'),
('A000027','E000003','A000004','2017-05-03','1'),
('A000028','E000001','A000003','2015-05-03','1'),
('A000029','E000001','A000001','2016-05-27','1'),
('A000030','E000004','A000002','2017-02-27','1'),
('A000031','E000003','A000003','2018-11-18','1'),
('A000032','E000002','A000004','2017-04-14','1'),
('A000033','E000002','A000002','2016-11-01','1'),
('A000034','E000003','A000002','2017-03-03','1'),
('A000035','E000004','A000005','2014-05-19','1'),
('A000036','E000001','A000005','2017-01-20','1'),
('A000037','E000005','A000002','2018-12-31','1'),
('A000038','E000005','A000003','2017-10-10','1'),
('A000039','E000001','A000005','2015-08-03','1'),
('A000040','E000001','A000003','2018-01-10','1'),
('A000041','E000002','A000004','2016-07-25','1'),
('A000042','E000004','A000005','2015-10-14','1'),
('A000043','E000003','A000001','2015-03-28','1'),
('A000044','E000004','A000005','2015-07-19','1'),
('A000045','E000005','A000002','2015-04-22','1'),
('A000046','E000003','A000004','2015-05-23','1'),
('A000047','E000004','A000002','2015-09-08','1'),
('A000048','E000003','A000005','2017-07-15','1'),
('A000049','E000002','A000004','2017-07-17','1'),
('A000050','E000001','A000004','2018-04-10','1'),
('A000051','E000002','A000005','2016-02-26','1'),
('A000052','E000003','A000004','2015-02-18','1'),
('A000053','E000003','A000002','2015-06-21','1'),
('A000054','E000001','A000004','2017-11-12','1'),
('A000055','E000005','A000004','2017-04-25','1'),
('A000056','E000005','A000003','2016-08-29','1'),
('A000057','E000001','A000001','2017-04-27','1'),
('A000058','E000005','A000001','2014-07-22','1'),
('A000059','E000003','A000001','2017-11-15','1'),
('A000060','E000001','A000004','2017-03-30','1'),
('A000061','E000002','A000004','2017-09-21','1'),
('A000062','E000004','A000004','2017-03-12','1'),
('A000063','E000003','A000003','2017-10-31','1'),
('A000064','E000001','A000001','2015-09-14','1'),
('A000065','E000004','A000003','2017-08-25','1'),
('A000066','E000001','A000003','2017-10-22','1'),
('A000067','E000001','A000001','2017-06-22','1'),
('A000068','E000001','A000005','2015-04-22','1'),
('A000069','E000001','A000001','2015-02-12','1'),
('A000070','E000005','A000002','2015-11-10','1'),
('A000071','E000003','A000004','2014-08-16','1'),
('A000072','E000003','A000002','2015-05-12','1'),
('A000073','E000003','A000003','2015-05-14','1'),
('A000074','E000001','A000002','2015-11-26','1'),
('A000075','E000001','A000002','2015-05-24','1'),
('A000076','E000003','A000001','2016-04-23','1'),
('A000077','E000001','A000001','2018-06-04','1'),
('A000078','E000003','A000001','2017-12-21','1'),
('A000079','E000004','A000005','2015-09-23','1'),
('A000080','E000004','A000002','2017-06-17','1'),
('A000081','E000003','A000002','2017-11-27','1'),
('A000082','E000004','A000001','2018-04-21','1'),
('A000083','E000001','A000003','2017-02-07','1'),
('A000084','E000002','A000002','2018-02-04','1'),
('A000085','E000002','A000003','2017-07-17','1'),
('A000086','E000001','A000001','2014-06-27','1'),
('A000087','E000003','A000003','2015-03-27','1'),
('A000088','E000004','A000002','2015-01-19','1'),
('A000089','E000004','A000003','2016-05-30','1'),
('A000090','E000001','A000003','2018-06-07','1'),
('A000091','E000002','A000002','2015-02-17','1'),
('A000092','E000003','A000002','2017-06-22','1'),
('A000093','E000003','A000004','2014-10-11','1'),
('A000094','E000003','A000001','2017-11-27','1'),
('A000095','E000004','A000001','2014-11-11','1'),
('A000096','E000005','A000004','2017-09-10','1'),
('A000097','E000005','A000004','2015-06-05','1'),
('A000098','E000004','A000005','2017-07-05','1'),
('A000099','E000005','A000005','2018-04-06','1'),
('A000100','E000005','A000001','2015-09-24','1');
drop table  if exists access_data;
create table access_data (
	id	  	varchar(32) not null,
	role	  	varchar(64),
	version	  	int,
	primary key(id)
) ENGINE=InnoDB DEFAULT CHARSET=utf8;
insert into access_data values
('A000001','R000001','1'),
('A000002','R000001','1'),
('A000003','R000005','1'),
('A000004','R000002','1'),
('A000005','R000001','1'),
('A000006','R000001','1'),
('A000007','R000004','1'),
('A000008','R000001','1'),
('A000009','R000005','1'),
('A000010','R000005','1'),
('A000011','R000005','1'),
('A000012','R000005','1'),
('A000013','R000004','1'),
('A000014','R000002','1'),
('A000015','R000005','1'),
('A000016','R000004','1'),
('A000017','R000004','1'),
('A000018','R000002','1'),
('A000019','R000002','1'),
('A000020','R000004','1'),
('A000021','R000003','1'),
('A000022','R000003','1'),
('A000023','R000005','1'),
('A000024','R000005','1'),
('A000025','R000002','1'),
('A000026','R000002','1'),
('A000027','R000002','1'),
('A000028','R000004','1'),
('A000029','R000002','1'),
('A000030','R000005','1'),
('A000031','R000005','1'),
('A000032','R000001','1'),
('A000033','R000001','1'),
('A000034','R000004','1'),
('A000035','R000005','1'),
('A000036','R000004','1'),
('A000037','R000005','1'),
('A000038','R000005','1'),
('A000039','R000005','1'),
('A000040','R000005','1'),
('A000041','R000003','1'),
('A000042','R000003','1'),
('A000043','R000004','1'),
('A000044','R000004','1'),
('A000045','R000005','1'),
('A000046','R000002','1'),
('A000047','R000004','1'),
('A000048','R000001','1'),
('A000049','R000001','1'),
('A000050','R000005','1'),
('A000051','R000004','1'),
('A000052','R000004','1'),
('A000053','R000002','1'),
('A000054','R000003','1'),
('A000055','R000004','1'),
('A000056','R000004','1'),
('A000057','R000001','1'),
('A000058','R000001','1'),
('A000059','R000005','1'),
('A000060','R000001','1'),
('A000061','R000001','1'),
('A000062','R000005','1'),
('A000063','R000002','1'),
('A000064','R000002','1'),
('A000065','R000004','1'),
('A000066','R000004','1'),
('A000067','R000004','1'),
('A000068','R000005','1'),
('A000069','R000001','1'),
('A000070','R000004','1'),
('A000071','R000005','1'),
('A000072','R000001','1'),
('A000073','R000003','1'),
('A000074','R000003','1'),
('A000075','R000001','1'),
('A000076','R000005','1'),
('A000077','R000005','1'),
('A000078','R000004','1'),
('A000079','R000002','1'),
('A000080','R000003','1'),
('A000081','R000004','1'),
('A000082','R000003','1'),
('A000083','R000002','1'),
('A000084','R000004','1'),
('A000085','R000001','1'),
('A000086','R000005','1'),
('A000087','R000004','1'),
('A000088','R000005','1'),
('A000089','R000005','1'),
('A000090','R000001','1'),
('A000091','R000002','1'),
('A000092','R000002','1'),
('A000093','R000001','1'),
('A000094','R000003','1'),
('A000095','R000003','1'),
('A000096','R000003','1'),
('A000097','R000005','1'),
('A000098','R000001','1'),
('A000099','R000002','1'),
('A000100','R000005','1');
drop table  if exists order_data;
create table order_data (
	id	  	varchar(32) not null,
	buyer	  	varchar(64),
	seller	  	varchar(64),
	title	  	varchar(32),
	total_amount	  	numeric(6,2),
	type	  	varchar(16),
	version	  	int,
	primary key(id)
) ENGINE=InnoDB DEFAULT CHARSET=utf8;
insert into order_data values
('O000001','BC000002','SC000001','order title - 36000','215.120292214311','order36001','1'),
('O000002','BC000004','SC000004','order title - 36002','116.60002272757879','order36003','1'),
('O000003','BC000005','SC000002','order title - 36004','38.1516626899457','order36005','1'),
('O000004','BC000002','SC000003','order title - 36006','191.51298651642728','order36007','1'),
('O000005','BC000004','SC000004','order title - 36008','169.38624984284937','order36009','1'),
('O000006','BC000001','SC000001','order title - 36010','240.14752333218433','order36011','1'),
('O000007','BC000005','SC000004','order title - 36012','195.5198348741947','order36013','1'),
('O000008','BC000002','SC000004','order title - 36014','261.68014063470144','order36015','1'),
('O000009','BC000003','SC000005','order title - 36016','104.21682272669425','order36017','1'),
('O000010','BC000005','SC000001','order title - 36018','92.7156028189997','order36019','1'),
('O000011','BC000001','SC000004','order title - 36020','241.78792443615552','order36021','1'),
('O000012','BC000004','SC000003','order title - 36022','110.06398240182449','order36023','1'),
('O000013','BC000002','SC000005','order title - 36024','22.900324210942568','order36025','1'),
('O000014','BC000005','SC000004','order title - 36026','12.024788654565711','order36027','1'),
('O000015','BC000005','SC000005','order title - 36028','125.51198901821616','order36029','1'),
('O000016','BC000003','SC000004','order title - 36030','65.48515616161252','order36031','1'),
('O000017','BC000003','SC000003','order title - 36032','56.58550618015102','order36033','1'),
('O000018','BC000001','SC000001','order title - 36034','25.487475399461495','order36035','1'),
('O000019','BC000002','SC000002','order title - 36036','270.86136449582386','order36037','1'),
('O000020','BC000002','SC000003','order title - 36038','50.920628221016436','order36039','1'),
('O000021','BC000003','SC000001','order title - 36040','247.66946854029175','order36041','1'),
('O000022','BC000005','SC000001','order title - 36042','245.40991882811466','order36043','1'),
('O000023','BC000001','SC000001','order title - 36044','227.4748869600784','order36045','1'),
('O000024','BC000003','SC000001','order title - 36046','211.31059839965735','order36047','1'),
('O000025','BC000002','SC000001','order title - 36048','35.75543808864478','order36049','1'),
('O000026','BC000002','SC000002','order title - 36050','57.0928505816423','order36051','1'),
('O000027','BC000002','SC000003','order title - 36052','210.21055411405447','order36053','1'),
('O000028','BC000002','SC000003','order title - 36054','71.86187665026101','order36055','1'),
('O000029','BC000001','SC000001','order title - 36056','72.68250493025947','order36057','1'),
('O000030','BC000004','SC000002','order title - 36058','299.12137786072077','order36059','1'),
('O000031','BC000005','SC000002','order title - 36060','72.51971570608374','order36061','1'),
('O000032','BC000002','SC000005','order title - 36062','139.21498894365678','order36063','1'),
('O000033','BC000003','SC000004','order title - 36064','210.9005986948952','order36065','1'),
('O000034','BC000003','SC000002','order title - 36066','94.25644709775364','order36067','1'),
('O000035','BC000001','SC000004','order title - 36068','115.40430381082086','order36069','1'),
('O000036','BC000003','SC000001','order title - 36070','123.61055247191693','order36071','1'),
('O000037','BC000001','SC000004','order title - 36072','287.167463595865','order36073','1'),
('O000038','BC000005','SC000002','order title - 36074','65.73459353353617','order36075','1'),
('O000039','BC000004','SC000005','order title - 36076','287.2354947454684','order36077','1'),
('O000040','BC000003','SC000003','order title - 36078','161.9908450412221','order36079','1'),
('O000041','BC000002','SC000002','order title - 36080','130.94095787499407','order36081','1'),
('O000042','BC000002','SC000001','order title - 36082','244.80935592898615','order36083','1'),
('O000043','BC000003','SC000001','order title - 36084','69.64474141326417','order36085','1'),
('O000044','BC000002','SC000004','order title - 36086','126.9256463709776','order36087','1'),
('O000045','BC000002','SC000005','order title - 36088','275.6881395025692','order36089','1'),
('O000046','BC000004','SC000001','order title - 36090','92.70715424961789','order36091','1'),
('O000047','BC000002','SC000003','order title - 36092','211.4028616192602','order36093','1'),
('O000048','BC000003','SC000001','order title - 36094','39.31690602489017','order36095','1'),
('O000049','BC000003','SC000003','order title - 36096','168.5943326722327','order36097','1'),
('O000050','BC000003','SC000002','order title - 36098','220.5421911073672','order36099','1'),
('O000051','BC000005','SC000002','order title - 36100','67.44037932067624','order36101','1'),
('O000052','BC000004','SC000005','order title - 36102','171.61489874852492','order36103','1'),
('O000053','BC000005','SC000002','order title - 36104','29.348542103344247','order36105','1'),
('O000054','BC000001','SC000005','order title - 36106','80.37909434920695','order36107','1'),
('O000055','BC000005','SC000002','order title - 36108','110.17237216608876','order36109','1'),
('O000056','BC000004','SC000004','order title - 36110','83.80898510168812','order36111','1'),
('O000057','BC000002','SC000001','order title - 36112','97.08817164386394','order36113','1'),
('O000058','BC000001','SC000001','order title - 36114','269.70912887739814','order36115','1'),
('O000059','BC000003','SC000002','order title - 36116','135.23314651250828','order36117','1'),
('O000060','BC000005','SC000002','order title - 36118','72.33929799742661','order36119','1'),
('O000061','BC000002','SC000002','order title - 36120','152.92428850613172','order36121','1'),
('O000062','BC000002','SC000005','order title - 36122','87.87474970685258','order36123','1'),
('O000063','BC000003','SC000004','order title - 36124','189.52137782235383','order36125','1'),
('O000064','BC000004','SC000004','order title - 36126','84.7909784740602','order36127','1'),
('O000065','BC000001','SC000005','order title - 36128','117.82026871212469','order36129','1'),
('O000066','BC000002','SC000003','order title - 36130','109.71930974705516','order36131','1'),
('O000067','BC000001','SC000005','order title - 36132','121.30354799425943','order36133','1'),
('O000068','BC000003','SC000001','order title - 36134','148.78095964358735','order36135','1'),
('O000069','BC000001','SC000003','order title - 36136','33.639890642775626','order36137','1'),
('O000070','BC000001','SC000005','order title - 36138','278.07290641163956','order36139','1'),
('O000071','BC000005','SC000001','order title - 36140','22.02343811367959','order36141','1'),
('O000072','BC000004','SC000001','order title - 36142','286.78752229407235','order36143','1'),
('O000073','BC000003','SC000003','order title - 36144','254.75747982536163','order36145','1'),
('O000074','BC000005','SC000005','order title - 36146','78.21226065878916','order36147','1'),
('O000075','BC000005','SC000001','order title - 36148','16.45795633408486','order36149','1'),
('O000076','BC000002','SC000002','order title - 36150','208.44605787442242','order36151','1'),
('O000077','BC000002','SC000002','order title - 36152','279.6911504138739','order36153','1'),
('O000078','BC000004','SC000003','order title - 36154','72.5516369182306','order36155','1'),
('O000079','BC000003','SC000005','order title - 36156','109.46446746063292','order36157','1'),
('O000080','BC000005','SC000003','order title - 36158','159.8800423892425','order36159','1'),
('O000081','BC000005','SC000001','order title - 36160','274.62147874654585','order36161','1'),
('O000082','BC000005','SC000002','order title - 36162','220.85385440299112','order36163','1'),
('O000083','BC000002','SC000003','order title - 36164','87.38209710709666','order36165','1'),
('O000084','BC000002','SC000001','order title - 36166','254.51422878151863','order36167','1'),
('O000085','BC000005','SC000002','order title - 36168','116.51159320505927','order36169','1'),
('O000086','BC000005','SC000005','order title - 36170','220.1144814597912','order36171','1'),
('O000087','BC000004','SC000004','order title - 36172','12.499625995439118','order36173','1'),
('O000088','BC000004','SC000002','order title - 36174','252.00751464864862','order36175','1'),
('O000089','BC000001','SC000002','order title - 36176','110.53070373559294','order36177','1'),
('O000090','BC000004','SC000005','order title - 36178','180.08934469283236','order36179','1'),
('O000091','BC000003','SC000004','order title - 36180','29.32480687730955','order36181','1'),
('O000092','BC000001','SC000001','order title - 36182','47.446204266648934','order36183','1'),
('O000093','BC000003','SC000005','order title - 36184','211.6421111562698','order36185','1'),
('O000094','BC000002','SC000003','order title - 36186','74.72452827338839','order36187','1'),
('O000095','BC000001','SC000004','order title - 36188','39.284958482103235','order36189','1'),
('O000096','BC000001','SC000004','order title - 36190','1.993728084007813','order36191','1'),
('O000097','BC000005','SC000002','order title - 36192','89.78741263104901','order36193','1'),
('O000098','BC000001','SC000003','order title - 36194','266.830117318134','order36195','1'),
('O000099','BC000003','SC000003','order title - 36196','180.9961367428584','order36197','1'),
('O000100','BC000005','SC000004','order title - 36198','290.56104437829964','order36199','1');
drop table  if exists line_item_data;
create table line_item_data (
	id	  	varchar(40) not null,
	biz_order	  	varchar(64),
	sku_id	  	varchar(8),
	sku_name	  	varchar(24),
	amount	  	numeric(5,2),
	quantity	  	int,
	version	  	int,
	primary key(id)
) ENGINE=InnoDB DEFAULT CHARSET=utf8;
insert into line_item_data values
('LI000001','O000003','SKU36200','iPhone - 36201','18.221538093002696','9','1'),
('LI000002','O000004','SKU36202','iPhone - 36203','6.914200498077711','2','1'),
('LI000003','O000004','SKU36204','iPhone - 36205','11.028477008614013','6','1'),
('LI000004','O000004','SKU36206','iPhone - 36207','16.420779459356485','9','1'),
('LI000005','O000004','SKU36208','iPhone - 36209','17.35594490838914','7','1'),
('LI000006','O000003','SKU36210','iPhone - 36211','17.86107752530029','4','1'),
('LI000007','O000003','SKU36212','iPhone - 36213','1.1976239058765712','9','1'),
('LI000008','O000005','SKU36214','iPhone - 36215','18.86693870942294','1','1'),
('LI000009','O000005','SKU36216','iPhone - 36217','1.6636782428881118','6','1'),
('LI000010','O000004','SKU36218','iPhone - 36219','18.187162954772553','8','1'),
('LI000011','O000004','SKU36220','iPhone - 36221','8.4368503415691','2','1'),
('LI000012','O000004','SKU36222','iPhone - 36223','0.10602558563066826','9','1'),
('LI000013','O000003','SKU36224','iPhone - 36225','20.944674491784866','7','1'),
('LI000014','O000005','SKU36226','iPhone - 36227','19.692465932804343','8','1'),
('LI000015','O000005','SKU36228','iPhone - 36229','7.579763972723526','8','1'),
('LI000016','O000001','SKU36230','iPhone - 36231','15.69512449001629','10','1'),
('LI000017','O000004','SKU36232','iPhone - 36233','4.74918138895402','9','1'),
('LI000018','O000003','SKU36234','iPhone - 36235','7.455755708419489','1','1'),
('LI000019','O000005','SKU36236','iPhone - 36237','7.498516399349628','8','1'),
('LI000020','O000001','SKU36238','iPhone - 36239','19.8179346324315','10','1'),
('LI000021','O000004','SKU36240','iPhone - 36241','12.898126955238574','3','1'),
('LI000022','O000003','SKU36242','iPhone - 36243','2.10818913113258','3','1'),
('LI000023','O000005','SKU36244','iPhone - 36245','6.376040110865023','2','1'),
('LI000024','O000003','SKU36246','iPhone - 36247','19.836817562305907','9','1'),
('LI000025','O000001','SKU36248','iPhone - 36249','14.7261147970158','9','1'),
('LI000026','O000004','SKU36250','iPhone - 36251','2.8423092462621042','4','1'),
('LI000027','O000001','SKU36252','iPhone - 36253','20.174618931256052','3','1'),
('LI000028','O000005','SKU36254','iPhone - 36255','16.363319830902757','9','1'),
('LI000029','O000003','SKU36256','iPhone - 36257','19.27554043791868','10','1'),
('LI000030','O000002','SKU36258','iPhone - 36259','13.600053744682308','6','1'),
('LI000031','O000005','SKU36260','iPhone - 36261','15.133355230930414','2','1'),
('LI000032','O000002','SKU36262','iPhone - 36263','15.642283369697381','3','1'),
('LI000033','O000001','SKU36264','iPhone - 36265','12.544179090203825','8','1'),
('LI000034','O000004','SKU36266','iPhone - 36267','18.15643160314474','5','1'),
('LI000035','O000002','SKU36268','iPhone - 36269','14.61613870903943','6','1'),
('LI000036','O000001','SKU36270','iPhone - 36271','9.261551868185038','3','1'),
('LI000037','O000005','SKU36272','iPhone - 36273','6.740270382671479','9','1'),
('LI000038','O000002','SKU36274','iPhone - 36275','12.113817623075846','10','1'),
('LI000039','O000003','SKU36276','iPhone - 36277','9.223512643904728','5','1'),
('LI000040','O000002','SKU36278','iPhone - 36279','15.42651482451204','2','1'),
('LI000041','O000003','SKU36280','iPhone - 36281','22.768612201372967','9','1'),
('LI000042','O000003','SKU36282','iPhone - 36283','14.405454176777662','5','1'),
('LI000043','O000001','SKU36284','iPhone - 36285','21.716501674638533','8','1'),
('LI000044','O000002','SKU36286','iPhone - 36287','11.596236660729573','5','1'),
('LI000045','O000005','SKU36288','iPhone - 36289','0.3684511080116793','4','1'),
('LI000046','O000001','SKU36290','iPhone - 36291','14.96567550794045','1','1'),
('LI000047','O000004','SKU36292','iPhone - 36293','8.42789754495549','8','1'),
('LI000048','O000003','SKU36294','iPhone - 36295','10.725786707944073','8','1'),
('LI000049','O000003','SKU36296','iPhone - 36297','5.019093643845758','1','1'),
('LI000050','O000005','SKU36298','iPhone - 36299','20.8186138402321','4','1'),
('LI000051','O000003','SKU36300','iPhone - 36301','20.94677617622419','7','1'),
('LI000052','O000004','SKU36302','iPhone - 36303','12.737515535824814','10','1'),
('LI000053','O000003','SKU36304','iPhone - 36305','22.992054406964936','9','1'),
('LI000054','O000001','SKU36306','iPhone - 36307','20.866724039416596','3','1'),
('LI000055','O000003','SKU36308','iPhone - 36309','17.945079148714523','5','1'),
('LI000056','O000004','SKU36310','iPhone - 36311','16.752507964387625','2','1'),
('LI000057','O000003','SKU36312','iPhone - 36313','12.869310262290238','3','1'),
('LI000058','O000004','SKU36314','iPhone - 36315','22.595320359485125','9','1'),
('LI000059','O000002','SKU36316','iPhone - 36317','5.9410033793015025','2','1'),
('LI000060','O000001','SKU36318','iPhone - 36319','6.182213503440864','2','1'),
('LI000061','O000004','SKU36320','iPhone - 36321','15.345760040314508','9','1'),
('LI000062','O000005','SKU36322','iPhone - 36323','3.3995027438914454','5','1'),
('LI000063','O000002','SKU36324','iPhone - 36325','5.562621981814904','10','1'),
('LI000064','O000005','SKU36326','iPhone - 36327','16.50934806336271','4','1'),
('LI000065','O000004','SKU36328','iPhone - 36329','9.440358109109855','10','1'),
('LI000066','O000005','SKU36330','iPhone - 36331','7.605371964591513','3','1'),
('LI000067','O000004','SKU36332','iPhone - 36333','1.0866894915496643','3','1'),
('LI000068','O000001','SKU36334','iPhone - 36335','9.79656514019079','6','1'),
('LI000069','O000005','SKU36336','iPhone - 36337','10.144550759423929','9','1'),
('LI000070','O000002','SKU36338','iPhone - 36339','5.628211126967514','4','1'),
('LI000071','O000001','SKU36340','iPhone - 36341','18.831900106900566','4','1'),
('LI000072','O000004','SKU36342','iPhone - 36343','12.521114584515788','9','1'),
('LI000073','O000003','SKU36344','iPhone - 36345','17.30863464312019','1','1'),
('LI000074','O000005','SKU36346','iPhone - 36347','6.966456116744575','4','1'),
('LI000075','O000004','SKU36348','iPhone - 36349','10.113010853176307','5','1'),
('LI000076','O000002','SKU36350','iPhone - 36351','19.753735373764247','10','1'),
('LI000077','O000005','SKU36352','iPhone - 36353','12.246444047331595','10','1'),
('LI000078','O000001','SKU36354','iPhone - 36355','23.951710478721342','3','1'),
('LI000079','O000005','SKU36356','iPhone - 36357','12.752197604786673','9','1'),
('LI000080','O000003','SKU36358','iPhone - 36359','4.630359091875871','8','1'),
('LI000081','O000002','SKU36360','iPhone - 36361','3.946388573682796','2','1'),
('LI000082','O000003','SKU36362','iPhone - 36363','6.371794926585281','4','1'),
('LI000083','O000004','SKU36364','iPhone - 36365','15.496759995694799','5','1'),
('LI000084','O000005','SKU36366','iPhone - 36367','1.2558787982754023','5','1'),
('LI000085','O000004','SKU36368','iPhone - 36369','13.832276606507042','4','1'),
('LI000086','O000002','SKU36370','iPhone - 36371','10.50590355023592','2','1'),
('LI000087','O000004','SKU36372','iPhone - 36373','7.157888910397746','4','1'),
('LI000088','O000001','SKU36374','iPhone - 36375','17.920182916539236','1','1'),
('LI000089','O000004','SKU36376','iPhone - 36377','0.5405945841713202','8','1'),
('LI000090','O000004','SKU36378','iPhone - 36379','6.538288160568659','8','1'),
('LI000091','O000005','SKU36380','iPhone - 36381','21.663580327683498','6','1'),
('LI000092','O000005','SKU36382','iPhone - 36383','13.137942486141775','5','1'),
('LI000093','O000001','SKU36384','iPhone - 36385','16.231958961086892','3','1'),
('LI000094','O000003','SKU36386','iPhone - 36387','5.819600887052062','6','1'),
('LI000095','O000002','SKU36388','iPhone - 36389','12.47998750828384','2','1'),
('LI000096','O000001','SKU36390','iPhone - 36391','11.195230807978925','5','1'),
('LI000097','O000002','SKU36392','iPhone - 36393','11.213312221371504','6','1'),
('LI000098','O000002','SKU36394','iPhone - 36395','1.7830009680080712','6','1'),
('LI000099','O000002','SKU36396','iPhone - 36397','9.119523801100048','6','1'),
('LI000100','O000003','SKU36398','iPhone - 36399','6.14796003451568','9','1');
drop table  if exists shipping_group_data;
create table shipping_group_data (
	id	  	varchar(48) not null,
	name	  	varchar(56),
	biz_order	  	varchar(64),
	address	  	varchar(64),
	amount	  	numeric(4,2),
	version	  	int,
	primary key(id)
) ENGINE=InnoDB DEFAULT CHARSET=utf8;
insert into shipping_group_data values
('SG000001','shipping to this address36400','O000003','SA000005','3.3816438114089915','1'),
('SG000002','shipping to this address36401','O000001','SA000005','0.14575796109625586','1'),
('SG000003','shipping to this address36402','O000005','SA000005','0.9483501532127036','1'),
('SG000004','shipping to this address36403','O000005','SA000004','1.139223388586983','1'),
('SG000005','shipping to this address36404','O000003','SA000002','1.5674854875257491','1'),
('SG000006','shipping to this address36405','O000005','SA000005','1.4336657318002275','1'),
('SG000007','shipping to this address36406','O000005','SA000005','3.258302714443896','1'),
('SG000008','shipping to this address36407','O000005','SA000001','0.6378308249085753','1'),
('SG000009','shipping to this address36408','O000005','SA000003','5.469966002930657','1'),
('SG000010','shipping to this address36409','O000001','SA000001','4.65716109477893','1'),
('SG000011','shipping to this address36410','O000002','SA000002','2.21084243166425','1'),
('SG000012','shipping to this address36411','O000002','SA000001','2.434689243518672','1'),
('SG000013','shipping to this address36412','O000005','SA000001','5.0252414343441245','1'),
('SG000014','shipping to this address36413','O000004','SA000001','5.951431722298952','1'),
('SG000015','shipping to this address36414','O000002','SA000004','5.617755595083109','1'),
('SG000016','shipping to this address36415','O000003','SA000005','0.4555371522011796','1'),
('SG000017','shipping to this address36416','O000001','SA000002','1.098254778194725','1'),
('SG000018','shipping to this address36417','O000002','SA000004','5.113881358001095','1'),
('SG000019','shipping to this address36418','O000004','SA000003','4.846186556776075','1'),
('SG000020','shipping to this address36419','O000003','SA000002','0.44413845330661167','1'),
('SG000021','shipping to this address36420','O000002','SA000001','3.1078518621904134','1'),
('SG000022','shipping to this address36421','O000004','SA000002','5.782501662511728','1'),
('SG000023','shipping to this address36422','O000002','SA000005','2.5844574287996127','1'),
('SG000024','shipping to this address36423','O000003','SA000001','3.614294473625132','1'),
('SG000025','shipping to this address36424','O000003','SA000002','3.2771733632157125','1'),
('SG000026','shipping to this address36425','O000005','SA000004','0.6955420110373811','1'),
('SG000027','shipping to this address36426','O000003','SA000002','5.151252401875961','1'),
('SG000028','shipping to this address36427','O000001','SA000002','1.7412190488533252','1'),
('SG000029','shipping to this address36428','O000002','SA000003','0.6581386223731468','1'),
('SG000030','shipping to this address36429','O000005','SA000003','5.405132661361469','1'),
('SG000031','shipping to this address36430','O000004','SA000003','0.33894048417377376','1'),
('SG000032','shipping to this address36431','O000002','SA000002','4.8512258556715295','1'),
('SG000033','shipping to this address36432','O000004','SA000002','2.066738188218966','1'),
('SG000034','shipping to this address36433','O000001','SA000005','3.942216240771848','1'),
('SG000035','shipping to this address36434','O000005','SA000001','5.1389314220165305','1'),
('SG000036','shipping to this address36435','O000001','SA000001','2.6288480321192504','1'),
('SG000037','shipping to this address36436','O000004','SA000004','0.6246913424409316','1'),
('SG000038','shipping to this address36437','O000003','SA000002','5.598277234954648','1'),
('SG000039','shipping to this address36438','O000001','SA000002','2.5400149946762833','1'),
('SG000040','shipping to this address36439','O000005','SA000004','5.449107744147007','1'),
('SG000041','shipping to this address36440','O000001','SA000003','4.102797626976028','1'),
('SG000042','shipping to this address36441','O000002','SA000001','1.3409300826310364','1'),
('SG000043','shipping to this address36442','O000004','SA000004','5.229627790362554','1'),
('SG000044','shipping to this address36443','O000004','SA000004','4.089699164843253','1'),
('SG000045','shipping to this address36444','O000004','SA000002','3.1220277732753408','1'),
('SG000046','shipping to this address36445','O000005','SA000002','2.8254376925552123','1'),
('SG000047','shipping to this address36446','O000003','SA000005','5.102925576738546','1'),
('SG000048','shipping to this address36447','O000004','SA000005','2.723325195357383','1'),
('SG000049','shipping to this address36448','O000004','SA000002','4.370044973303113','1'),
('SG000050','shipping to this address36449','O000005','SA000003','1.0826788845043793','1'),
('SG000051','shipping to this address36450','O000005','SA000002','5.9654047295095305','1'),
('SG000052','shipping to this address36451','O000002','SA000004','1.7643423317630955','1'),
('SG000053','shipping to this address36452','O000001','SA000004','1.8434414076257402','1'),
('SG000054','shipping to this address36453','O000003','SA000004','3.405967466007721','1'),
('SG000055','shipping to this address36454','O000005','SA000005','3.521627336620122','1'),
('SG000056','shipping to this address36455','O000004','SA000005','1.766225528829591','1'),
('SG000057','shipping to this address36456','O000001','SA000003','2.089494419309382','1'),
('SG000058','shipping to this address36457','O000001','SA000003','1.884449355456457','1'),
('SG000059','shipping to this address36458','O000002','SA000002','1.4553432554873587','1'),
('SG000060','shipping to this address36459','O000003','SA000002','0.11715243045575939','1'),
('SG000061','shipping to this address36460','O000002','SA000005','5.085713829275152','1'),
('SG000062','shipping to this address36461','O000003','SA000003','5.419561905175705','1'),
('SG000063','shipping to this address36462','O000005','SA000005','0.684990166910159','1'),
('SG000064','shipping to this address36463','O000001','SA000001','2.0202366912623724','1'),
('SG000065','shipping to this address36464','O000005','SA000005','3.3708504735683777','1'),
('SG000066','shipping to this address36465','O000003','SA000005','2.7932391304631325','1'),
('SG000067','shipping to this address36466','O000001','SA000001','5.663166602538418','1'),
('SG000068','shipping to this address36467','O000001','SA000002','2.6126048250234963','1'),
('SG000069','shipping to this address36468','O000002','SA000001','5.317373424835657','1'),
('SG000070','shipping to this address36469','O000003','SA000004','1.622179611519462','1'),
('SG000071','shipping to this address36470','O000001','SA000002','1.6392326598068043','1'),
('SG000072','shipping to this address36471','O000002','SA000003','5.5936179379510795','1'),
('SG000073','shipping to this address36472','O000002','SA000002','5.692700699523733','1'),
('SG000074','shipping to this address36473','O000003','SA000002','4.671566027862998','1'),
('SG000075','shipping to this address36474','O000001','SA000003','1.40068607366763','1'),
('SG000076','shipping to this address36475','O000005','SA000003','0.1070735752153703','1'),
('SG000077','shipping to this address36476','O000003','SA000005','5.4146788545709565','1'),
('SG000078','shipping to this address36477','O000005','SA000005','1.244137769587819','1'),
('SG000079','shipping to this address36478','O000002','SA000004','4.211392933029136','1'),
('SG000080','shipping to this address36479','O000002','SA000002','2.8852108619071872','1'),
('SG000081','shipping to this address36480','O000001','SA000002','5.695959846966702','1'),
('SG000082','shipping to this address36481','O000001','SA000004','0.4864598679646907','1'),
('SG000083','shipping to this address36482','O000004','SA000003','5.883122254488485','1'),
('SG000084','shipping to this address36483','O000002','SA000004','2.1237505939346115','1'),
('SG000085','shipping to this address36484','O000001','SA000005','4.532007709262204','1'),
('SG000086','shipping to this address36485','O000002','SA000005','1.1536232179827575','1'),
('SG000087','shipping to this address36486','O000001','SA000002','4.891139000488002','1'),
('SG000088','shipping to this address36487','O000003','SA000003','3.397056904161594','1'),
('SG000089','shipping to this address36488','O000004','SA000004','4.388497532974497','1'),
('SG000090','shipping to this address36489','O000004','SA000001','3.9364275567452522','1'),
('SG000091','shipping to this address36490','O000005','SA000002','1.9448562196381483','1'),
('SG000092','shipping to this address36491','O000002','SA000001','4.430803595993726','1'),
('SG000093','shipping to this address36492','O000003','SA000002','0.8158291511755242','1'),
('SG000094','shipping to this address36493','O000001','SA000002','3.0913608005253748','1'),
('SG000095','shipping to this address36494','O000004','SA000005','1.9307252248776863','1'),
('SG000096','shipping to this address36495','O000005','SA000001','4.406247991974008','1'),
('SG000097','shipping to this address36496','O000003','SA000001','0.3313772327441263','1'),
('SG000098','shipping to this address36497','O000005','SA000005','2.723386222126127','1'),
('SG000099','shipping to this address36498','O000004','SA000005','3.6466666775896344','1'),
('SG000100','shipping to this address36499','O000005','SA000001','0.485388268700031','1');
drop table  if exists payment_group_data;
create table payment_group_data (
	id	  	varchar(48) not null,
	name	  	varchar(40),
	biz_order	  	varchar(64),
	card_number	  	varchar(40),
	billing_address	  	varchar(64),
	version	  	int,
	primary key(id)
) ENGINE=InnoDB DEFAULT CHARSET=utf8;
insert into payment_group_data values
('PG000001','visa card ending - 36500','O000004','4111 1111 1111 - 36501','BA000005','1'),
('PG000002','visa card ending - 36502','O000001','4111 1111 1111 - 36503','BA000003','1'),
('PG000003','visa card ending - 36504','O000005','4111 1111 1111 - 36505','BA000004','1'),
('PG000004','visa card ending - 36506','O000003','4111 1111 1111 - 36507','BA000005','1'),
('PG000005','visa card ending - 36508','O000001','4111 1111 1111 - 36509','BA000001','1'),
('PG000006','visa card ending - 36510','O000001','4111 1111 1111 - 36511','BA000004','1'),
('PG000007','visa card ending - 36512','O000001','4111 1111 1111 - 36513','BA000004','1'),
('PG000008','visa card ending - 36514','O000002','4111 1111 1111 - 36515','BA000003','1'),
('PG000009','visa card ending - 36516','O000004','4111 1111 1111 - 36517','BA000003','1'),
('PG000010','visa card ending - 36518','O000004','4111 1111 1111 - 36519','BA000002','1'),
('PG000011','visa card ending - 36520','O000002','4111 1111 1111 - 36521','BA000003','1'),
('PG000012','visa card ending - 36522','O000003','4111 1111 1111 - 36523','BA000005','1'),
('PG000013','visa card ending - 36524','O000001','4111 1111 1111 - 36525','BA000002','1'),
('PG000014','visa card ending - 36526','O000005','4111 1111 1111 - 36527','BA000002','1'),
('PG000015','visa card ending - 36528','O000001','4111 1111 1111 - 36529','BA000003','1'),
('PG000016','visa card ending - 36530','O000002','4111 1111 1111 - 36531','BA000003','1'),
('PG000017','visa card ending - 36532','O000002','4111 1111 1111 - 36533','BA000003','1'),
('PG000018','visa card ending - 36534','O000002','4111 1111 1111 - 36535','BA000004','1'),
('PG000019','visa card ending - 36536','O000002','4111 1111 1111 - 36537','BA000001','1'),
('PG000020','visa card ending - 36538','O000004','4111 1111 1111 - 36539','BA000003','1'),
('PG000021','visa card ending - 36540','O000005','4111 1111 1111 - 36541','BA000005','1'),
('PG000022','visa card ending - 36542','O000001','4111 1111 1111 - 36543','BA000005','1'),
('PG000023','visa card ending - 36544','O000005','4111 1111 1111 - 36545','BA000001','1'),
('PG000024','visa card ending - 36546','O000002','4111 1111 1111 - 36547','BA000003','1'),
('PG000025','visa card ending - 36548','O000001','4111 1111 1111 - 36549','BA000001','1'),
('PG000026','visa card ending - 36550','O000004','4111 1111 1111 - 36551','BA000002','1'),
('PG000027','visa card ending - 36552','O000001','4111 1111 1111 - 36553','BA000002','1'),
('PG000028','visa card ending - 36554','O000003','4111 1111 1111 - 36555','BA000004','1'),
('PG000029','visa card ending - 36556','O000005','4111 1111 1111 - 36557','BA000004','1'),
('PG000030','visa card ending - 36558','O000004','4111 1111 1111 - 36559','BA000005','1'),
('PG000031','visa card ending - 36560','O000002','4111 1111 1111 - 36561','BA000005','1'),
('PG000032','visa card ending - 36562','O000004','4111 1111 1111 - 36563','BA000003','1'),
('PG000033','visa card ending - 36564','O000003','4111 1111 1111 - 36565','BA000005','1'),
('PG000034','visa card ending - 36566','O000005','4111 1111 1111 - 36567','BA000005','1'),
('PG000035','visa card ending - 36568','O000005','4111 1111 1111 - 36569','BA000003','1'),
('PG000036','visa card ending - 36570','O000002','4111 1111 1111 - 36571','BA000003','1'),
('PG000037','visa card ending - 36572','O000002','4111 1111 1111 - 36573','BA000002','1'),
('PG000038','visa card ending - 36574','O000002','4111 1111 1111 - 36575','BA000003','1'),
('PG000039','visa card ending - 36576','O000001','4111 1111 1111 - 36577','BA000004','1'),
('PG000040','visa card ending - 36578','O000002','4111 1111 1111 - 36579','BA000001','1'),
('PG000041','visa card ending - 36580','O000001','4111 1111 1111 - 36581','BA000003','1'),
('PG000042','visa card ending - 36582','O000005','4111 1111 1111 - 36583','BA000001','1'),
('PG000043','visa card ending - 36584','O000002','4111 1111 1111 - 36585','BA000002','1'),
('PG000044','visa card ending - 36586','O000002','4111 1111 1111 - 36587','BA000005','1'),
('PG000045','visa card ending - 36588','O000004','4111 1111 1111 - 36589','BA000003','1'),
('PG000046','visa card ending - 36590','O000001','4111 1111 1111 - 36591','BA000001','1'),
('PG000047','visa card ending - 36592','O000005','4111 1111 1111 - 36593','BA000005','1'),
('PG000048','visa card ending - 36594','O000004','4111 1111 1111 - 36595','BA000002','1'),
('PG000049','visa card ending - 36596','O000001','4111 1111 1111 - 36597','BA000004','1'),
('PG000050','visa card ending - 36598','O000005','4111 1111 1111 - 36599','BA000005','1'),
('PG000051','visa card ending - 36600','O000004','4111 1111 1111 - 36601','BA000005','1'),
('PG000052','visa card ending - 36602','O000005','4111 1111 1111 - 36603','BA000003','1'),
('PG000053','visa card ending - 36604','O000001','4111 1111 1111 - 36605','BA000004','1'),
('PG000054','visa card ending - 36606','O000005','4111 1111 1111 - 36607','BA000005','1'),
('PG000055','visa card ending - 36608','O000004','4111 1111 1111 - 36609','BA000004','1'),
('PG000056','visa card ending - 36610','O000005','4111 1111 1111 - 36611','BA000004','1'),
('PG000057','visa card ending - 36612','O000003','4111 1111 1111 - 36613','BA000001','1'),
('PG000058','visa card ending - 36614','O000005','4111 1111 1111 - 36615','BA000002','1'),
('PG000059','visa card ending - 36616','O000005','4111 1111 1111 - 36617','BA000004','1'),
('PG000060','visa card ending - 36618','O000003','4111 1111 1111 - 36619','BA000003','1'),
('PG000061','visa card ending - 36620','O000004','4111 1111 1111 - 36621','BA000004','1'),
('PG000062','visa card ending - 36622','O000004','4111 1111 1111 - 36623','BA000005','1'),
('PG000063','visa card ending - 36624','O000004','4111 1111 1111 - 36625','BA000003','1'),
('PG000064','visa card ending - 36626','O000002','4111 1111 1111 - 36627','BA000002','1'),
('PG000065','visa card ending - 36628','O000001','4111 1111 1111 - 36629','BA000002','1'),
('PG000066','visa card ending - 36630','O000003','4111 1111 1111 - 36631','BA000002','1'),
('PG000067','visa card ending - 36632','O000002','4111 1111 1111 - 36633','BA000001','1'),
('PG000068','visa card ending - 36634','O000002','4111 1111 1111 - 36635','BA000003','1'),
('PG000069','visa card ending - 36636','O000002','4111 1111 1111 - 36637','BA000005','1'),
('PG000070','visa card ending - 36638','O000004','4111 1111 1111 - 36639','BA000003','1'),
('PG000071','visa card ending - 36640','O000005','4111 1111 1111 - 36641','BA000005','1'),
('PG000072','visa card ending - 36642','O000003','4111 1111 1111 - 36643','BA000003','1'),
('PG000073','visa card ending - 36644','O000003','4111 1111 1111 - 36645','BA000005','1'),
('PG000074','visa card ending - 36646','O000001','4111 1111 1111 - 36647','BA000002','1'),
('PG000075','visa card ending - 36648','O000004','4111 1111 1111 - 36649','BA000005','1'),
('PG000076','visa card ending - 36650','O000005','4111 1111 1111 - 36651','BA000002','1'),
('PG000077','visa card ending - 36652','O000002','4111 1111 1111 - 36653','BA000001','1'),
('PG000078','visa card ending - 36654','O000002','4111 1111 1111 - 36655','BA000003','1'),
('PG000079','visa card ending - 36656','O000001','4111 1111 1111 - 36657','BA000003','1'),
('PG000080','visa card ending - 36658','O000005','4111 1111 1111 - 36659','BA000002','1'),
('PG000081','visa card ending - 36660','O000002','4111 1111 1111 - 36661','BA000001','1'),
('PG000082','visa card ending - 36662','O000003','4111 1111 1111 - 36663','BA000001','1'),
('PG000083','visa card ending - 36664','O000003','4111 1111 1111 - 36665','BA000005','1'),
('PG000084','visa card ending - 36666','O000001','4111 1111 1111 - 36667','BA000002','1'),
('PG000085','visa card ending - 36668','O000003','4111 1111 1111 - 36669','BA000001','1'),
('PG000086','visa card ending - 36670','O000001','4111 1111 1111 - 36671','BA000003','1'),
('PG000087','visa card ending - 36672','O000001','4111 1111 1111 - 36673','BA000001','1'),
('PG000088','visa card ending - 36674','O000001','4111 1111 1111 - 36675','BA000002','1'),
('PG000089','visa card ending - 36676','O000003','4111 1111 1111 - 36677','BA000001','1'),
('PG000090','visa card ending - 36678','O000002','4111 1111 1111 - 36679','BA000004','1'),
('PG000091','visa card ending - 36680','O000003','4111 1111 1111 - 36681','BA000004','1'),
('PG000092','visa card ending - 36682','O000001','4111 1111 1111 - 36683','BA000004','1'),
('PG000093','visa card ending - 36684','O000001','4111 1111 1111 - 36685','BA000003','1'),
('PG000094','visa card ending - 36686','O000001','4111 1111 1111 - 36687','BA000001','1'),
('PG000095','visa card ending - 36688','O000003','4111 1111 1111 - 36689','BA000002','1'),
('PG000096','visa card ending - 36690','O000003','4111 1111 1111 - 36691','BA000002','1'),
('PG000097','visa card ending - 36692','O000004','4111 1111 1111 - 36693','BA000004','1'),
('PG000098','visa card ending - 36694','O000001','4111 1111 1111 - 36695','BA000005','1'),
('PG000099','visa card ending - 36696','O000002','4111 1111 1111 - 36697','BA000005','1'),
('PG000100','visa card ending - 36698','O000002','4111 1111 1111 - 36699','BA000004','1');
drop table  if exists cust_svc_rep_data;
create table cust_svc_rep_data (
	id	  	varchar(40) not null,
	email	  	varchar(48),
	role	  	varchar(64),
	company	  	varchar(64),
	version	  	int,
	primary key(id)
) ENGINE=InnoDB DEFAULT CHARSET=utf8;
insert into cust_svc_rep_data values
('CSR000001','philip_chang@174.com36700','R000003','SC000001','1'),
('CSR000002','philip_chang@174.com36701','R000002','SC000004','1'),
('CSR000003','philip_chang@174.com36702','R000004','SC000001','1'),
('CSR000004','philip_chang@174.com36703','R000004','SC000002','1'),
('CSR000005','philip_chang@174.com36704','R000005','SC000004','1'),
('CSR000006','philip_chang@174.com36705','R000003','SC000005','1'),
('CSR000007','philip_chang@174.com36706','R000003','SC000004','1'),
('CSR000008','philip_chang@174.com36707','R000004','SC000002','1'),
('CSR000009','philip_chang@174.com36708','R000003','SC000004','1'),
('CSR000010','philip_chang@174.com36709','R000005','SC000005','1'),
('CSR000011','philip_chang@174.com36710','R000004','SC000002','1'),
('CSR000012','philip_chang@174.com36711','R000005','SC000005','1'),
('CSR000013','philip_chang@174.com36712','R000002','SC000001','1'),
('CSR000014','philip_chang@174.com36713','R000003','SC000004','1'),
('CSR000015','philip_chang@174.com36714','R000005','SC000005','1'),
('CSR000016','philip_chang@174.com36715','R000001','SC000001','1'),
('CSR000017','philip_chang@174.com36716','R000005','SC000003','1'),
('CSR000018','philip_chang@174.com36717','R000005','SC000004','1'),
('CSR000019','philip_chang@174.com36718','R000005','SC000004','1'),
('CSR000020','philip_chang@174.com36719','R000004','SC000002','1'),
('CSR000021','philip_chang@174.com36720','R000002','SC000001','1'),
('CSR000022','philip_chang@174.com36721','R000005','SC000005','1'),
('CSR000023','philip_chang@174.com36722','R000003','SC000004','1'),
('CSR000024','philip_chang@174.com36723','R000004','SC000003','1'),
('CSR000025','philip_chang@174.com36724','R000003','SC000005','1'),
('CSR000026','philip_chang@174.com36725','R000004','SC000002','1'),
('CSR000027','philip_chang@174.com36726','R000004','SC000005','1'),
('CSR000028','philip_chang@174.com36727','R000003','SC000001','1'),
('CSR000029','philip_chang@174.com36728','R000003','SC000003','1'),
('CSR000030','philip_chang@174.com36729','R000005','SC000001','1'),
('CSR000031','philip_chang@174.com36730','R000004','SC000005','1'),
('CSR000032','philip_chang@174.com36731','R000005','SC000003','1'),
('CSR000033','philip_chang@174.com36732','R000005','SC000002','1'),
('CSR000034','philip_chang@174.com36733','R000005','SC000004','1'),
('CSR000035','philip_chang@174.com36734','R000003','SC000005','1'),
('CSR000036','philip_chang@174.com36735','R000004','SC000004','1'),
('CSR000037','philip_chang@174.com36736','R000005','SC000004','1'),
('CSR000038','philip_chang@174.com36737','R000004','SC000002','1'),
('CSR000039','philip_chang@174.com36738','R000004','SC000003','1'),
('CSR000040','philip_chang@174.com36739','R000004','SC000003','1'),
('CSR000041','philip_chang@174.com36740','R000004','SC000002','1'),
('CSR000042','philip_chang@174.com36741','R000001','SC000003','1'),
('CSR000043','philip_chang@174.com36742','R000004','SC000005','1'),
('CSR000044','philip_chang@174.com36743','R000004','SC000003','1'),
('CSR000045','philip_chang@174.com36744','R000002','SC000004','1'),
('CSR000046','philip_chang@174.com36745','R000005','SC000005','1'),
('CSR000047','philip_chang@174.com36746','R000004','SC000005','1'),
('CSR000048','philip_chang@174.com36747','R000005','SC000003','1'),
('CSR000049','philip_chang@174.com36748','R000002','SC000003','1'),
('CSR000050','philip_chang@174.com36749','R000003','SC000005','1'),
('CSR000051','philip_chang@174.com36750','R000005','SC000005','1'),
('CSR000052','philip_chang@174.com36751','R000003','SC000004','1'),
('CSR000053','philip_chang@174.com36752','R000005','SC000002','1'),
('CSR000054','philip_chang@174.com36753','R000002','SC000001','1'),
('CSR000055','philip_chang@174.com36754','R000004','SC000003','1'),
('CSR000056','philip_chang@174.com36755','R000002','SC000003','1'),
('CSR000057','philip_chang@174.com36756','R000001','SC000002','1'),
('CSR000058','philip_chang@174.com36757','R000005','SC000005','1'),
('CSR000059','philip_chang@174.com36758','R000004','SC000004','1'),
('CSR000060','philip_chang@174.com36759','R000002','SC000005','1'),
('CSR000061','philip_chang@174.com36760','R000001','SC000005','1'),
('CSR000062','philip_chang@174.com36761','R000005','SC000003','1'),
('CSR000063','philip_chang@174.com36762','R000004','SC000001','1'),
('CSR000064','philip_chang@174.com36763','R000003','SC000005','1'),
('CSR000065','philip_chang@174.com36764','R000004','SC000001','1'),
('CSR000066','philip_chang@174.com36765','R000004','SC000004','1'),
('CSR000067','philip_chang@174.com36766','R000003','SC000003','1'),
('CSR000068','philip_chang@174.com36767','R000001','SC000004','1'),
('CSR000069','philip_chang@174.com36768','R000003','SC000001','1'),
('CSR000070','philip_chang@174.com36769','R000004','SC000003','1'),
('CSR000071','philip_chang@174.com36770','R000004','SC000003','1'),
('CSR000072','philip_chang@174.com36771','R000004','SC000005','1'),
('CSR000073','philip_chang@174.com36772','R000004','SC000004','1'),
('CSR000074','philip_chang@174.com36773','R000005','SC000002','1'),
('CSR000075','philip_chang@174.com36774','R000001','SC000003','1'),
('CSR000076','philip_chang@174.com36775','R000002','SC000003','1'),
('CSR000077','philip_chang@174.com36776','R000002','SC000004','1'),
('CSR000078','philip_chang@174.com36777','R000001','SC000002','1'),
('CSR000079','philip_chang@174.com36778','R000003','SC000005','1'),
('CSR000080','philip_chang@174.com36779','R000001','SC000004','1'),
('CSR000081','philip_chang@174.com36780','R000005','SC000003','1'),
('CSR000082','philip_chang@174.com36781','R000003','SC000002','1'),
('CSR000083','philip_chang@174.com36782','R000002','SC000001','1'),
('CSR000084','philip_chang@174.com36783','R000004','SC000005','1'),
('CSR000085','philip_chang@174.com36784','R000004','SC000005','1'),
('CSR000086','philip_chang@174.com36785','R000004','SC000002','1'),
('CSR000087','philip_chang@174.com36786','R000001','SC000001','1'),
('CSR000088','philip_chang@174.com36787','R000003','SC000001','1'),
('CSR000089','philip_chang@174.com36788','R000005','SC000001','1'),
('CSR000090','philip_chang@174.com36789','R000001','SC000001','1'),
('CSR000091','philip_chang@174.com36790','R000002','SC000002','1'),
('CSR000092','philip_chang@174.com36791','R000005','SC000001','1'),
('CSR000093','philip_chang@174.com36792','R000001','SC000005','1'),
('CSR000094','philip_chang@174.com36793','R000001','SC000001','1'),
('CSR000095','philip_chang@174.com36794','R000003','SC000005','1'),
('CSR000096','philip_chang@174.com36795','R000003','SC000001','1'),
('CSR000097','philip_chang@174.com36796','R000004','SC000004','1'),
('CSR000098','philip_chang@174.com36797','R000005','SC000001','1'),
('CSR000099','philip_chang@174.com36798','R000003','SC000003','1'),
('CSR000100','philip_chang@174.com36799','R000002','SC000003','1');



create unique index idx_buyer_company_version on buyer_company_data(id, version);

create unique index idx_seller_company_version on seller_company_data(id, version);

create unique index idx_shipping_address_version on shipping_address_data(id, version);

create unique index idx_billing_address_version on billing_address_data(id, version);

create index idx_billing_address_company on billing_address_data(company);
alter table billing_address_data add constraint fk_billing_address_company foreign key(company) references buyer_company_data(id);
create unique index idx_employee_version on employee_data(id, version);

create index idx_employee_company on employee_data(company);
alter table employee_data add constraint fk_employee_company foreign key(company) references buyer_company_data(id);
create unique index idx_role_version on role_data(id, version);

create unique index idx_assignment_version on assignment_data(id, version);

create index idx_assignment_user on assignment_data(user);
alter table assignment_data add constraint fk_assignment_user foreign key(user) references employee_data(id);
create index idx_assignment_access on assignment_data(access);
alter table assignment_data add constraint fk_assignment_access foreign key(access) references access_data(id);
create unique index idx_access_version on access_data(id, version);

create index idx_access_role on access_data(role);
alter table access_data add constraint fk_access_role foreign key(role) references role_data(id);
create unique index idx_order_version on order_data(id, version);

create index idx_order_buyer on order_data(buyer);
alter table order_data add constraint fk_order_buyer foreign key(buyer) references buyer_company_data(id);
create index idx_order_seller on order_data(seller);
alter table order_data add constraint fk_order_seller foreign key(seller) references seller_company_data(id);
create unique index idx_line_item_version on line_item_data(id, version);

create index idx_line_item_biz_order on line_item_data(biz_order);
alter table line_item_data add constraint fk_line_item_biz_order foreign key(biz_order) references order_data(id);
create unique index idx_shipping_group_version on shipping_group_data(id, version);

create index idx_shipping_group_biz_order on shipping_group_data(biz_order);
alter table shipping_group_data add constraint fk_shipping_group_biz_order foreign key(biz_order) references order_data(id);
create index idx_shipping_group_address on shipping_group_data(address);
alter table shipping_group_data add constraint fk_shipping_group_address foreign key(address) references shipping_address_data(id);
create unique index idx_payment_group_version on payment_group_data(id, version);

create index idx_payment_group_biz_order on payment_group_data(biz_order);
alter table payment_group_data add constraint fk_payment_group_biz_order foreign key(biz_order) references order_data(id);
create index idx_payment_group_billing_address on payment_group_data(billing_address);
alter table payment_group_data add constraint fk_payment_group_billing_address foreign key(billing_address) references billing_address_data(id);
create unique index idx_cust_svc_rep_version on cust_svc_rep_data(id, version);

create index idx_cust_svc_rep_role on cust_svc_rep_data(role);
alter table cust_svc_rep_data add constraint fk_cust_svc_rep_role foreign key(role) references role_data(id);
create index idx_cust_svc_rep_company on cust_svc_rep_data(company);
alter table cust_svc_rep_data add constraint fk_cust_svc_rep_company foreign key(company) references seller_company_data(id);




#---------------------------end database---------------------------------








